timestamp,signalId,regionId,seaSurfaceAnomalyC,uvIndex,anomalyVsBaselineC,provenance
2026-05-01T00:00:00Z,SIG-ENSO-2026-07,REG-COASTAL,1.4,5.134,0.647,external
2026-05-01T00:00:00Z,SIG-ENSO-2026-07,REG-SOUTH,1.4,4.957,0.647,external
2026-05-01T00:00:00Z,SIG-ENSO-2026-07,REG-DELTA,1.4,5.59,0.647,external
2026-05-01T00:00:00Z,SIG-ENSO-2026-07,REG-ISLAND,1.4,4.952,0.647,external
2026-05-01T00:00:00Z,SIG-ENSO-2026-07,REG-NORTH,1.4,1.3,-0.004,external
2026-05-01T00:00:00Z,SIG-ENSO-2026-07,REG-CENTRAL,1.4,2.378,0,external
2026-05-02T00:00:00Z,SIG-ENSO-2026-07,REG-COASTAL,1.4,5.043,0.669,external
2026-05-02T00:00:00Z,SIG-ENSO-2026-07,REG-SOUTH,1.4,5.033,0.669,external
2026-05-02T00:00:00Z,SIG-ENSO-2026-07,REG-DELTA,1.4,4.733,0.669,external
2026-05-02T00:00:00Z,SIG-ENSO-2026-07,REG-ISLAND,1.4,6.105,0.669,external
2026-05-02T00:00:00Z,SIG-ENSO-2026-07,REG-NORTH,1.4,1.323,-0.006,external
2026-05-02T00:00:00Z,SIG-ENSO-2026-07,REG-CENTRAL,1.4,2.6,0,external
2026-05-03T00:00:00Z,SIG-ENSO-2026-07,REG-COASTAL,1.4,5.164,0.691,external
2026-05-03T00:00:00Z,SIG-ENSO-2026-07,REG-SOUTH,1.4,5.152,0.691,external
2026-05-03T00:00:00Z,SIG-ENSO-2026-07,REG-DELTA,1.4,5.714,0.691,external
2026-05-03T00:00:00Z,SIG-ENSO-2026-07,REG-ISLAND,1.4,5.911,0.691,external
2026-05-03T00:00:00Z,SIG-ENSO-2026-07,REG-NORTH,1.4,1.47,-0.007,external
2026-05-03T00:00:00Z,SIG-ENSO-2026-07,REG-CENTRAL,1.4,2.432,0,external
2026-05-04T00:00:00Z,SIG-ENSO-2026-07,REG-COASTAL,1.4,5.317,0.714,external
2026-05-04T00:00:00Z,SIG-ENSO-2026-07,REG-SOUTH,1.4,5.141,0.714,external
2026-05-04T00:00:00Z,SIG-ENSO-2026-07,REG-DELTA,1.4,5.781,0.714,external
2026-05-04T00:00:00Z,SIG-ENSO-2026-07,REG-ISLAND,1.4,6.044,0.714,external
2026-05-04T00:00:00Z,SIG-ENSO-2026-07,REG-NORTH,1.4,1.543,-0.008,external
2026-05-04T00:00:00Z,SIG-ENSO-2026-07,REG-CENTRAL,1.4,2.648,0,external
2026-05-05T00:00:00Z,SIG-ENSO-2026-07,REG-COASTAL,1.4,5.406,0.736,external
2026-05-05T00:00:00Z,SIG-ENSO-2026-07,REG-SOUTH,1.4,5.244,0.736,external
2026-05-05T00:00:00Z,SIG-ENSO-2026-07,REG-DELTA,1.4,5.848,0.736,external
2026-05-05T00:00:00Z,SIG-ENSO-2026-07,REG-ISLAND,1.4,6.406,0.736,external
2026-05-05T00:00:00Z,SIG-ENSO-2026-07,REG-NORTH,1.4,1.396,-0.01,external
2026-05-05T00:00:00Z,SIG-ENSO-2026-07,REG-CENTRAL,1.4,2.777,0,external
2026-05-06T00:00:00Z,SIG-ENSO-2026-07,REG-COASTAL,1.4,4.353,0.759,external
2026-05-06T00:00:00Z,SIG-ENSO-2026-07,REG-SOUTH,1.4,5.158,0.759,external
2026-05-06T00:00:00Z,SIG-ENSO-2026-07,REG-DELTA,1.4,4.869,0.759,external
2026-05-06T00:00:00Z,SIG-ENSO-2026-07,REG-ISLAND,1.4,5.313,0.759,external
2026-05-06T00:00:00Z,SIG-ENSO-2026-07,REG-NORTH,1.4,1.454,-0.011,external
2026-05-06T00:00:00Z,SIG-ENSO-2026-07,REG-CENTRAL,1.4,2.795,0,external
2026-05-07T00:00:00Z,SIG-ENSO-2026-07,REG-COASTAL,1.4,5.519,0.782,external
2026-05-07T00:00:00Z,SIG-ENSO-2026-07,REG-SOUTH,1.4,5.316,0.782,external
2026-05-07T00:00:00Z,SIG-ENSO-2026-07,REG-DELTA,1.4,5.881,0.782,external
2026-05-07T00:00:00Z,SIG-ENSO-2026-07,REG-ISLAND,1.4,6.226,0.782,external
2026-05-07T00:00:00Z,SIG-ENSO-2026-07,REG-NORTH,1.4,0.466,-0.013,external
2026-05-07T00:00:00Z,SIG-ENSO-2026-07,REG-CENTRAL,1.4,2.77,0,external
2026-05-08T00:00:00Z,SIG-ENSO-2026-07,REG-COASTAL,1.4,5.702,0.805,external
2026-05-08T00:00:00Z,SIG-ENSO-2026-07,REG-SOUTH,1.4,5.409,0.805,external
2026-05-08T00:00:00Z,SIG-ENSO-2026-07,REG-DELTA,1.4,4.836,0.805,external
2026-05-08T00:00:00Z,SIG-ENSO-2026-07,REG-ISLAND,1.4,5.352,0.805,external
2026-05-08T00:00:00Z,SIG-ENSO-2026-07,REG-NORTH,1.4,1.728,-0.014,external
2026-05-08T00:00:00Z,SIG-ENSO-2026-07,REG-CENTRAL,1.4,2.825,0,external
2026-05-09T00:00:00Z,SIG-ENSO-2026-07,REG-COASTAL,1.4,5.601,0.828,external
2026-05-09T00:00:00Z,SIG-ENSO-2026-07,REG-SOUTH,1.4,5.35,0.828,external
2026-05-09T00:00:00Z,SIG-ENSO-2026-07,REG-DELTA,1.4,5.946,0.828,external
2026-05-09T00:00:00Z,SIG-ENSO-2026-07,REG-ISLAND,1.4,6.641,0.828,external
2026-05-09T00:00:00Z,SIG-ENSO-2026-07,REG-NORTH,1.4,1.685,-0.016,external
2026-05-09T00:00:00Z,SIG-ENSO-2026-07,REG-CENTRAL,1.4,2.938,0,external
2026-05-10T00:00:00Z,SIG-ENSO-2026-07,REG-COASTAL,1.4,5.712,0.851,external
2026-05-10T00:00:00Z,SIG-ENSO-2026-07,REG-SOUTH,1.4,5.595,0.851,external
2026-05-10T00:00:00Z,SIG-ENSO-2026-07,REG-DELTA,1.4,6.101,0.851,external
2026-05-10T00:00:00Z,SIG-ENSO-2026-07,REG-ISLAND,1.4,5.522,0.851,external
2026-05-10T00:00:00Z,SIG-ENSO-2026-07,REG-NORTH,1.4,0.742,-0.017,external
2026-05-10T00:00:00Z,SIG-ENSO-2026-07,REG-CENTRAL,1.4,1.887,0,external
2026-05-11T00:00:00Z,SIG-ENSO-2026-07,REG-COASTAL,1.4,5.897,0.874,external
2026-05-11T00:00:00Z,SIG-ENSO-2026-07,REG-SOUTH,1.4,5.559,0.874,external
2026-05-11T00:00:00Z,SIG-ENSO-2026-07,REG-DELTA,1.4,5.008,0.874,external
2026-05-11T00:00:00Z,SIG-ENSO-2026-07,REG-ISLAND,1.4,6.593,0.874,external
2026-05-11T00:00:00Z,SIG-ENSO-2026-07,REG-NORTH,1.4,0.854,-0.018,external
2026-05-11T00:00:00Z,SIG-ENSO-2026-07,REG-CENTRAL,1.4,2.079,0,external
2026-05-12T00:00:00Z,SIG-ENSO-2026-07,REG-COASTAL,1.4,4.81,0.896,external
2026-05-12T00:00:00Z,SIG-ENSO-2026-07,REG-SOUTH,1.4,5.532,0.896,external
2026-05-12T00:00:00Z,SIG-ENSO-2026-07,REG-DELTA,1.4,5.259,0.896,external
2026-05-12T00:00:00Z,SIG-ENSO-2026-07,REG-ISLAND,1.4,6.707,0.896,external
2026-05-12T00:00:00Z,SIG-ENSO-2026-07,REG-NORTH,1.4,0.901,-0.02,external
2026-05-12T00:00:00Z,SIG-ENSO-2026-07,REG-CENTRAL,1.4,3.124,0,external
2026-05-13T00:00:00Z,SIG-ENSO-2026-07,REG-COASTAL,1.4,5.868,0.919,external
2026-05-13T00:00:00Z,SIG-ENSO-2026-07,REG-SOUTH,1.4,4.747,0.919,external
2026-05-13T00:00:00Z,SIG-ENSO-2026-07,REG-DELTA,1.4,6.516,0.919,external
2026-05-13T00:00:00Z,SIG-ENSO-2026-07,REG-ISLAND,1.4,5.763,0.919,external
2026-05-13T00:00:00Z,SIG-ENSO-2026-07,REG-NORTH,1.4,2.085,-0.021,external
2026-05-13T00:00:00Z,SIG-ENSO-2026-07,REG-CENTRAL,1.4,3.227,0,external
2026-05-14T00:00:00Z,SIG-ENSO-2026-07,REG-COASTAL,1.4,6,0.941,external
2026-05-14T00:00:00Z,SIG-ENSO-2026-07,REG-SOUTH,1.4,5.737,0.941,external
2026-05-14T00:00:00Z,SIG-ENSO-2026-07,REG-DELTA,1.4,6.361,0.941,external
2026-05-14T00:00:00Z,SIG-ENSO-2026-07,REG-ISLAND,1.4,6.968,0.941,external
2026-05-14T00:00:00Z,SIG-ENSO-2026-07,REG-NORTH,1.4,1.016,-0.022,external
2026-05-14T00:00:00Z,SIG-ENSO-2026-07,REG-CENTRAL,1.4,2.268,0,external
2026-05-15T00:00:00Z,SIG-ENSO-2026-07,REG-COASTAL,1.4,5.027,0.963,external
2026-05-15T00:00:00Z,SIG-ENSO-2026-07,REG-SOUTH,1.4,5.868,0.963,external
2026-05-15T00:00:00Z,SIG-ENSO-2026-07,REG-DELTA,1.4,6.354,0.963,external
2026-05-15T00:00:00Z,SIG-ENSO-2026-07,REG-ISLAND,1.4,5.985,0.963,external
2026-05-15T00:00:00Z,SIG-ENSO-2026-07,REG-NORTH,1.4,2.08,-0.023,external
2026-05-15T00:00:00Z,SIG-ENSO-2026-07,REG-CENTRAL,1.4,3.377,0,external
2026-05-16T00:00:00Z,SIG-ENSO-2026-07,REG-COASTAL,1.4,4.888,0.986,external
2026-05-16T00:00:00Z,SIG-ENSO-2026-07,REG-SOUTH,1.4,5.836,0.986,external
2026-05-16T00:00:00Z,SIG-ENSO-2026-07,REG-DELTA,1.4,6.541,0.986,external
2026-05-16T00:00:00Z,SIG-ENSO-2026-07,REG-ISLAND,1.4,7.246,0.986,external
2026-05-16T00:00:00Z,SIG-ENSO-2026-07,REG-NORTH,1.4,1.303,-0.024,external
2026-05-16T00:00:00Z,SIG-ENSO-2026-07,REG-CENTRAL,1.4,3.371,0,external
2026-05-17T00:00:00Z,SIG-ENSO-2026-07,REG-COASTAL,1.4,6.081,1.007,external
2026-05-17T00:00:00Z,SIG-ENSO-2026-07,REG-SOUTH,1.4,5.951,1.007,external
2026-05-17T00:00:00Z,SIG-ENSO-2026-07,REG-DELTA,1.4,5.542,1.007,external
2026-05-17T00:00:00Z,SIG-ENSO-2026-07,REG-ISLAND,1.4,6.08,1.007,external
2026-05-17T00:00:00Z,SIG-ENSO-2026-07,REG-NORTH,1.4,1.244,-0.025,external
2026-05-17T00:00:00Z,SIG-ENSO-2026-07,REG-CENTRAL,1.4,3.382,0,external
2026-05-18T00:00:00Z,SIG-ENSO-2026-07,REG-COASTAL,1.4,6.243,1.029,external
2026-05-18T00:00:00Z,SIG-ENSO-2026-07,REG-SOUTH,1.4,6.031,1.029,external
2026-05-18T00:00:00Z,SIG-ENSO-2026-07,REG-DELTA,1.4,5.559,1.029,external
2026-05-18T00:00:00Z,SIG-ENSO-2026-07,REG-ISLAND,1.4,6.272,1.029,external
2026-05-18T00:00:00Z,SIG-ENSO-2026-07,REG-NORTH,1.4,2.359,-0.026,external
2026-05-18T00:00:00Z,SIG-ENSO-2026-07,REG-CENTRAL,1.4,3.438,0,external
2026-05-19T00:00:00Z,SIG-ENSO-2026-07,REG-COASTAL,1.4,6.399,1.05,external
2026-05-19T00:00:00Z,SIG-ENSO-2026-07,REG-SOUTH,1.4,6.105,1.05,external
2026-05-19T00:00:00Z,SIG-ENSO-2026-07,REG-DELTA,1.4,6.746,1.05,external
2026-05-19T00:00:00Z,SIG-ENSO-2026-07,REG-ISLAND,1.4,7.447,1.05,external
2026-05-19T00:00:00Z,SIG-ENSO-2026-07,REG-NORTH,1.4,2.372,-0.027,external
2026-05-19T00:00:00Z,SIG-ENSO-2026-07,REG-CENTRAL,1.4,3.493,0,external
2026-05-20T00:00:00Z,SIG-ENSO-2026-07,REG-COASTAL,1.4,6.545,1.071,external
2026-05-20T00:00:00Z,SIG-ENSO-2026-07,REG-SOUTH,1.4,5.133,1.071,external
2026-05-20T00:00:00Z,SIG-ENSO-2026-07,REG-DELTA,1.4,6.895,1.071,external
2026-05-20T00:00:00Z,SIG-ENSO-2026-07,REG-ISLAND,1.4,7.557,1.071,external
2026-05-20T00:00:00Z,SIG-ENSO-2026-07,REG-NORTH,1.4,1.434,-0.028,external
2026-05-20T00:00:00Z,SIG-ENSO-2026-07,REG-CENTRAL,1.4,3.501,0,external
2026-05-21T00:00:00Z,SIG-ENSO-2026-07,REG-COASTAL,1.4,6.47,1.091,external
2026-05-21T00:00:00Z,SIG-ENSO-2026-07,REG-SOUTH,1.4,6.319,1.091,external
2026-05-21T00:00:00Z,SIG-ENSO-2026-07,REG-DELTA,1.4,6.918,1.091,external
2026-05-21T00:00:00Z,SIG-ENSO-2026-07,REG-ISLAND,1.4,6.681,1.091,external
2026-05-21T00:00:00Z,SIG-ENSO-2026-07,REG-NORTH,1.4,1.514,-0.029,external
2026-05-21T00:00:00Z,SIG-ENSO-2026-07,REG-CENTRAL,1.4,2.492,0,external
2026-05-22T00:00:00Z,SIG-ENSO-2026-07,REG-COASTAL,1.4,6.663,1.112,external
2026-05-22T00:00:00Z,SIG-ENSO-2026-07,REG-SOUTH,1.4,5.407,1.112,external
2026-05-22T00:00:00Z,SIG-ENSO-2026-07,REG-DELTA,1.4,6.064,1.112,external
2026-05-22T00:00:00Z,SIG-ENSO-2026-07,REG-ISLAND,1.4,7.635,1.112,external
2026-05-22T00:00:00Z,SIG-ENSO-2026-07,REG-NORTH,1.4,2.537,-0.03,external
2026-05-22T00:00:00Z,SIG-ENSO-2026-07,REG-CENTRAL,1.4,3.447,0,external
2026-05-23T00:00:00Z,SIG-ENSO-2026-07,REG-COASTAL,1.4,6.73,1.131,external
2026-05-23T00:00:00Z,SIG-ENSO-2026-07,REG-SOUTH,1.4,6.491,1.131,external
2026-05-23T00:00:00Z,SIG-ENSO-2026-07,REG-DELTA,1.4,7.057,1.131,external
2026-05-23T00:00:00Z,SIG-ENSO-2026-07,REG-ISLAND,1.4,7.885,1.131,external
2026-05-23T00:00:00Z,SIG-ENSO-2026-07,REG-NORTH,1.4,2.593,-0.031,external
2026-05-23T00:00:00Z,SIG-ENSO-2026-07,REG-CENTRAL,1.4,3.631,0,external
2026-05-24T00:00:00Z,SIG-ENSO-2026-07,REG-COASTAL,1.4,6.707,1.151,external
2026-05-24T00:00:00Z,SIG-ENSO-2026-07,REG-SOUTH,1.4,6.727,1.151,external
2026-05-24T00:00:00Z,SIG-ENSO-2026-07,REG-DELTA,1.4,7.372,1.151,external
2026-05-24T00:00:00Z,SIG-ENSO-2026-07,REG-ISLAND,1.4,6.727,1.151,external
2026-05-24T00:00:00Z,SIG-ENSO-2026-07,REG-NORTH,1.4,2.665,-0.031,external
2026-05-24T00:00:00Z,SIG-ENSO-2026-07,REG-CENTRAL,1.4,3.672,0,external
2026-05-25T00:00:00Z,SIG-ENSO-2026-07,REG-COASTAL,1.4,6.688,1.169,external
2026-05-25T00:00:00Z,SIG-ENSO-2026-07,REG-SOUTH,1.4,6.646,1.169,external
2026-05-25T00:00:00Z,SIG-ENSO-2026-07,REG-DELTA,1.4,7.324,1.169,external
2026-05-25T00:00:00Z,SIG-ENSO-2026-07,REG-ISLAND,1.4,6.834,1.169,external
2026-05-25T00:00:00Z,SIG-ENSO-2026-07,REG-NORTH,1.4,2.777,-0.032,external
2026-05-25T00:00:00Z,SIG-ENSO-2026-07,REG-CENTRAL,1.4,3.61,0,external
2026-05-26T00:00:00Z,SIG-ENSO-2026-07,REG-COASTAL,1.4,6.901,1.188,external
2026-05-26T00:00:00Z,SIG-ENSO-2026-07,REG-SOUTH,1.4,6.678,1.188,external
2026-05-26T00:00:00Z,SIG-ENSO-2026-07,REG-DELTA,1.4,6.284,1.188,external
2026-05-26T00:00:00Z,SIG-ENSO-2026-07,REG-ISLAND,1.4,8.063,1.188,external
2026-05-26T00:00:00Z,SIG-ENSO-2026-07,REG-NORTH,1.4,2.838,-0.033,external
2026-05-26T00:00:00Z,SIG-ENSO-2026-07,REG-CENTRAL,1.4,3.762,0,external
2026-05-27T00:00:00Z,SIG-ENSO-2026-07,REG-COASTAL,1.4,5.777,1.205,external
2026-05-27T00:00:00Z,SIG-ENSO-2026-07,REG-SOUTH,1.4,6.974,1.205,external
2026-05-27T00:00:00Z,SIG-ENSO-2026-07,REG-DELTA,1.4,7.544,1.205,external
2026-05-27T00:00:00Z,SIG-ENSO-2026-07,REG-ISLAND,1.4,8.281,1.205,external
2026-05-27T00:00:00Z,SIG-ENSO-2026-07,REG-NORTH,1.4,2.797,-0.033,external
2026-05-27T00:00:00Z,SIG-ENSO-2026-07,REG-CENTRAL,1.4,2.684,0,external
2026-05-28T00:00:00Z,SIG-ENSO-2026-07,REG-COASTAL,1.4,7.035,1.223,external
2026-05-28T00:00:00Z,SIG-ENSO-2026-07,REG-SOUTH,1.4,7.07,1.223,external
2026-05-28T00:00:00Z,SIG-ENSO-2026-07,REG-DELTA,1.4,6.561,1.223,external
2026-05-28T00:00:00Z,SIG-ENSO-2026-07,REG-ISLAND,1.4,8.318,1.223,external
2026-05-28T00:00:00Z,SIG-ENSO-2026-07,REG-NORTH,1.4,3.077,-0.034,external
2026-05-28T00:00:00Z,SIG-ENSO-2026-07,REG-CENTRAL,1.4,3.724,0,external
2026-05-29T00:00:00Z,SIG-ENSO-2026-07,REG-COASTAL,1.4,6.956,1.239,external
2026-05-29T00:00:00Z,SIG-ENSO-2026-07,REG-SOUTH,1.4,7.018,1.239,external
2026-05-29T00:00:00Z,SIG-ENSO-2026-07,REG-DELTA,1.4,7.804,1.239,external
2026-05-29T00:00:00Z,SIG-ENSO-2026-07,REG-ISLAND,1.4,7.173,1.239,external
2026-05-29T00:00:00Z,SIG-ENSO-2026-07,REG-NORTH,1.4,2.955,-0.034,external
2026-05-29T00:00:00Z,SIG-ENSO-2026-07,REG-CENTRAL,1.4,4.006,0,external
2026-05-30T00:00:00Z,SIG-ENSO-2026-07,REG-COASTAL,1.4,7.128,1.255,external
2026-05-30T00:00:00Z,SIG-ENSO-2026-07,REG-SOUTH,1.4,7.016,1.255,external
2026-05-30T00:00:00Z,SIG-ENSO-2026-07,REG-DELTA,1.4,6.696,1.255,external
2026-05-30T00:00:00Z,SIG-ENSO-2026-07,REG-ISLAND,1.4,8.33,1.255,external
2026-05-30T00:00:00Z,SIG-ENSO-2026-07,REG-NORTH,1.4,1.86,-0.034,external
2026-05-30T00:00:00Z,SIG-ENSO-2026-07,REG-CENTRAL,1.4,3.86,0,external
2026-05-31T00:00:00Z,SIG-ENSO-2026-07,REG-COASTAL,1.4,7.26,1.27,external
2026-05-31T00:00:00Z,SIG-ENSO-2026-07,REG-SOUTH,1.4,7.347,1.27,external
2026-05-31T00:00:00Z,SIG-ENSO-2026-07,REG-DELTA,1.4,8.018,1.27,external
2026-05-31T00:00:00Z,SIG-ENSO-2026-07,REG-ISLAND,1.4,8.407,1.27,external
2026-05-31T00:00:00Z,SIG-ENSO-2026-07,REG-NORTH,1.4,2.964,-0.035,external
2026-05-31T00:00:00Z,SIG-ENSO-2026-07,REG-CENTRAL,1.4,3.794,0,external
2026-06-01T00:00:00Z,SIG-ENSO-2026-07,REG-COASTAL,1.4,7.393,1.285,external
2026-06-01T00:00:00Z,SIG-ENSO-2026-07,REG-SOUTH,1.4,6.481,1.285,external
2026-06-01T00:00:00Z,SIG-ENSO-2026-07,REG-DELTA,1.4,8.087,1.285,external
2026-06-01T00:00:00Z,SIG-ENSO-2026-07,REG-ISLAND,1.4,7.46,1.285,external
2026-06-01T00:00:00Z,SIG-ENSO-2026-07,REG-NORTH,1.4,3.01,-0.035,external
2026-06-01T00:00:00Z,SIG-ENSO-2026-07,REG-CENTRAL,1.4,3.827,0,external
2026-06-02T00:00:00Z,SIG-ENSO-2026-07,REG-COASTAL,1.4,6.283,1.299,external
2026-06-02T00:00:00Z,SIG-ENSO-2026-07,REG-SOUTH,1.4,7.609,1.299,external
2026-06-02T00:00:00Z,SIG-ENSO-2026-07,REG-DELTA,1.4,8.263,1.299,external
2026-06-02T00:00:00Z,SIG-ENSO-2026-07,REG-ISLAND,1.4,8.448,1.299,external
2026-06-02T00:00:00Z,SIG-ENSO-2026-07,REG-NORTH,1.4,2.056,-0.035,external
2026-06-02T00:00:00Z,SIG-ENSO-2026-07,REG-CENTRAL,1.4,3.998,0,external
2026-06-03T00:00:00Z,SIG-ENSO-2026-07,REG-COASTAL,1.4,6.553,1.312,external
2026-06-03T00:00:00Z,SIG-ENSO-2026-07,REG-SOUTH,1.4,7.712,1.312,external
2026-06-03T00:00:00Z,SIG-ENSO-2026-07,REG-DELTA,1.4,7.342,1.312,external
2026-06-03T00:00:00Z,SIG-ENSO-2026-07,REG-ISLAND,1.4,8.699,1.312,external
2026-06-03T00:00:00Z,SIG-ENSO-2026-07,REG-NORTH,1.4,3.128,-0.035,external
2026-06-03T00:00:00Z,SIG-ENSO-2026-07,REG-CENTRAL,1.4,3.878,0,external
2026-06-04T00:00:00Z,SIG-ENSO-2026-07,REG-COASTAL,1.4,7.544,1.324,external
2026-06-04T00:00:00Z,SIG-ENSO-2026-07,REG-SOUTH,1.4,7.667,1.324,external
2026-06-04T00:00:00Z,SIG-ENSO-2026-07,REG-DELTA,1.4,8.323,1.324,external
2026-06-04T00:00:00Z,SIG-ENSO-2026-07,REG-ISLAND,1.4,8.537,1.324,external
2026-06-04T00:00:00Z,SIG-ENSO-2026-07,REG-NORTH,1.4,3.126,-0.035,external
2026-06-04T00:00:00Z,SIG-ENSO-2026-07,REG-CENTRAL,1.4,4.045,0,external
2026-06-05T00:00:00Z,SIG-ENSO-2026-07,REG-COASTAL,1.4,7.787,1.336,external
2026-06-05T00:00:00Z,SIG-ENSO-2026-07,REG-SOUTH,1.4,7.931,1.336,external
2026-06-05T00:00:00Z,SIG-ENSO-2026-07,REG-DELTA,1.4,8.55,1.336,external
2026-06-05T00:00:00Z,SIG-ENSO-2026-07,REG-ISLAND,1.4,8.799,1.336,external
2026-06-05T00:00:00Z,SIG-ENSO-2026-07,REG-NORTH,1.4,3.215,-0.035,external
2026-06-05T00:00:00Z,SIG-ENSO-2026-07,REG-CENTRAL,1.4,3.945,0,external
2026-06-06T00:00:00Z,SIG-ENSO-2026-07,REG-COASTAL,1.4,7.996,1.346,external
2026-06-06T00:00:00Z,SIG-ENSO-2026-07,REG-SOUTH,1.4,7.934,1.346,external
2026-06-06T00:00:00Z,SIG-ENSO-2026-07,REG-DELTA,1.4,7.449,1.346,external
2026-06-06T00:00:00Z,SIG-ENSO-2026-07,REG-ISLAND,1.4,8.714,1.346,external
2026-06-06T00:00:00Z,SIG-ENSO-2026-07,REG-NORTH,1.4,3.14,-0.035,external
2026-06-06T00:00:00Z,SIG-ENSO-2026-07,REG-CENTRAL,1.4,3.087,0,external
2026-06-07T00:00:00Z,SIG-ENSO-2026-07,REG-COASTAL,1.4,7.805,1.356,external
2026-06-07T00:00:00Z,SIG-ENSO-2026-07,REG-SOUTH,1.4,8.144,1.356,external
2026-06-07T00:00:00Z,SIG-ENSO-2026-07,REG-DELTA,1.4,7.362,1.356,external
2026-06-07T00:00:00Z,SIG-ENSO-2026-07,REG-ISLAND,1.4,8.948,1.356,external
2026-06-07T00:00:00Z,SIG-ENSO-2026-07,REG-NORTH,1.4,3.239,-0.035,external
2026-06-07T00:00:00Z,SIG-ENSO-2026-07,REG-CENTRAL,1.4,3.255,0,external
2026-06-08T00:00:00Z,SIG-ENSO-2026-07,REG-COASTAL,1.4,6.883,1.365,external
2026-06-08T00:00:00Z,SIG-ENSO-2026-07,REG-SOUTH,1.4,8.064,1.365,external
2026-06-08T00:00:00Z,SIG-ENSO-2026-07,REG-DELTA,1.4,8.679,1.365,external
2026-06-08T00:00:00Z,SIG-ENSO-2026-07,REG-ISLAND,1.4,7.783,1.365,external
2026-06-08T00:00:00Z,SIG-ENSO-2026-07,REG-NORTH,1.4,3.235,-0.034,external
2026-06-08T00:00:00Z,SIG-ENSO-2026-07,REG-CENTRAL,1.4,4.085,0,external
2026-06-09T00:00:00Z,SIG-ENSO-2026-07,REG-COASTAL,1.4,7.982,1.373,external
2026-06-09T00:00:00Z,SIG-ENSO-2026-07,REG-SOUTH,1.4,8.318,1.373,external
2026-06-09T00:00:00Z,SIG-ENSO-2026-07,REG-DELTA,1.4,8.799,1.373,external
2026-06-09T00:00:00Z,SIG-ENSO-2026-07,REG-ISLAND,1.4,8.793,1.373,external
2026-06-09T00:00:00Z,SIG-ENSO-2026-07,REG-NORTH,1.4,3.373,-0.034,external
2026-06-09T00:00:00Z,SIG-ENSO-2026-07,REG-CENTRAL,1.4,4.492,0,external
2026-06-10T00:00:00Z,SIG-ENSO-2026-07,REG-COASTAL,1.4,8.124,1.38,external
2026-06-10T00:00:00Z,SIG-ENSO-2026-07,REG-SOUTH,1.4,8.352,1.38,external
2026-06-10T00:00:00Z,SIG-ENSO-2026-07,REG-DELTA,1.4,7.588,1.38,external
2026-06-10T00:00:00Z,SIG-ENSO-2026-07,REG-ISLAND,1.4,8.955,1.38,external
2026-06-10T00:00:00Z,SIG-ENSO-2026-07,REG-NORTH,1.4,3.292,-0.034,external
2026-06-10T00:00:00Z,SIG-ENSO-2026-07,REG-CENTRAL,1.4,4.354,0,external
2026-06-11T00:00:00Z,SIG-ENSO-2026-07,REG-COASTAL,1.4,8.206,1.386,external
2026-06-11T00:00:00Z,SIG-ENSO-2026-07,REG-SOUTH,1.4,8.538,1.386,external
2026-06-11T00:00:00Z,SIG-ENSO-2026-07,REG-DELTA,1.4,8.99,1.386,external
2026-06-11T00:00:00Z,SIG-ENSO-2026-07,REG-ISLAND,1.4,9.068,1.386,external
2026-06-11T00:00:00Z,SIG-ENSO-2026-07,REG-NORTH,1.4,3.373,-0.033,external
2026-06-11T00:00:00Z,SIG-ENSO-2026-07,REG-CENTRAL,1.4,4.398,0,external
2026-06-12T00:00:00Z,SIG-ENSO-2026-07,REG-COASTAL,1.4,8.502,1.391,external
2026-06-12T00:00:00Z,SIG-ENSO-2026-07,REG-SOUTH,1.4,8.65,1.391,external
2026-06-12T00:00:00Z,SIG-ENSO-2026-07,REG-DELTA,1.4,8.847,1.391,external
2026-06-12T00:00:00Z,SIG-ENSO-2026-07,REG-ISLAND,1.4,8.942,1.391,external
2026-06-12T00:00:00Z,SIG-ENSO-2026-07,REG-NORTH,1.4,2.2,-0.033,external
2026-06-12T00:00:00Z,SIG-ENSO-2026-07,REG-CENTRAL,1.4,4.53,0,external
2026-06-13T00:00:00Z,SIG-ENSO-2026-07,REG-COASTAL,1.4,8.5,1.395,external
2026-06-13T00:00:00Z,SIG-ENSO-2026-07,REG-SOUTH,1.4,8.412,1.395,external
2026-06-13T00:00:00Z,SIG-ENSO-2026-07,REG-DELTA,1.4,8.956,1.395,external
2026-06-13T00:00:00Z,SIG-ENSO-2026-07,REG-ISLAND,1.4,9.085,1.395,external
2026-06-13T00:00:00Z,SIG-ENSO-2026-07,REG-NORTH,1.4,3.437,-0.032,external
2026-06-13T00:00:00Z,SIG-ENSO-2026-07,REG-CENTRAL,1.4,4.443,0,external
2026-06-14T00:00:00Z,SIG-ENSO-2026-07,REG-COASTAL,1.4,8.575,1.398,external
2026-06-14T00:00:00Z,SIG-ENSO-2026-07,REG-SOUTH,1.4,7.646,1.398,external
2026-06-14T00:00:00Z,SIG-ENSO-2026-07,REG-DELTA,1.4,8.974,1.398,external
2026-06-14T00:00:00Z,SIG-ENSO-2026-07,REG-ISLAND,1.4,9.127,1.398,external
2026-06-14T00:00:00Z,SIG-ENSO-2026-07,REG-NORTH,1.4,3.493,-0.031,external
2026-06-14T00:00:00Z,SIG-ENSO-2026-07,REG-CENTRAL,1.4,4.501,0,external
2026-06-15T00:00:00Z,SIG-ENSO-2026-07,REG-COASTAL,1.4,8.583,1.399,external
2026-06-15T00:00:00Z,SIG-ENSO-2026-07,REG-SOUTH,1.4,8.77,1.399,external
2026-06-15T00:00:00Z,SIG-ENSO-2026-07,REG-DELTA,1.4,7.957,1.399,external
2026-06-15T00:00:00Z,SIG-ENSO-2026-07,REG-ISLAND,1.4,8.893,1.399,external
2026-06-15T00:00:00Z,SIG-ENSO-2026-07,REG-NORTH,1.4,3.555,-0.031,external
2026-06-15T00:00:00Z,SIG-ENSO-2026-07,REG-CENTRAL,1.4,4.477,0,external
2026-06-16T00:00:00Z,SIG-ENSO-2026-07,REG-COASTAL,1.4,8.706,1.4,external
2026-06-16T00:00:00Z,SIG-ENSO-2026-07,REG-SOUTH,1.4,8.948,1.4,external
2026-06-16T00:00:00Z,SIG-ENSO-2026-07,REG-DELTA,1.4,9.068,1.4,external
2026-06-16T00:00:00Z,SIG-ENSO-2026-07,REG-ISLAND,1.4,7.842,1.4,external
2026-06-16T00:00:00Z,SIG-ENSO-2026-07,REG-NORTH,1.4,3.472,-0.03,external
2026-06-16T00:00:00Z,SIG-ENSO-2026-07,REG-CENTRAL,1.4,4.75,0,external
2026-06-17T00:00:00Z,SIG-ENSO-2026-07,REG-COASTAL,1.4,8.59,1.4,external
2026-06-17T00:00:00Z,SIG-ENSO-2026-07,REG-SOUTH,1.4,8.823,1.4,external
2026-06-17T00:00:00Z,SIG-ENSO-2026-07,REG-DELTA,1.4,8.082,1.4,external
2026-06-17T00:00:00Z,SIG-ENSO-2026-07,REG-ISLAND,1.4,9.15,1.4,external
2026-06-17T00:00:00Z,SIG-ENSO-2026-07,REG-NORTH,1.4,3.592,-0.029,external
2026-06-17T00:00:00Z,SIG-ENSO-2026-07,REG-CENTRAL,1.4,4.767,0,external
2026-06-18T00:00:00Z,SIG-ENSO-2026-07,REG-COASTAL,1.4,8.779,1.4,external
2026-06-18T00:00:00Z,SIG-ENSO-2026-07,REG-SOUTH,1.4,8.958,1.4,external
2026-06-18T00:00:00Z,SIG-ENSO-2026-07,REG-DELTA,1.4,9.133,1.4,external
2026-06-18T00:00:00Z,SIG-ENSO-2026-07,REG-ISLAND,1.4,9.085,1.4,external
2026-06-18T00:00:00Z,SIG-ENSO-2026-07,REG-NORTH,1.4,3.724,-0.028,external
2026-06-18T00:00:00Z,SIG-ENSO-2026-07,REG-CENTRAL,1.4,4.843,0,external
2026-06-19T00:00:00Z,SIG-ENSO-2026-07,REG-COASTAL,1.4,8.939,1.4,external
2026-06-19T00:00:00Z,SIG-ENSO-2026-07,REG-SOUTH,1.4,8.985,1.4,external
2026-06-19T00:00:00Z,SIG-ENSO-2026-07,REG-DELTA,1.4,9.143,1.4,external
2026-06-19T00:00:00Z,SIG-ENSO-2026-07,REG-ISLAND,1.4,9.083,1.4,external
2026-06-19T00:00:00Z,SIG-ENSO-2026-07,REG-NORTH,1.4,2.762,-0.027,external
2026-06-19T00:00:00Z,SIG-ENSO-2026-07,REG-CENTRAL,1.4,4.796,0,external
2026-06-20T00:00:00Z,SIG-ENSO-2026-07,REG-COASTAL,1.4,9.015,1.4,external
2026-06-20T00:00:00Z,SIG-ENSO-2026-07,REG-SOUTH,1.4,8.89,1.4,external
2026-06-20T00:00:00Z,SIG-ENSO-2026-07,REG-DELTA,1.4,9.262,1.4,external
2026-06-20T00:00:00Z,SIG-ENSO-2026-07,REG-ISLAND,1.4,9.11,1.4,external
2026-06-20T00:00:00Z,SIG-ENSO-2026-07,REG-NORTH,1.4,2.596,-0.026,external
2026-06-20T00:00:00Z,SIG-ENSO-2026-07,REG-CENTRAL,1.4,4.931,0,external
2026-06-21T00:00:00Z,SIG-ENSO-2026-07,REG-COASTAL,1.4,9.052,1.4,external
2026-06-21T00:00:00Z,SIG-ENSO-2026-07,REG-SOUTH,1.4,9.099,1.4,external
2026-06-21T00:00:00Z,SIG-ENSO-2026-07,REG-DELTA,1.4,8.007,1.4,external
2026-06-21T00:00:00Z,SIG-ENSO-2026-07,REG-ISLAND,1.4,8.153,1.4,external
2026-06-21T00:00:00Z,SIG-ENSO-2026-07,REG-NORTH,1.4,3.759,-0.025,external
2026-06-21T00:00:00Z,SIG-ENSO-2026-07,REG-CENTRAL,1.4,4.872,0,external
2026-06-22T00:00:00Z,SIG-ENSO-2026-07,REG-COASTAL,1.4,9,1.4,external
2026-06-22T00:00:00Z,SIG-ENSO-2026-07,REG-SOUTH,1.4,9.398,1.4,external
2026-06-22T00:00:00Z,SIG-ENSO-2026-07,REG-DELTA,1.4,9.261,1.4,external
2026-06-22T00:00:00Z,SIG-ENSO-2026-07,REG-ISLAND,1.4,8.105,1.4,external
2026-06-22T00:00:00Z,SIG-ENSO-2026-07,REG-NORTH,1.4,3.74,-0.024,external
2026-06-22T00:00:00Z,SIG-ENSO-2026-07,REG-CENTRAL,1.4,4.164,0,external
2026-06-23T00:00:00Z,SIG-ENSO-2026-07,REG-COASTAL,1.4,9.27,1.4,external
2026-06-23T00:00:00Z,SIG-ENSO-2026-07,REG-SOUTH,1.4,9.158,1.4,external
2026-06-23T00:00:00Z,SIG-ENSO-2026-07,REG-DELTA,1.4,8.204,1.4,external
2026-06-23T00:00:00Z,SIG-ENSO-2026-07,REG-ISLAND,1.4,9.196,1.4,external
2026-06-23T00:00:00Z,SIG-ENSO-2026-07,REG-NORTH,1.4,3.771,-0.023,external
2026-06-23T00:00:00Z,SIG-ENSO-2026-07,REG-CENTRAL,1.4,5.242,0,external
2026-06-24T00:00:00Z,SIG-ENSO-2026-07,REG-COASTAL,1.4,9.116,1.4,external
2026-06-24T00:00:00Z,SIG-ENSO-2026-07,REG-SOUTH,1.4,9.292,1.4,external
2026-06-24T00:00:00Z,SIG-ENSO-2026-07,REG-DELTA,1.4,9.308,1.4,external
2026-06-24T00:00:00Z,SIG-ENSO-2026-07,REG-ISLAND,1.4,9.072,1.4,external
2026-06-24T00:00:00Z,SIG-ENSO-2026-07,REG-NORTH,1.4,3.879,-0.022,external
2026-06-24T00:00:00Z,SIG-ENSO-2026-07,REG-CENTRAL,1.4,5.307,0,external
2026-06-25T00:00:00Z,SIG-ENSO-2026-07,REG-COASTAL,1.4,9.312,1.4,external
2026-06-25T00:00:00Z,SIG-ENSO-2026-07,REG-SOUTH,1.4,9.331,1.4,external
2026-06-25T00:00:00Z,SIG-ENSO-2026-07,REG-DELTA,1.4,8.146,1.4,external
2026-06-25T00:00:00Z,SIG-ENSO-2026-07,REG-ISLAND,1.4,9.254,1.4,external
2026-06-25T00:00:00Z,SIG-ENSO-2026-07,REG-NORTH,1.4,4.114,-0.021,external
2026-06-25T00:00:00Z,SIG-ENSO-2026-07,REG-CENTRAL,1.4,5.413,0,external
2026-06-26T00:00:00Z,SIG-ENSO-2026-07,REG-COASTAL,1.4,9.397,1.4,external
2026-06-26T00:00:00Z,SIG-ENSO-2026-07,REG-SOUTH,1.4,9.339,1.4,external
2026-06-26T00:00:00Z,SIG-ENSO-2026-07,REG-DELTA,1.4,9.244,1.4,external
2026-06-26T00:00:00Z,SIG-ENSO-2026-07,REG-ISLAND,1.4,8.135,1.4,external
2026-06-26T00:00:00Z,SIG-ENSO-2026-07,REG-NORTH,1.4,4.306,-0.02,external
2026-06-26T00:00:00Z,SIG-ENSO-2026-07,REG-CENTRAL,1.4,4.418,0,external
2026-06-27T00:00:00Z,SIG-ENSO-2026-07,REG-COASTAL,1.4,9.445,1.4,external
2026-06-27T00:00:00Z,SIG-ENSO-2026-07,REG-SOUTH,1.4,9.418,1.4,external
2026-06-27T00:00:00Z,SIG-ENSO-2026-07,REG-DELTA,1.4,9.403,1.4,external
2026-06-27T00:00:00Z,SIG-ENSO-2026-07,REG-ISLAND,1.4,9.344,1.4,external
2026-06-27T00:00:00Z,SIG-ENSO-2026-07,REG-NORTH,1.4,4.097,-0.018,external
2026-06-27T00:00:00Z,SIG-ENSO-2026-07,REG-CENTRAL,1.4,5.531,0,external
2026-06-28T00:00:00Z,SIG-ENSO-2026-07,REG-COASTAL,1.4,9.583,1.4,external
2026-06-28T00:00:00Z,SIG-ENSO-2026-07,REG-SOUTH,1.4,9.371,1.4,external
2026-06-28T00:00:00Z,SIG-ENSO-2026-07,REG-DELTA,1.4,8.096,1.4,external
2026-06-28T00:00:00Z,SIG-ENSO-2026-07,REG-ISLAND,1.4,9.27,1.4,external
2026-06-28T00:00:00Z,SIG-ENSO-2026-07,REG-NORTH,1.4,4.249,-0.017,external
2026-06-28T00:00:00Z,SIG-ENSO-2026-07,REG-CENTRAL,1.4,5.478,0,external
2026-06-29T00:00:00Z,SIG-ENSO-2026-07,REG-COASTAL,1.4,9.582,1.4,external
2026-06-29T00:00:00Z,SIG-ENSO-2026-07,REG-SOUTH,1.4,9.705,1.4,external
2026-06-29T00:00:00Z,SIG-ENSO-2026-07,REG-DELTA,1.4,9.368,1.4,external
2026-06-29T00:00:00Z,SIG-ENSO-2026-07,REG-ISLAND,1.4,9.417,1.4,external
2026-06-29T00:00:00Z,SIG-ENSO-2026-07,REG-NORTH,1.4,4.255,-0.016,external
2026-06-29T00:00:00Z,SIG-ENSO-2026-07,REG-CENTRAL,1.4,5.723,0,external
2026-06-30T00:00:00Z,SIG-ENSO-2026-07,REG-COASTAL,1.4,8.663,1.4,external
2026-06-30T00:00:00Z,SIG-ENSO-2026-07,REG-SOUTH,1.4,8.548,1.4,external
2026-06-30T00:00:00Z,SIG-ENSO-2026-07,REG-DELTA,1.4,8.358,1.4,external
2026-06-30T00:00:00Z,SIG-ENSO-2026-07,REG-ISLAND,1.4,9.406,1.4,external
2026-06-30T00:00:00Z,SIG-ENSO-2026-07,REG-NORTH,1.4,4.452,-0.014,external
2026-06-30T00:00:00Z,SIG-ENSO-2026-07,REG-CENTRAL,1.4,5.662,0,external
2026-07-01T00:00:00Z,SIG-ENSO-2026-07,REG-COASTAL,1.4,9.729,1.4,external
2026-07-01T00:00:00Z,SIG-ENSO-2026-07,REG-SOUTH,1.4,9.541,1.4,external
2026-07-01T00:00:00Z,SIG-ENSO-2026-07,REG-DELTA,1.4,9.388,1.4,external
2026-07-01T00:00:00Z,SIG-ENSO-2026-07,REG-ISLAND,1.4,9.56,1.4,external
2026-07-01T00:00:00Z,SIG-ENSO-2026-07,REG-NORTH,1.4,4.416,-0.013,external
2026-07-01T00:00:00Z,SIG-ENSO-2026-07,REG-CENTRAL,1.4,5.887,0,external
2026-07-02T00:00:00Z,SIG-ENSO-2026-07,REG-COASTAL,1.4,9.836,1.4,external
2026-07-02T00:00:00Z,SIG-ENSO-2026-07,REG-SOUTH,1.4,9.633,1.4,external
2026-07-02T00:00:00Z,SIG-ENSO-2026-07,REG-DELTA,1.4,8.35,1.4,external
2026-07-02T00:00:00Z,SIG-ENSO-2026-07,REG-ISLAND,1.4,8.535,1.4,external
2026-07-02T00:00:00Z,SIG-ENSO-2026-07,REG-NORTH,1.4,3.593,-0.011,external
2026-07-02T00:00:00Z,SIG-ENSO-2026-07,REG-CENTRAL,1.4,5.762,0,external
2026-07-03T00:00:00Z,SIG-ENSO-2026-07,REG-COASTAL,1.4,9.696,1.4,external
2026-07-03T00:00:00Z,SIG-ENSO-2026-07,REG-SOUTH,1.4,9.577,1.4,external
2026-07-03T00:00:00Z,SIG-ENSO-2026-07,REG-DELTA,1.4,9.425,1.4,external
2026-07-03T00:00:00Z,SIG-ENSO-2026-07,REG-ISLAND,1.4,9.548,1.4,external
2026-07-03T00:00:00Z,SIG-ENSO-2026-07,REG-NORTH,1.4,4.62,-0.01,external
2026-07-03T00:00:00Z,SIG-ENSO-2026-07,REG-CENTRAL,1.4,5.932,0,external
2026-07-04T00:00:00Z,SIG-ENSO-2026-07,REG-COASTAL,1.4,8.724,1.4,external
2026-07-04T00:00:00Z,SIG-ENSO-2026-07,REG-SOUTH,1.4,9.553,1.4,external
2026-07-04T00:00:00Z,SIG-ENSO-2026-07,REG-DELTA,1.4,9.32,1.4,external
2026-07-04T00:00:00Z,SIG-ENSO-2026-07,REG-ISLAND,1.4,9.538,1.4,external
2026-07-04T00:00:00Z,SIG-ENSO-2026-07,REG-NORTH,1.4,4.699,-0.008,external
2026-07-04T00:00:00Z,SIG-ENSO-2026-07,REG-CENTRAL,1.4,5.983,0,external
2026-07-05T00:00:00Z,SIG-ENSO-2026-07,REG-COASTAL,1.4,9.915,1.4,external
2026-07-05T00:00:00Z,SIG-ENSO-2026-07,REG-SOUTH,1.4,9.593,1.4,external
2026-07-05T00:00:00Z,SIG-ENSO-2026-07,REG-DELTA,1.4,9.599,1.4,external
2026-07-05T00:00:00Z,SIG-ENSO-2026-07,REG-ISLAND,1.4,9.663,1.4,external
2026-07-05T00:00:00Z,SIG-ENSO-2026-07,REG-NORTH,1.4,4.645,-0.007,external
2026-07-05T00:00:00Z,SIG-ENSO-2026-07,REG-CENTRAL,1.4,6.006,0,external
2026-07-06T00:00:00Z,SIG-ENSO-2026-07,REG-COASTAL,1.4,9.854,1.4,external
2026-07-06T00:00:00Z,SIG-ENSO-2026-07,REG-SOUTH,1.4,9.612,1.4,external
2026-07-06T00:00:00Z,SIG-ENSO-2026-07,REG-DELTA,1.4,8.559,1.4,external
2026-07-06T00:00:00Z,SIG-ENSO-2026-07,REG-ISLAND,1.4,8.433,1.4,external
2026-07-06T00:00:00Z,SIG-ENSO-2026-07,REG-NORTH,1.4,3.713,-0.005,external
2026-07-06T00:00:00Z,SIG-ENSO-2026-07,REG-CENTRAL,1.4,6.169,0,external
2026-07-07T00:00:00Z,SIG-ENSO-2026-07,REG-COASTAL,1.4,10.045,1.4,external
2026-07-07T00:00:00Z,SIG-ENSO-2026-07,REG-SOUTH,1.4,9.798,1.4,external
2026-07-07T00:00:00Z,SIG-ENSO-2026-07,REG-DELTA,1.4,9.696,1.4,external
2026-07-07T00:00:00Z,SIG-ENSO-2026-07,REG-ISLAND,1.4,9.801,1.4,external
2026-07-07T00:00:00Z,SIG-ENSO-2026-07,REG-NORTH,1.4,5.006,-0.004,external
2026-07-07T00:00:00Z,SIG-ENSO-2026-07,REG-CENTRAL,1.4,6.204,0,external
2026-07-08T00:00:00Z,SIG-ENSO-2026-07,REG-COASTAL,1.4,9.932,1.4,external
2026-07-08T00:00:00Z,SIG-ENSO-2026-07,REG-SOUTH,1.4,9.779,1.4,external
2026-07-08T00:00:00Z,SIG-ENSO-2026-07,REG-DELTA,1.4,9.642,1.4,external
2026-07-08T00:00:00Z,SIG-ENSO-2026-07,REG-ISLAND,1.4,9.89,1.4,external
2026-07-08T00:00:00Z,SIG-ENSO-2026-07,REG-NORTH,1.4,5.006,-0.002,external
2026-07-08T00:00:00Z,SIG-ENSO-2026-07,REG-CENTRAL,1.4,5.204,0,external
2026-07-09T00:00:00Z,SIG-ENSO-2026-07,REG-COASTAL,1.4,9.964,1.4,external
2026-07-09T00:00:00Z,SIG-ENSO-2026-07,REG-SOUTH,1.4,8.563,1.4,external
2026-07-09T00:00:00Z,SIG-ENSO-2026-07,REG-DELTA,1.4,8.591,1.4,external
2026-07-09T00:00:00Z,SIG-ENSO-2026-07,REG-ISLAND,1.4,9.834,1.4,external
2026-07-09T00:00:00Z,SIG-ENSO-2026-07,REG-NORTH,1.4,4.949,-0.001,external
2026-07-09T00:00:00Z,SIG-ENSO-2026-07,REG-CENTRAL,1.4,5.169,0,external
2026-07-10T00:00:00Z,SIG-ENSO-2026-07,REG-COASTAL,1.4,9.965,1.4,external
2026-07-10T00:00:00Z,SIG-ENSO-2026-07,REG-SOUTH,1.4,9.676,1.4,external
2026-07-10T00:00:00Z,SIG-ENSO-2026-07,REG-DELTA,1.4,9.827,1.4,external
2026-07-10T00:00:00Z,SIG-ENSO-2026-07,REG-ISLAND,1.4,9.971,1.4,external
2026-07-10T00:00:00Z,SIG-ENSO-2026-07,REG-NORTH,1.4,4.994,0.001,external
2026-07-10T00:00:00Z,SIG-ENSO-2026-07,REG-CENTRAL,1.4,6.382,0,external
2026-07-11T00:00:00Z,SIG-ENSO-2026-07,REG-COASTAL,1.4,9.969,1.4,external
2026-07-11T00:00:00Z,SIG-ENSO-2026-07,REG-SOUTH,1.4,9.821,1.4,external
2026-07-11T00:00:00Z,SIG-ENSO-2026-07,REG-DELTA,1.4,9.846,1.4,external
2026-07-11T00:00:00Z,SIG-ENSO-2026-07,REG-ISLAND,1.4,10.148,1.4,external
2026-07-11T00:00:00Z,SIG-ENSO-2026-07,REG-NORTH,1.4,5.185,0.002,external
2026-07-11T00:00:00Z,SIG-ENSO-2026-07,REG-CENTRAL,1.4,6.456,0,external
2026-07-12T00:00:00Z,SIG-ENSO-2026-07,REG-COASTAL,1.4,8.951,1.4,external
2026-07-12T00:00:00Z,SIG-ENSO-2026-07,REG-SOUTH,1.4,9.98,1.4,external
2026-07-12T00:00:00Z,SIG-ENSO-2026-07,REG-DELTA,1.4,8.832,1.4,external
2026-07-12T00:00:00Z,SIG-ENSO-2026-07,REG-ISLAND,1.4,9.934,1.4,external
2026-07-12T00:00:00Z,SIG-ENSO-2026-07,REG-NORTH,1.4,5.313,0.004,external
2026-07-12T00:00:00Z,SIG-ENSO-2026-07,REG-CENTRAL,1.4,6.39,0,external
2026-07-13T00:00:00Z,SIG-ENSO-2026-07,REG-COASTAL,1.4,10.13,1.4,external
2026-07-13T00:00:00Z,SIG-ENSO-2026-07,REG-SOUTH,1.4,10.011,1.4,external
2026-07-13T00:00:00Z,SIG-ENSO-2026-07,REG-DELTA,1.4,9.908,1.4,external
2026-07-13T00:00:00Z,SIG-ENSO-2026-07,REG-ISLAND,1.4,10,1.4,external
2026-07-13T00:00:00Z,SIG-ENSO-2026-07,REG-NORTH,1.4,4.04,0.005,external
2026-07-13T00:00:00Z,SIG-ENSO-2026-07,REG-CENTRAL,1.4,6.365,0,external
2026-07-14T00:00:00Z,SIG-ENSO-2026-07,REG-COASTAL,1.4,10.074,1.4,external
2026-07-14T00:00:00Z,SIG-ENSO-2026-07,REG-SOUTH,1.4,9.991,1.4,external
2026-07-14T00:00:00Z,SIG-ENSO-2026-07,REG-DELTA,1.4,10.018,1.4,external
2026-07-14T00:00:00Z,SIG-ENSO-2026-07,REG-ISLAND,1.4,10.063,1.4,external
2026-07-14T00:00:00Z,SIG-ENSO-2026-07,REG-NORTH,1.4,5.456,0.007,external
2026-07-14T00:00:00Z,SIG-ENSO-2026-07,REG-CENTRAL,1.4,6.405,0,external
2026-07-15T00:00:00Z,SIG-ENSO-2026-07,REG-COASTAL,1.4,10.471,1.4,external
2026-07-15T00:00:00Z,SIG-ENSO-2026-07,REG-SOUTH,1.4,9.93,1.4,external
2026-07-15T00:00:00Z,SIG-ENSO-2026-07,REG-DELTA,1.4,10.063,1.4,external
2026-07-15T00:00:00Z,SIG-ENSO-2026-07,REG-ISLAND,1.4,10.192,1.4,external
2026-07-15T00:00:00Z,SIG-ENSO-2026-07,REG-NORTH,1.4,5.325,0.008,external
2026-07-15T00:00:00Z,SIG-ENSO-2026-07,REG-CENTRAL,1.4,6.531,0,external
2026-07-16T00:00:00Z,SIG-ENSO-2026-07,REG-COASTAL,1.4,9.921,1.4,external
2026-07-16T00:00:00Z,SIG-ENSO-2026-07,REG-SOUTH,1.4,9.992,1.4,external
2026-07-16T00:00:00Z,SIG-ENSO-2026-07,REG-DELTA,1.4,10.03,1.4,external
2026-07-16T00:00:00Z,SIG-ENSO-2026-07,REG-ISLAND,1.4,10.22,1.4,external
2026-07-16T00:00:00Z,SIG-ENSO-2026-07,REG-NORTH,1.4,5.433,0.01,external
2026-07-16T00:00:00Z,SIG-ENSO-2026-07,REG-CENTRAL,1.4,6.608,0,external
2026-07-17T00:00:00Z,SIG-ENSO-2026-07,REG-COASTAL,1.4,10.205,1.4,external
2026-07-17T00:00:00Z,SIG-ENSO-2026-07,REG-SOUTH,1.4,9.951,1.4,external
2026-07-17T00:00:00Z,SIG-ENSO-2026-07,REG-DELTA,1.4,9.148,1.4,external
2026-07-17T00:00:00Z,SIG-ENSO-2026-07,REG-ISLAND,1.4,10.379,1.4,external
2026-07-17T00:00:00Z,SIG-ENSO-2026-07,REG-NORTH,1.4,5.474,0.011,external
2026-07-17T00:00:00Z,SIG-ENSO-2026-07,REG-CENTRAL,1.4,6.468,0,external
2026-07-18T00:00:00Z,SIG-ENSO-2026-07,REG-COASTAL,1.4,10.378,1.4,external
2026-07-18T00:00:00Z,SIG-ENSO-2026-07,REG-SOUTH,1.4,10.128,1.4,external
2026-07-18T00:00:00Z,SIG-ENSO-2026-07,REG-DELTA,1.4,10.237,1.4,external
2026-07-18T00:00:00Z,SIG-ENSO-2026-07,REG-ISLAND,1.4,10.288,1.4,external
2026-07-18T00:00:00Z,SIG-ENSO-2026-07,REG-NORTH,1.4,5.652,0.012,external
2026-07-18T00:00:00Z,SIG-ENSO-2026-07,REG-CENTRAL,1.4,6.46,0,external
2026-07-19T00:00:00Z,SIG-ENSO-2026-07,REG-COASTAL,1.4,10.239,1.4,external
2026-07-19T00:00:00Z,SIG-ENSO-2026-07,REG-SOUTH,1.4,10.195,1.4,external
2026-07-19T00:00:00Z,SIG-ENSO-2026-07,REG-DELTA,1.4,10.381,1.4,external
2026-07-19T00:00:00Z,SIG-ENSO-2026-07,REG-ISLAND,1.4,9.477,1.4,external
2026-07-19T00:00:00Z,SIG-ENSO-2026-07,REG-NORTH,1.4,5.614,0.014,external
2026-07-19T00:00:00Z,SIG-ENSO-2026-07,REG-CENTRAL,1.4,6.65,0,external
2026-07-20T00:00:00Z,SIG-ENSO-2026-07,REG-COASTAL,1.4,10.33,1.4,external
2026-07-20T00:00:00Z,SIG-ENSO-2026-07,REG-SOUTH,1.4,10.314,1.4,external
2026-07-20T00:00:00Z,SIG-ENSO-2026-07,REG-DELTA,1.4,10.4,1.4,external
2026-07-20T00:00:00Z,SIG-ENSO-2026-07,REG-ISLAND,1.4,9.538,1.4,external
2026-07-20T00:00:00Z,SIG-ENSO-2026-07,REG-NORTH,1.4,5.539,0.015,external
2026-07-20T00:00:00Z,SIG-ENSO-2026-07,REG-CENTRAL,1.4,6.573,0,external
2026-07-21T00:00:00Z,SIG-ENSO-2026-07,REG-COASTAL,1.4,10.28,1.4,external
2026-07-21T00:00:00Z,SIG-ENSO-2026-07,REG-SOUTH,1.4,10.194,1.4,external
2026-07-21T00:00:00Z,SIG-ENSO-2026-07,REG-DELTA,1.4,10.266,1.4,external
2026-07-21T00:00:00Z,SIG-ENSO-2026-07,REG-ISLAND,1.4,10.535,1.4,external
2026-07-21T00:00:00Z,SIG-ENSO-2026-07,REG-NORTH,1.4,5.668,0.017,external
2026-07-21T00:00:00Z,SIG-ENSO-2026-07,REG-CENTRAL,1.4,6.665,0,external
2026-07-22T00:00:00Z,SIG-ENSO-2026-07,REG-COASTAL,1.4,10.347,1.4,external
2026-07-22T00:00:00Z,SIG-ENSO-2026-07,REG-SOUTH,1.4,10.363,1.4,external
2026-07-22T00:00:00Z,SIG-ENSO-2026-07,REG-DELTA,1.4,10.521,1.4,external
2026-07-22T00:00:00Z,SIG-ENSO-2026-07,REG-ISLAND,1.4,10.613,1.4,external
2026-07-22T00:00:00Z,SIG-ENSO-2026-07,REG-NORTH,1.4,4.5,0.018,external
2026-07-22T00:00:00Z,SIG-ENSO-2026-07,REG-CENTRAL,1.4,6.668,0,external
2026-07-23T00:00:00Z,SIG-ENSO-2026-07,REG-COASTAL,1.4,10.559,1.4,external
2026-07-23T00:00:00Z,SIG-ENSO-2026-07,REG-SOUTH,1.4,10.37,1.4,external
2026-07-23T00:00:00Z,SIG-ENSO-2026-07,REG-DELTA,1.4,10.508,1.4,external
2026-07-23T00:00:00Z,SIG-ENSO-2026-07,REG-ISLAND,1.4,10.748,1.4,external
2026-07-23T00:00:00Z,SIG-ENSO-2026-07,REG-NORTH,1.4,5.676,0.019,external
2026-07-23T00:00:00Z,SIG-ENSO-2026-07,REG-CENTRAL,1.4,6.716,0,external
2026-07-24T00:00:00Z,SIG-ENSO-2026-07,REG-COASTAL,1.4,10.493,1.4,external
2026-07-24T00:00:00Z,SIG-ENSO-2026-07,REG-SOUTH,1.4,10.46,1.4,external
2026-07-24T00:00:00Z,SIG-ENSO-2026-07,REG-DELTA,1.4,10.325,1.4,external
2026-07-24T00:00:00Z,SIG-ENSO-2026-07,REG-ISLAND,1.4,9.395,1.4,external
2026-07-24T00:00:00Z,SIG-ENSO-2026-07,REG-NORTH,1.4,5.692,0.02,external
2026-07-24T00:00:00Z,SIG-ENSO-2026-07,REG-CENTRAL,1.4,5.614,0,external
2026-07-25T00:00:00Z,SIG-ENSO-2026-07,REG-COASTAL,1.4,10.484,1.4,external
2026-07-25T00:00:00Z,SIG-ENSO-2026-07,REG-SOUTH,1.4,10.613,1.4,external
2026-07-25T00:00:00Z,SIG-ENSO-2026-07,REG-DELTA,1.4,9.364,1.4,external
2026-07-25T00:00:00Z,SIG-ENSO-2026-07,REG-ISLAND,1.4,9.746,1.4,external
2026-07-25T00:00:00Z,SIG-ENSO-2026-07,REG-NORTH,1.4,5.711,0.022,external
2026-07-25T00:00:00Z,SIG-ENSO-2026-07,REG-CENTRAL,1.4,6.78,0,external
2026-07-26T00:00:00Z,SIG-ENSO-2026-07,REG-COASTAL,1.4,10.473,1.4,external
2026-07-26T00:00:00Z,SIG-ENSO-2026-07,REG-SOUTH,1.4,10.738,1.4,external
2026-07-26T00:00:00Z,SIG-ENSO-2026-07,REG-DELTA,1.4,9.58,1.4,external
2026-07-26T00:00:00Z,SIG-ENSO-2026-07,REG-ISLAND,1.4,10.79,1.4,external
2026-07-26T00:00:00Z,SIG-ENSO-2026-07,REG-NORTH,1.4,4.75,0.023,external
2026-07-26T00:00:00Z,SIG-ENSO-2026-07,REG-CENTRAL,1.4,6.783,0,external
2026-07-27T00:00:00Z,SIG-ENSO-2026-07,REG-COASTAL,1.4,10.365,1.4,external
2026-07-27T00:00:00Z,SIG-ENSO-2026-07,REG-SOUTH,1.4,9.524,1.4,external
2026-07-27T00:00:00Z,SIG-ENSO-2026-07,REG-DELTA,1.4,10.605,1.4,external
2026-07-27T00:00:00Z,SIG-ENSO-2026-07,REG-ISLAND,1.4,10.747,1.4,external
2026-07-27T00:00:00Z,SIG-ENSO-2026-07,REG-NORTH,1.4,5.825,0.024,external
2026-07-27T00:00:00Z,SIG-ENSO-2026-07,REG-CENTRAL,1.4,6.612,0,external
2026-07-28T00:00:00Z,SIG-ENSO-2026-07,REG-COASTAL,1.4,10.413,1.4,external
2026-07-28T00:00:00Z,SIG-ENSO-2026-07,REG-SOUTH,1.4,10.737,1.4,external
2026-07-28T00:00:00Z,SIG-ENSO-2026-07,REG-DELTA,1.4,10.604,1.4,external
2026-07-28T00:00:00Z,SIG-ENSO-2026-07,REG-ISLAND,1.4,9.803,1.4,external
2026-07-28T00:00:00Z,SIG-ENSO-2026-07,REG-NORTH,1.4,5.873,0.025,external
2026-07-28T00:00:00Z,SIG-ENSO-2026-07,REG-CENTRAL,1.4,6.794,0,external
2026-07-29T00:00:00Z,SIG-ENSO-2026-07,REG-COASTAL,1.4,10.682,1.4,external
2026-07-29T00:00:00Z,SIG-ENSO-2026-07,REG-SOUTH,1.4,10.616,1.4,external
2026-07-29T00:00:00Z,SIG-ENSO-2026-07,REG-DELTA,1.4,10.803,1.4,external
2026-07-29T00:00:00Z,SIG-ENSO-2026-07,REG-ISLAND,1.4,9.792,1.4,external
2026-07-29T00:00:00Z,SIG-ENSO-2026-07,REG-NORTH,1.4,5.783,0.026,external
2026-07-29T00:00:00Z,SIG-ENSO-2026-07,REG-CENTRAL,1.4,6.961,0,external
2026-07-30T00:00:00Z,SIG-ENSO-2026-07,REG-COASTAL,1.4,10.867,1.4,external
2026-07-30T00:00:00Z,SIG-ENSO-2026-07,REG-SOUTH,1.4,10.942,1.4,external
2026-07-30T00:00:00Z,SIG-ENSO-2026-07,REG-DELTA,1.4,10.756,1.4,external
2026-07-30T00:00:00Z,SIG-ENSO-2026-07,REG-ISLAND,1.4,10.848,1.4,external
2026-07-30T00:00:00Z,SIG-ENSO-2026-07,REG-NORTH,1.4,5.739,0.027,external
2026-07-30T00:00:00Z,SIG-ENSO-2026-07,REG-CENTRAL,1.4,6.828,0,external
2026-07-31T00:00:00Z,SIG-ENSO-2026-07,REG-COASTAL,1.4,10.601,1.4,external
2026-07-31T00:00:00Z,SIG-ENSO-2026-07,REG-SOUTH,1.4,10.88,1.4,external
2026-07-31T00:00:00Z,SIG-ENSO-2026-07,REG-DELTA,1.4,9.905,1.4,external
2026-07-31T00:00:00Z,SIG-ENSO-2026-07,REG-ISLAND,1.4,10.844,1.4,external
2026-07-31T00:00:00Z,SIG-ENSO-2026-07,REG-NORTH,1.4,5.735,0.028,external
2026-07-31T00:00:00Z,SIG-ENSO-2026-07,REG-CENTRAL,1.4,6.944,0,external
2026-08-01T00:00:00Z,SIG-ENSO-2026-07,REG-COASTAL,1.4,10.71,1.4,external
2026-08-01T00:00:00Z,SIG-ENSO-2026-07,REG-SOUTH,1.4,10.94,1.4,external
2026-08-01T00:00:00Z,SIG-ENSO-2026-07,REG-DELTA,1.4,10.858,1.4,external
2026-08-01T00:00:00Z,SIG-ENSO-2026-07,REG-ISLAND,1.4,9.928,1.4,external
2026-08-01T00:00:00Z,SIG-ENSO-2026-07,REG-NORTH,1.4,5.755,0.029,external
2026-08-01T00:00:00Z,SIG-ENSO-2026-07,REG-CENTRAL,1.4,6.861,0,external
2026-08-02T00:00:00Z,SIG-ENSO-2026-07,REG-COASTAL,1.4,10.907,1.4,external
2026-08-02T00:00:00Z,SIG-ENSO-2026-07,REG-SOUTH,1.4,10.94,1.4,external
2026-08-02T00:00:00Z,SIG-ENSO-2026-07,REG-DELTA,1.4,9.752,1.4,external
2026-08-02T00:00:00Z,SIG-ENSO-2026-07,REG-ISLAND,1.4,10.842,1.4,external
2026-08-02T00:00:00Z,SIG-ENSO-2026-07,REG-NORTH,1.4,4.805,0.03,external
2026-08-02T00:00:00Z,SIG-ENSO-2026-07,REG-CENTRAL,1.4,6.882,0,external
2026-08-03T00:00:00Z,SIG-ENSO-2026-07,REG-COASTAL,1.4,10.851,1.4,external
2026-08-03T00:00:00Z,SIG-ENSO-2026-07,REG-SOUTH,1.4,10.96,1.4,external
2026-08-03T00:00:00Z,SIG-ENSO-2026-07,REG-DELTA,1.4,11.069,1.4,external
2026-08-03T00:00:00Z,SIG-ENSO-2026-07,REG-ISLAND,1.4,11.036,1.4,external
2026-08-03T00:00:00Z,SIG-ENSO-2026-07,REG-NORTH,1.4,5.795,0.031,external
2026-08-03T00:00:00Z,SIG-ENSO-2026-07,REG-CENTRAL,1.4,6.779,0,external
