planVariant,planDate,lineId,scheduledHours,utilisation,rateFactor,plannedUnits,isMaintenanceDay,maintenanceWindowId,optionId,commitmentId,existingCommittedUnits,campaignCommitmentUnits
baseline,2026-08-17,PKG-02,16,0.72,1,17280,false,,,,580000,100000
baseline,2026-08-18,PKG-02,16,0.72,1,17280,false,,,,580000,100000
baseline,2026-08-19,PKG-02,16,0.72,1,17280,false,,,,580000,100000
baseline,2026-08-20,PKG-02,16,0.72,1,17280,false,,,,580000,100000
baseline,2026-08-21,PKG-02,16,0.72,1,17280,false,,,,580000,100000
baseline,2026-08-22,PKG-02,16,0.72,1,17280,false,,,,580000,100000
baseline,2026-08-24,PKG-02,16,0.72,1,17280,false,,,,580000,100000
baseline,2026-08-25,PKG-02,16,0.72,1,17280,false,,,,580000,100000
baseline,2026-08-26,PKG-02,16,0.72,1,17280,false,,,,580000,100000
baseline,2026-08-27,PKG-02,16,0.72,1,17280,false,,,,580000,100000
baseline,2026-08-28,PKG-02,16,0.72,1,17280,false,,,,580000,100000
baseline,2026-08-29,PKG-02,16,0.72,1,17280,false,,,,580000,100000
baseline,2026-08-31,PKG-02,16,0.72,1,17280,false,,,,580000,100000
baseline,2026-09-01,PKG-02,16,0.72,1,17280,false,,,,580000,100000
baseline,2026-09-02,PKG-02,16,0.72,1,17280,false,,,,580000,100000
baseline,2026-09-03,PKG-02,16,0.72,1,17280,false,,,,580000,100000
baseline,2026-09-04,PKG-02,16,0.72,1,17280,false,,,,580000,100000
baseline,2026-09-05,PKG-02,16,0.72,1,17280,false,,,,580000,100000
baseline,2026-09-07,PKG-02,16,0.72,1,17280,true,MW-PKG-02-2026-09,,,580000,100000
baseline,2026-09-08,PKG-02,16,0.72,1,17280,true,MW-PKG-02-2026-09,,,580000,100000
baseline,2026-09-09,PKG-02,16,0.72,1,17280,true,MW-PKG-02-2026-09,,,580000,100000
baseline,2026-09-10,PKG-02,16,0.72,1,17280,true,MW-PKG-02-2026-09,,,580000,100000
baseline,2026-09-11,PKG-02,16,0.72,1,17280,true,MW-PKG-02-2026-09,,,580000,100000
baseline,2026-09-12,PKG-02,16,0.72,1,17280,false,,,,580000,100000
baseline,2026-09-14,PKG-02,16,0.72,1,17280,false,,,,580000,100000
baseline,2026-09-15,PKG-02,16,0.72,1,17280,false,,,,580000,100000
baseline,2026-09-16,PKG-02,16,0.72,1,17280,false,,,,580000,100000
baseline,2026-09-17,PKG-02,16,0.72,1,17280,false,,,,580000,100000
baseline,2026-09-18,PKG-02,16,0.72,1,17280,false,,,,580000,100000
baseline,2026-09-19,PKG-02,16,0.72,1,17280,false,,,,580000,100000
baseline,2026-09-21,PKG-02,16,0.72,1,17280,false,,,,580000,100000
baseline,2026-09-22,PKG-02,16,0.72,1,17280,false,,,,580000,100000
baseline,2026-09-23,PKG-02,16,0.72,1,17280,false,,,,580000,100000
baseline,2026-09-24,PKG-02,16,0.72,1,17280,false,,,,580000,100000
baseline,2026-09-25,PKG-02,16,0.72,1,17280,false,,,,580000,100000
baseline,2026-09-26,PKG-02,16,0.72,1,17280,false,,,,580000,100000
baseline,2026-09-28,PKG-02,16,0.72,1,17280,false,,,,580000,100000
baseline,2026-09-29,PKG-02,16,0.72,1,17280,false,,,,580000,100000
baseline,2026-09-30,PKG-02,16,0.72,1,17280,false,,,,580000,100000
baseline,2026-10-01,PKG-02,16,0.72,1,17280,false,,,,580000,100000
baseline,2026-10-02,PKG-02,16,0.72,1,17280,false,,,,580000,100000
approved,2026-08-17,PKG-02,16,0.9,0.9,19440,false,,OPT-4,,580000,100000
approved,2026-08-18,PKG-02,16,0.9,0.9,19440,false,,OPT-4,,580000,100000
approved,2026-08-19,PKG-02,16,0.9,0.9,19440,false,,OPT-4,,580000,100000
approved,2026-08-20,PKG-02,16,0.9,0.9,19440,false,,OPT-4,,580000,100000
approved,2026-08-21,PKG-02,16,0.9,0.9,19440,false,,OPT-4,,580000,100000
approved,2026-08-22,PKG-02,16,0.9,0.9,19440,false,,OPT-4,,580000,100000
approved,2026-08-24,PKG-02,16,0.9,0.9,19440,false,,OPT-4,,580000,100000
approved,2026-08-25,PKG-02,16,0.9,0.9,19440,false,,OPT-4,,580000,100000
approved,2026-08-26,PKG-02,16,0.9,0.9,19440,false,,OPT-4,,580000,100000
approved,2026-08-27,PKG-02,16,0.9,0.9,19440,false,,OPT-4,,580000,100000
approved,2026-08-28,PKG-02,16,0.9,0.9,19440,false,,OPT-4,,580000,100000
approved,2026-08-29,PKG-02,16,0.9,0.9,19440,false,,OPT-4,,580000,100000
approved,2026-08-31,PKG-02,16,0.9,0.9,19440,false,,OPT-4,,580000,100000
approved,2026-09-01,PKG-02,16,0.9,0.9,19440,false,,OPT-4,,580000,100000
approved,2026-09-02,PKG-02,16,0.9,0.9,19440,false,,OPT-4,,580000,100000
approved,2026-09-03,PKG-02,16,0.9,0.9,19440,false,,OPT-4,,580000,100000
approved,2026-09-04,PKG-02,16,0.9,0.9,19440,false,,OPT-4,,580000,100000
approved,2026-09-05,PKG-02,16,0.9,0.9,19440,false,,OPT-4,,580000,100000
approved,2026-09-07,PKG-02,16,0.9,0.9,19440,false,,OPT-4,,580000,100000
approved,2026-09-08,PKG-02,16,0.9,0.9,19440,false,,OPT-4,,580000,100000
approved,2026-09-09,PKG-02,16,0.9,0.9,19440,false,,OPT-4,,580000,100000
approved,2026-09-10,PKG-02,16,0.9,0.9,19440,false,,OPT-4,,580000,100000
approved,2026-09-11,PKG-02,16,0.9,0.9,19440,false,,OPT-4,,580000,100000
approved,2026-09-12,PKG-02,16,0.9,0.9,19440,false,,OPT-4,,580000,100000
approved,2026-09-14,PKG-02,16,0.9,0.9,19440,false,,OPT-4,,580000,100000
approved,2026-09-15,PKG-02,16,0.9,0.9,19440,false,,OPT-4,,580000,100000
approved,2026-09-16,PKG-02,16,0.9,0.9,19440,false,,OPT-4,,580000,100000
approved,2026-09-17,PKG-02,16,0.9,0.9,19440,false,,OPT-4,,580000,100000
approved,2026-09-18,PKG-02,16,0.9,0.9,19440,false,,OPT-4,,580000,100000
approved,2026-09-19,PKG-02,16,0.9,0.9,19440,false,,OPT-4,,580000,100000
approved,2026-09-21,PKG-02,16,0.9,0.9,19440,false,,OPT-4,,580000,100000
approved,2026-09-22,PKG-02,16,0.9,0.9,19440,false,,OPT-4,,580000,100000
approved,2026-09-23,PKG-02,16,0.9,0.9,19440,false,,OPT-4,,580000,100000
approved,2026-09-24,PKG-02,16,0.9,0.9,19440,false,,OPT-4,,580000,100000
approved,2026-09-25,PKG-02,16,0.9,0.9,19440,false,,OPT-4,,580000,100000
approved,2026-09-26,PKG-02,16,0.9,0.9,19440,false,,OPT-4,,580000,100000
approved,2026-09-28,PKG-02,16,0.9,0.9,19440,false,,OPT-4,,580000,100000
approved,2026-09-29,PKG-02,16,0.9,0.9,19440,false,,OPT-4,,580000,100000
approved,2026-09-30,PKG-02,16,0.9,0.9,19440,false,,OPT-4,,580000,100000
approved,2026-10-01,PKG-02,16,0.9,0.9,19440,false,,OPT-4,,580000,100000
approved,2026-10-02,PKG-02,16,0.9,0.9,19440,false,,OPT-4,,580000,100000
