caseId,sequence,state,changedAt,actorRole
CASE-2026-HS-001,1,opened,2026-08-03T08:12:00Z,ROLE-KNOWLEDGE-STEWARD
CASE-2026-HS-001,2,evidence_gathered,2026-08-03T09:35:00Z,ROLE-KNOWLEDGE-STEWARD
CASE-PKG-2024-001,1,opened,2024-04-01T09:00:00Z,ROLE-KNOWLEDGE-STEWARD
CASE-PKG-2024-001,2,evidence_gathered,2024-04-02T11:30:00Z,ROLE-DEMAND-PLANNER
CASE-PKG-2024-001,3,approved,2024-04-05T13:15:00Z,ROLE-OPERATIONS-APPROVER
CASE-PKG-2024-001,4,resolved,2024-04-09T15:30:00Z,ROLE-KNOWLEDGE-STEWARD
CASE-SUP-2024-002,1,opened,2024-04-30T09:00:00Z,ROLE-KNOWLEDGE-STEWARD
CASE-SUP-2024-002,2,evidence_gathered,2024-05-01T11:30:00Z,ROLE-DEMAND-PLANNER
CASE-SUP-2024-002,3,approved,2024-05-04T13:15:00Z,ROLE-COMMERCIAL-APPROVER
CASE-SUP-2024-002,4,resolved,2024-05-08T15:30:00Z,ROLE-KNOWLEDGE-STEWARD
CASE-LBL-2025-003,1,opened,2025-06-01T09:00:00Z,ROLE-KNOWLEDGE-STEWARD
CASE-LBL-2025-003,2,evidence_gathered,2025-06-02T11:30:00Z,ROLE-DEMAND-PLANNER
CASE-LBL-2025-003,3,approved,2025-06-05T13:15:00Z,ROLE-MAINTENANCE-APPROVER
CASE-LBL-2025-003,4,resolved,2025-06-09T15:30:00Z,ROLE-KNOWLEDGE-STEWARD
CASE-CAP-2025-004,1,opened,2025-07-02T09:00:00Z,ROLE-KNOWLEDGE-STEWARD
CASE-CAP-2025-004,2,evidence_gathered,2025-07-03T11:30:00Z,ROLE-DEMAND-PLANNER
CASE-CAP-2025-004,3,approved,2025-07-06T13:15:00Z,ROLE-OPERATIONS-APPROVER
CASE-CAP-2025-004,4,resolved,2025-07-10T15:30:00Z,ROLE-KNOWLEDGE-STEWARD
CASE-QAL-2025-005,1,opened,2025-07-30T09:00:00Z,ROLE-KNOWLEDGE-STEWARD
CASE-QAL-2025-005,2,evidence_gathered,2025-07-31T11:30:00Z,ROLE-DEMAND-PLANNER
CASE-QAL-2025-005,3,approved,2025-08-03T13:15:00Z,ROLE-COMMERCIAL-APPROVER
CASE-QAL-2025-005,4,resolved,2025-08-07T15:30:00Z,ROLE-KNOWLEDGE-STEWARD
CASE-MNT-2025-006,1,opened,2025-04-02T09:00:00Z,ROLE-KNOWLEDGE-STEWARD
CASE-MNT-2025-006,2,evidence_gathered,2025-04-03T11:30:00Z,ROLE-DEMAND-PLANNER
CASE-MNT-2025-006,3,approved,2025-04-06T13:15:00Z,ROLE-MAINTENANCE-APPROVER
CASE-MNT-2025-006,4,resolved,2025-04-10T15:30:00Z,ROLE-KNOWLEDGE-STEWARD
CASE-BUD-2026-007,1,opened,2026-05-01T09:00:00Z,ROLE-KNOWLEDGE-STEWARD
CASE-BUD-2026-007,2,evidence_gathered,2026-05-02T11:30:00Z,ROLE-DEMAND-PLANNER
CASE-BUD-2026-007,3,approved,2026-05-05T13:15:00Z,ROLE-COMMERCIAL-APPROVER
CASE-BUD-2026-007,4,resolved,2026-05-09T15:30:00Z,ROLE-KNOWLEDGE-STEWARD
CASE-DSP-2026-008,1,opened,2026-06-02T09:00:00Z,ROLE-KNOWLEDGE-STEWARD
CASE-DSP-2026-008,2,evidence_gathered,2026-06-03T11:30:00Z,ROLE-DEMAND-PLANNER
CASE-DSP-2026-008,3,approved,2026-06-06T13:15:00Z,ROLE-COMMERCIAL-APPROVER
CASE-DSP-2026-008,4,resolved,2026-06-10T15:30:00Z,ROLE-KNOWLEDGE-STEWARD
