forecastVersionId,regionId,productId,forecastUnits,horizonDays
FC-2026-0720-HS,REG-COASTAL,PROD-HS-100,64000,30
FC-2026-0720-HS,REG-COASTAL,PROD-HS-110,34880,30
FC-2026-0720-HS,REG-COASTAL,PROD-AS-200,31360,30
FC-2026-0720-HS,REG-COASTAL,PROD-LB-400,27840,30
FC-2026-0720-HS,REG-COASTAL,PROD-DM-300,17920,30
FC-2026-0720-HS,REG-COASTAL,PROD-VD-500,11520,30
FC-2026-0720-HS,REG-SOUTH,PROD-HS-100,52000,30
FC-2026-0720-HS,REG-SOUTH,PROD-HS-110,28340,30
FC-2026-0720-HS,REG-SOUTH,PROD-AS-200,25480,30
FC-2026-0720-HS,REG-SOUTH,PROD-LB-400,22620,30
FC-2026-0720-HS,REG-SOUTH,PROD-DM-300,14560,30
FC-2026-0720-HS,REG-SOUTH,PROD-VD-500,9360,30
FC-2026-0720-HS,REG-DELTA,PROD-HS-100,45000,30
FC-2026-0720-HS,REG-DELTA,PROD-HS-110,24525,30
FC-2026-0720-HS,REG-DELTA,PROD-AS-200,22050,30
FC-2026-0720-HS,REG-DELTA,PROD-LB-400,19575,30
FC-2026-0720-HS,REG-DELTA,PROD-DM-300,12600,30
FC-2026-0720-HS,REG-DELTA,PROD-VD-500,8100,30
FC-2026-0720-HS,REG-ISLAND,PROD-HS-100,31000,30
FC-2026-0720-HS,REG-ISLAND,PROD-HS-110,16895,30
FC-2026-0720-HS,REG-ISLAND,PROD-AS-200,15190,30
FC-2026-0720-HS,REG-ISLAND,PROD-LB-400,13485,30
FC-2026-0720-HS,REG-ISLAND,PROD-DM-300,8680,30
FC-2026-0720-HS,REG-ISLAND,PROD-VD-500,5580,30
FC-2026-0720-HS,REG-NORTH,PROD-HS-100,42000,30
FC-2026-0720-HS,REG-NORTH,PROD-HS-110,22890,30
FC-2026-0720-HS,REG-NORTH,PROD-AS-200,20580,30
FC-2026-0720-HS,REG-NORTH,PROD-LB-400,18270,30
FC-2026-0720-HS,REG-NORTH,PROD-DM-300,11760,30
FC-2026-0720-HS,REG-NORTH,PROD-VD-500,7560,30
FC-2026-0720-HS,REG-CENTRAL,PROD-HS-100,38000,30
FC-2026-0720-HS,REG-CENTRAL,PROD-HS-110,20710,30
FC-2026-0720-HS,REG-CENTRAL,PROD-AS-200,18620,30
FC-2026-0720-HS,REG-CENTRAL,PROD-LB-400,16530,30
FC-2026-0720-HS,REG-CENTRAL,PROD-DM-300,10640,30
FC-2026-0720-HS,REG-CENTRAL,PROD-VD-500,6840,30
FC-2026-0803-HS,REG-COASTAL,PROD-HS-100,84096,30
FC-2026-0803-HS,REG-COASTAL,PROD-HS-110,37618,30
FC-2026-0803-HS,REG-COASTAL,PROD-AS-200,33822,30
FC-2026-0803-HS,REG-COASTAL,PROD-LB-400,30025,30
FC-2026-0803-HS,REG-COASTAL,PROD-DM-300,17920,30
FC-2026-0803-HS,REG-COASTAL,PROD-VD-500,11520,30
FC-2026-0803-HS,REG-SOUTH,PROD-HS-100,65936,30
FC-2026-0803-HS,REG-SOUTH,PROD-HS-110,30239,30
FC-2026-0803-HS,REG-SOUTH,PROD-AS-200,27187,30
FC-2026-0803-HS,REG-SOUTH,PROD-LB-400,24136,30
FC-2026-0803-HS,REG-SOUTH,PROD-DM-300,14560,30
FC-2026-0803-HS,REG-SOUTH,PROD-VD-500,9360,30
FC-2026-0803-HS,REG-DELTA,PROD-HS-100,53505,30
FC-2026-0803-HS,REG-DELTA,PROD-HS-110,25684,30
FC-2026-0803-HS,REG-DELTA,PROD-AS-200,23092,30
FC-2026-0803-HS,REG-DELTA,PROD-LB-400,20500,30
FC-2026-0803-HS,REG-DELTA,PROD-DM-300,12600,30
FC-2026-0803-HS,REG-DELTA,PROD-VD-500,8100,30
FC-2026-0803-HS,REG-ISLAND,PROD-HS-100,37975,30
FC-2026-0803-HS,REG-ISLAND,PROD-HS-110,17845,30
FC-2026-0803-HS,REG-ISLAND,PROD-AS-200,16044,30
FC-2026-0803-HS,REG-ISLAND,PROD-LB-400,14244,30
FC-2026-0803-HS,REG-ISLAND,PROD-DM-300,8680,30
FC-2026-0803-HS,REG-ISLAND,PROD-VD-500,5580,30
FC-2026-0803-HS,REG-NORTH,PROD-HS-100,42504,30
FC-2026-0803-HS,REG-NORTH,PROD-HS-110,22959,30
FC-2026-0803-HS,REG-NORTH,PROD-AS-200,20642,30
FC-2026-0803-HS,REG-NORTH,PROD-LB-400,18325,30
FC-2026-0803-HS,REG-NORTH,PROD-DM-300,11760,30
FC-2026-0803-HS,REG-NORTH,PROD-VD-500,7560,30
FC-2026-0803-HS,REG-CENTRAL,PROD-HS-100,37696,30
FC-2026-0803-HS,REG-CENTRAL,PROD-HS-110,20669,30
FC-2026-0803-HS,REG-CENTRAL,PROD-AS-200,18583,30
FC-2026-0803-HS,REG-CENTRAL,PROD-LB-400,16497,30
FC-2026-0803-HS,REG-CENTRAL,PROD-DM-300,10640,30
FC-2026-0803-HS,REG-CENTRAL,PROD-VD-500,6840,30
