scenarioId,regionId,allocationUnits,allocationRevenueUsd,allocationBudgetUsd,impactWeight
SCN-2026-HS-A,REG-COASTAL,12920,103360,0,0.38
SCN-2026-HS-A,REG-SOUTH,9180,73440,0,0.27
SCN-2026-HS-A,REG-DELTA,6800,54400,0,0.2
SCN-2026-HS-A,REG-ISLAND,5100,40800,0,0.15
SCN-2026-HS-B,REG-COASTAL,38000,304000,68400,0.38
SCN-2026-HS-B,REG-SOUTH,27000,216000,48600,0.27
SCN-2026-HS-B,REG-DELTA,20000,160000,36000,0.2
SCN-2026-HS-B,REG-ISLAND,15000,120000,27000,0.15
SCN-2026-HS-C,REG-COASTAL,52440,419520,159600,0.38
SCN-2026-HS-C,REG-SOUTH,37260,298080,113400,0.27
SCN-2026-HS-C,REG-DELTA,27600,220800,84000,0.2
SCN-2026-HS-C,REG-ISLAND,20700,165600,63000,0.15
