scheduleDate,lineId,shiftCount,scheduledHours,plannedUtilisation
2026-03-02,PKG-01,2,16,0.74
2026-03-02,PKG-02,2,16,0.72
2026-03-02,PKG-03,1,8,0.81
2026-03-02,PKG-04,1,8,0.69
2026-03-02,PKG-05,1,8,0.7
2026-03-02,PKG-06,1,8,0.76
2026-03-03,PKG-01,2,16,0.74
2026-03-03,PKG-02,2,16,0.72
2026-03-03,PKG-03,1,8,0.81
2026-03-03,PKG-04,1,8,0.69
2026-03-03,PKG-05,1,8,0.7
2026-03-03,PKG-06,1,8,0.76
2026-03-04,PKG-01,2,16,0.74
2026-03-04,PKG-02,2,16,0.72
2026-03-04,PKG-03,1,8,0.81
2026-03-04,PKG-04,1,8,0.69
2026-03-04,PKG-05,1,8,0.7
2026-03-04,PKG-06,1,8,0.76
2026-03-05,PKG-01,2,16,0.74
2026-03-05,PKG-02,2,16,0.72
2026-03-05,PKG-03,1,8,0.81
2026-03-05,PKG-04,1,8,0.69
2026-03-05,PKG-05,1,8,0.7
2026-03-05,PKG-06,1,8,0.76
2026-03-06,PKG-01,2,16,0.74
2026-03-06,PKG-02,2,16,0.72
2026-03-06,PKG-03,1,8,0.81
2026-03-06,PKG-04,1,8,0.69
2026-03-06,PKG-05,1,8,0.7
2026-03-06,PKG-06,1,8,0.76
2026-03-07,PKG-01,2,16,0.74
2026-03-07,PKG-02,2,16,0.72
2026-03-07,PKG-03,1,8,0.81
2026-03-07,PKG-04,1,8,0.69
2026-03-07,PKG-05,1,8,0.7
2026-03-07,PKG-06,1,8,0.76
2026-03-09,PKG-01,2,16,0.74
2026-03-09,PKG-02,2,16,0.72
2026-03-09,PKG-03,1,8,0.81
2026-03-09,PKG-04,1,8,0.69
2026-03-09,PKG-05,1,8,0.7
2026-03-09,PKG-06,1,8,0.76
2026-03-10,PKG-01,2,16,0.74
2026-03-10,PKG-02,2,16,0.72
2026-03-10,PKG-03,1,8,0.81
2026-03-10,PKG-04,1,8,0.69
2026-03-10,PKG-05,1,8,0.7
2026-03-10,PKG-06,1,8,0.76
2026-03-11,PKG-01,2,16,0.74
2026-03-11,PKG-02,2,16,0.72
2026-03-11,PKG-03,1,8,0.81
2026-03-11,PKG-04,1,8,0.69
2026-03-11,PKG-05,1,8,0.7
2026-03-11,PKG-06,1,8,0.76
2026-03-12,PKG-01,2,16,0.74
2026-03-12,PKG-02,2,16,0.72
2026-03-12,PKG-03,1,8,0.81
2026-03-12,PKG-04,1,8,0.69
2026-03-12,PKG-05,1,8,0.7
2026-03-12,PKG-06,1,8,0.76
2026-03-13,PKG-01,2,16,0.74
2026-03-13,PKG-02,2,16,0.72
2026-03-13,PKG-03,1,8,0.81
2026-03-13,PKG-04,1,8,0.69
2026-03-13,PKG-05,1,8,0.7
2026-03-13,PKG-06,1,8,0.76
2026-03-14,PKG-01,2,16,0.74
2026-03-14,PKG-02,2,16,0.72
2026-03-14,PKG-03,1,8,0.81
2026-03-14,PKG-04,1,8,0.69
2026-03-14,PKG-05,1,8,0.7
2026-03-14,PKG-06,1,8,0.76
2026-03-16,PKG-01,2,16,0.74
2026-03-16,PKG-02,2,16,0.72
2026-03-16,PKG-03,1,8,0.81
2026-03-16,PKG-04,1,8,0.69
2026-03-16,PKG-05,1,8,0.7
2026-03-16,PKG-06,1,8,0.76
2026-03-17,PKG-01,2,16,0.74
2026-03-17,PKG-02,2,16,0.72
2026-03-17,PKG-03,1,8,0.81
2026-03-17,PKG-04,1,8,0.69
2026-03-17,PKG-05,1,8,0.7
2026-03-17,PKG-06,1,8,0.76
2026-03-18,PKG-01,2,16,0.74
2026-03-18,PKG-02,2,16,0.72
2026-03-18,PKG-03,1,8,0.81
2026-03-18,PKG-04,1,8,0.69
2026-03-18,PKG-05,1,8,0.7
2026-03-18,PKG-06,1,8,0.76
2026-03-19,PKG-01,2,16,0.74
2026-03-19,PKG-02,2,16,0.72
2026-03-19,PKG-03,1,8,0.81
2026-03-19,PKG-04,1,8,0.69
2026-03-19,PKG-05,1,8,0.7
2026-03-19,PKG-06,1,8,0.76
2026-03-20,PKG-01,2,16,0.74
2026-03-20,PKG-02,2,16,0.72
2026-03-20,PKG-03,1,8,0.81
2026-03-20,PKG-04,1,8,0.69
2026-03-20,PKG-05,1,8,0.7
2026-03-20,PKG-06,1,8,0.76
2026-03-21,PKG-01,2,16,0.74
2026-03-21,PKG-02,2,16,0.72
2026-03-21,PKG-03,1,8,0.81
2026-03-21,PKG-04,1,8,0.69
2026-03-21,PKG-05,1,8,0.7
2026-03-21,PKG-06,1,8,0.76
2026-03-23,PKG-01,2,16,0.74
2026-03-23,PKG-02,2,16,0.72
2026-03-23,PKG-03,1,8,0.81
2026-03-23,PKG-04,1,8,0.69
2026-03-23,PKG-05,1,8,0.7
2026-03-23,PKG-06,1,8,0.76
2026-03-24,PKG-01,2,16,0.74
2026-03-24,PKG-02,2,16,0.72
2026-03-24,PKG-03,1,8,0.81
2026-03-24,PKG-04,1,8,0.69
2026-03-24,PKG-05,1,8,0.7
2026-03-24,PKG-06,1,8,0.76
2026-03-25,PKG-01,2,16,0.74
2026-03-25,PKG-02,2,16,0.72
2026-03-25,PKG-03,1,8,0.81
2026-03-25,PKG-04,1,8,0.69
2026-03-25,PKG-05,1,8,0.7
2026-03-25,PKG-06,1,8,0.76
2026-03-26,PKG-01,2,16,0.74
2026-03-26,PKG-02,2,16,0.72
2026-03-26,PKG-03,1,8,0.81
2026-03-26,PKG-04,1,8,0.69
2026-03-26,PKG-05,1,8,0.7
2026-03-26,PKG-06,1,8,0.76
2026-03-27,PKG-01,2,16,0.74
2026-03-27,PKG-02,2,16,0.72
2026-03-27,PKG-03,1,8,0.81
2026-03-27,PKG-04,1,8,0.69
2026-03-27,PKG-05,1,8,0.7
2026-03-27,PKG-06,1,8,0.76
2026-03-28,PKG-01,2,16,0.74
2026-03-28,PKG-02,2,16,0.72
2026-03-28,PKG-03,1,8,0.81
2026-03-28,PKG-04,1,8,0.69
2026-03-28,PKG-05,1,8,0.7
2026-03-28,PKG-06,1,8,0.76
2026-03-30,PKG-01,2,16,0.74
2026-03-30,PKG-02,2,16,0.72
2026-03-30,PKG-03,1,8,0.81
2026-03-30,PKG-04,1,8,0.69
2026-03-30,PKG-05,1,8,0.7
2026-03-30,PKG-06,1,8,0.76
2026-03-31,PKG-01,2,16,0.74
2026-03-31,PKG-02,2,16,0.72
2026-03-31,PKG-03,1,8,0.81
2026-03-31,PKG-04,1,8,0.69
2026-03-31,PKG-05,1,8,0.7
2026-03-31,PKG-06,1,8,0.76
2026-04-01,PKG-01,2,16,0.74
2026-04-01,PKG-02,2,16,0.72
2026-04-01,PKG-03,1,8,0.81
2026-04-01,PKG-04,1,8,0.69
2026-04-01,PKG-05,1,8,0.7
2026-04-01,PKG-06,1,8,0.76
2026-04-02,PKG-01,2,16,0.74
2026-04-02,PKG-02,2,16,0.72
2026-04-02,PKG-03,1,8,0.81
2026-04-02,PKG-04,1,8,0.69
2026-04-02,PKG-05,1,8,0.7
2026-04-02,PKG-06,1,8,0.76
2026-04-03,PKG-01,2,16,0.74
2026-04-03,PKG-02,2,16,0.72
2026-04-03,PKG-03,1,8,0.81
2026-04-03,PKG-04,1,8,0.69
2026-04-03,PKG-05,1,8,0.7
2026-04-03,PKG-06,1,8,0.76
2026-04-04,PKG-01,2,16,0.74
2026-04-04,PKG-02,2,16,0.72
2026-04-04,PKG-03,1,8,0.81
2026-04-04,PKG-04,1,8,0.69
2026-04-04,PKG-05,1,8,0.7
2026-04-04,PKG-06,1,8,0.76
2026-04-06,PKG-01,2,16,0.74
2026-04-06,PKG-02,2,16,0.72
2026-04-06,PKG-03,1,8,0.81
2026-04-06,PKG-04,1,8,0.69
2026-04-06,PKG-05,1,8,0.7
2026-04-06,PKG-06,1,8,0.76
2026-04-07,PKG-01,2,16,0.74
2026-04-07,PKG-02,2,16,0.72
2026-04-07,PKG-03,1,8,0.81
2026-04-07,PKG-04,1,8,0.69
2026-04-07,PKG-05,1,8,0.7
2026-04-07,PKG-06,1,8,0.76
2026-04-08,PKG-01,2,16,0.74
2026-04-08,PKG-02,2,16,0.72
2026-04-08,PKG-03,1,8,0.81
2026-04-08,PKG-04,1,8,0.69
2026-04-08,PKG-05,1,8,0.7
2026-04-08,PKG-06,1,8,0.76
2026-04-09,PKG-01,2,16,0.74
2026-04-09,PKG-02,2,16,0.72
2026-04-09,PKG-03,1,8,0.81
2026-04-09,PKG-04,1,8,0.69
2026-04-09,PKG-05,1,8,0.7
2026-04-09,PKG-06,1,8,0.76
2026-04-10,PKG-01,2,16,0.74
2026-04-10,PKG-02,2,16,0.72
2026-04-10,PKG-03,1,8,0.81
2026-04-10,PKG-04,1,8,0.69
2026-04-10,PKG-05,1,8,0.7
2026-04-10,PKG-06,1,8,0.76
2026-04-11,PKG-01,2,16,0.74
2026-04-11,PKG-02,2,16,0.72
2026-04-11,PKG-03,1,8,0.81
2026-04-11,PKG-04,1,8,0.69
2026-04-11,PKG-05,1,8,0.7
2026-04-11,PKG-06,1,8,0.76
2026-04-13,PKG-01,2,16,0.74
2026-04-13,PKG-02,2,16,0.72
2026-04-13,PKG-03,1,8,0.81
2026-04-13,PKG-04,1,8,0.69
2026-04-13,PKG-05,1,8,0.7
2026-04-13,PKG-06,1,8,0.76
2026-04-14,PKG-01,2,16,0.74
2026-04-14,PKG-02,2,16,0.72
2026-04-14,PKG-03,1,8,0.81
2026-04-14,PKG-04,1,8,0.69
2026-04-14,PKG-05,1,8,0.7
2026-04-14,PKG-06,1,8,0.76
2026-04-15,PKG-01,2,16,0.74
2026-04-15,PKG-02,2,16,0.72
2026-04-15,PKG-03,1,8,0.81
2026-04-15,PKG-04,1,8,0.69
2026-04-15,PKG-05,1,8,0.7
2026-04-15,PKG-06,1,8,0.76
2026-04-16,PKG-01,2,16,0.74
2026-04-16,PKG-02,2,16,0.72
2026-04-16,PKG-03,1,8,0.81
2026-04-16,PKG-04,1,8,0.69
2026-04-16,PKG-05,1,8,0.7
2026-04-16,PKG-06,1,8,0.76
2026-04-17,PKG-01,2,16,0.74
2026-04-17,PKG-02,2,16,0.72
2026-04-17,PKG-03,1,8,0.81
2026-04-17,PKG-04,1,8,0.69
2026-04-17,PKG-05,1,8,0.7
2026-04-17,PKG-06,1,8,0.76
2026-04-18,PKG-01,2,16,0.74
2026-04-18,PKG-02,2,16,0.72
2026-04-18,PKG-03,1,8,0.81
2026-04-18,PKG-04,1,8,0.69
2026-04-18,PKG-05,1,8,0.7
2026-04-18,PKG-06,1,8,0.76
2026-04-20,PKG-01,2,16,0.74
2026-04-20,PKG-02,2,16,0.72
2026-04-20,PKG-03,1,8,0.81
2026-04-20,PKG-04,1,8,0.69
2026-04-20,PKG-05,1,8,0.7
2026-04-20,PKG-06,1,8,0.76
2026-04-21,PKG-01,2,16,0.74
2026-04-21,PKG-02,2,16,0.72
2026-04-21,PKG-03,1,8,0.81
2026-04-21,PKG-04,1,8,0.69
2026-04-21,PKG-05,1,8,0.7
2026-04-21,PKG-06,1,8,0.76
2026-04-22,PKG-01,2,16,0.74
2026-04-22,PKG-02,2,16,0.72
2026-04-22,PKG-03,1,8,0.81
2026-04-22,PKG-04,1,8,0.69
2026-04-22,PKG-05,1,8,0.7
2026-04-22,PKG-06,1,8,0.76
2026-04-23,PKG-01,2,16,0.74
2026-04-23,PKG-02,2,16,0.72
2026-04-23,PKG-03,1,8,0.81
2026-04-23,PKG-04,1,8,0.69
2026-04-23,PKG-05,1,8,0.7
2026-04-23,PKG-06,1,8,0.76
2026-04-24,PKG-01,2,16,0.74
2026-04-24,PKG-02,2,16,0.72
2026-04-24,PKG-03,1,8,0.81
2026-04-24,PKG-04,1,8,0.69
2026-04-24,PKG-05,1,8,0.7
2026-04-24,PKG-06,1,8,0.76
2026-04-25,PKG-01,2,16,0.74
2026-04-25,PKG-02,2,16,0.72
2026-04-25,PKG-03,1,8,0.81
2026-04-25,PKG-04,1,8,0.69
2026-04-25,PKG-05,1,8,0.7
2026-04-25,PKG-06,1,8,0.76
2026-04-27,PKG-01,2,16,0.74
2026-04-27,PKG-02,2,16,0.72
2026-04-27,PKG-03,1,8,0.81
2026-04-27,PKG-04,1,8,0.69
2026-04-27,PKG-05,1,8,0.7
2026-04-27,PKG-06,1,8,0.76
2026-04-28,PKG-01,2,16,0.74
2026-04-28,PKG-02,2,16,0.72
2026-04-28,PKG-03,1,8,0.81
2026-04-28,PKG-04,1,8,0.69
2026-04-28,PKG-05,1,8,0.7
2026-04-28,PKG-06,1,8,0.76
2026-04-29,PKG-01,2,16,0.74
2026-04-29,PKG-02,2,16,0.72
2026-04-29,PKG-03,1,8,0.81
2026-04-29,PKG-04,1,8,0.69
2026-04-29,PKG-05,1,8,0.7
2026-04-29,PKG-06,1,8,0.76
2026-04-30,PKG-01,2,16,0.74
2026-04-30,PKG-02,2,16,0.72
2026-04-30,PKG-03,1,8,0.81
2026-04-30,PKG-04,1,8,0.69
2026-04-30,PKG-05,1,8,0.7
2026-04-30,PKG-06,1,8,0.76
2026-05-01,PKG-01,2,16,0.74
2026-05-01,PKG-02,2,16,0.72
2026-05-01,PKG-03,1,8,0.81
2026-05-01,PKG-04,1,8,0.69
2026-05-01,PKG-05,1,8,0.7
2026-05-01,PKG-06,1,8,0.76
2026-05-02,PKG-01,2,16,0.74
2026-05-02,PKG-02,2,16,0.72
2026-05-02,PKG-03,1,8,0.81
2026-05-02,PKG-04,1,8,0.69
2026-05-02,PKG-05,1,8,0.7
2026-05-02,PKG-06,1,8,0.76
2026-05-04,PKG-01,2,16,0.74
2026-05-04,PKG-02,2,16,0.72
2026-05-04,PKG-03,1,8,0.81
2026-05-04,PKG-04,1,8,0.69
2026-05-04,PKG-05,1,8,0.7
2026-05-04,PKG-06,1,8,0.76
2026-05-05,PKG-01,2,16,0.74
2026-05-05,PKG-02,2,16,0.72
2026-05-05,PKG-03,1,8,0.81
2026-05-05,PKG-04,1,8,0.69
2026-05-05,PKG-05,1,8,0.7
2026-05-05,PKG-06,1,8,0.76
2026-05-06,PKG-01,2,16,0.74
2026-05-06,PKG-02,2,16,0.72
2026-05-06,PKG-03,1,8,0.81
2026-05-06,PKG-04,1,8,0.69
2026-05-06,PKG-05,1,8,0.7
2026-05-06,PKG-06,1,8,0.76
2026-05-07,PKG-01,2,16,0.74
2026-05-07,PKG-02,2,16,0.72
2026-05-07,PKG-03,1,8,0.81
2026-05-07,PKG-04,1,8,0.69
2026-05-07,PKG-05,1,8,0.7
2026-05-07,PKG-06,1,8,0.76
2026-05-08,PKG-01,2,16,0.74
2026-05-08,PKG-02,2,16,0.72
2026-05-08,PKG-03,1,8,0.81
2026-05-08,PKG-04,1,8,0.69
2026-05-08,PKG-05,1,8,0.7
2026-05-08,PKG-06,1,8,0.76
2026-05-09,PKG-01,2,16,0.74
2026-05-09,PKG-02,2,16,0.72
2026-05-09,PKG-03,1,8,0.81
2026-05-09,PKG-04,1,8,0.69
2026-05-09,PKG-05,1,8,0.7
2026-05-09,PKG-06,1,8,0.76
2026-05-11,PKG-01,2,16,0.74
2026-05-11,PKG-02,2,16,0.72
2026-05-11,PKG-03,1,8,0.81
2026-05-11,PKG-04,1,8,0.69
2026-05-11,PKG-05,1,8,0.7
2026-05-11,PKG-06,1,8,0.76
2026-05-12,PKG-01,2,16,0.74
2026-05-12,PKG-02,2,16,0.72
2026-05-12,PKG-03,1,8,0.81
2026-05-12,PKG-04,1,8,0.69
2026-05-12,PKG-05,1,8,0.7
2026-05-12,PKG-06,1,8,0.76
2026-05-13,PKG-01,2,16,0.74
2026-05-13,PKG-02,2,16,0.72
2026-05-13,PKG-03,1,8,0.81
2026-05-13,PKG-04,1,8,0.69
2026-05-13,PKG-05,1,8,0.7
2026-05-13,PKG-06,1,8,0.76
2026-05-14,PKG-01,2,16,0.74
2026-05-14,PKG-02,2,16,0.72
2026-05-14,PKG-03,1,8,0.81
2026-05-14,PKG-04,1,8,0.69
2026-05-14,PKG-05,1,8,0.7
2026-05-14,PKG-06,1,8,0.76
2026-05-15,PKG-01,2,16,0.74
2026-05-15,PKG-02,2,16,0.72
2026-05-15,PKG-03,1,8,0.81
2026-05-15,PKG-04,1,8,0.69
2026-05-15,PKG-05,1,8,0.7
2026-05-15,PKG-06,1,8,0.76
2026-05-16,PKG-01,2,16,0.74
2026-05-16,PKG-02,2,16,0.72
2026-05-16,PKG-03,1,8,0.81
2026-05-16,PKG-04,1,8,0.69
2026-05-16,PKG-05,1,8,0.7
2026-05-16,PKG-06,1,8,0.76
2026-05-18,PKG-01,2,16,0.74
2026-05-18,PKG-02,2,16,0.72
2026-05-18,PKG-03,1,8,0.81
2026-05-18,PKG-04,1,8,0.69
2026-05-18,PKG-05,1,8,0.7
2026-05-18,PKG-06,1,8,0.76
2026-05-19,PKG-01,2,16,0.74
2026-05-19,PKG-02,2,16,0.72
2026-05-19,PKG-03,1,8,0.81
2026-05-19,PKG-04,1,8,0.69
2026-05-19,PKG-05,1,8,0.7
2026-05-19,PKG-06,1,8,0.76
2026-05-20,PKG-01,2,16,0.74
2026-05-20,PKG-02,2,16,0.72
2026-05-20,PKG-03,1,8,0.81
2026-05-20,PKG-04,1,8,0.69
2026-05-20,PKG-05,1,8,0.7
2026-05-20,PKG-06,1,8,0.76
2026-05-21,PKG-01,2,16,0.74
2026-05-21,PKG-02,2,16,0.72
2026-05-21,PKG-03,1,8,0.81
2026-05-21,PKG-04,1,8,0.69
2026-05-21,PKG-05,1,8,0.7
2026-05-21,PKG-06,1,8,0.76
2026-05-22,PKG-01,2,16,0.74
2026-05-22,PKG-02,2,16,0.72
2026-05-22,PKG-03,1,8,0.81
2026-05-22,PKG-04,1,8,0.69
2026-05-22,PKG-05,1,8,0.7
2026-05-22,PKG-06,1,8,0.76
2026-05-23,PKG-01,2,16,0.74
2026-05-23,PKG-02,2,16,0.72
2026-05-23,PKG-03,1,8,0.81
2026-05-23,PKG-04,1,8,0.69
2026-05-23,PKG-05,1,8,0.7
2026-05-23,PKG-06,1,8,0.76
2026-05-25,PKG-01,2,16,0.74
2026-05-25,PKG-02,2,16,0.72
2026-05-25,PKG-03,1,8,0.81
2026-05-25,PKG-04,1,8,0.69
2026-05-25,PKG-05,1,8,0.7
2026-05-25,PKG-06,1,8,0.76
2026-05-26,PKG-01,2,16,0.74
2026-05-26,PKG-02,2,16,0.72
2026-05-26,PKG-03,1,8,0.81
2026-05-26,PKG-04,1,8,0.69
2026-05-26,PKG-05,1,8,0.7
2026-05-26,PKG-06,1,8,0.76
2026-05-27,PKG-01,2,16,0.74
2026-05-27,PKG-02,2,16,0.72
2026-05-27,PKG-03,1,8,0.81
2026-05-27,PKG-04,1,8,0.69
2026-05-27,PKG-05,1,8,0.7
2026-05-27,PKG-06,1,8,0.76
2026-05-28,PKG-01,2,16,0.74
2026-05-28,PKG-02,2,16,0.72
2026-05-28,PKG-03,1,8,0.81
2026-05-28,PKG-04,1,8,0.69
2026-05-28,PKG-05,1,8,0.7
2026-05-28,PKG-06,1,8,0.76
2026-05-29,PKG-01,2,16,0.74
2026-05-29,PKG-02,2,16,0.72
2026-05-29,PKG-03,1,8,0.81
2026-05-29,PKG-04,1,8,0.69
2026-05-29,PKG-05,1,8,0.7
2026-05-29,PKG-06,1,8,0.76
2026-05-30,PKG-01,2,16,0.74
2026-05-30,PKG-02,2,16,0.72
2026-05-30,PKG-03,1,8,0.81
2026-05-30,PKG-04,1,8,0.69
2026-05-30,PKG-05,1,8,0.7
2026-05-30,PKG-06,1,8,0.76
2026-06-01,PKG-01,2,16,0.74
2026-06-01,PKG-02,2,16,0.72
2026-06-01,PKG-03,1,8,0.81
2026-06-01,PKG-04,1,8,0.69
2026-06-01,PKG-05,1,8,0.7
2026-06-01,PKG-06,1,8,0.76
2026-06-02,PKG-01,2,16,0.74
2026-06-02,PKG-02,2,16,0.72
2026-06-02,PKG-03,1,8,0.81
2026-06-02,PKG-04,1,8,0.69
2026-06-02,PKG-05,1,8,0.7
2026-06-02,PKG-06,1,8,0.76
2026-06-03,PKG-01,2,16,0.74
2026-06-03,PKG-02,2,16,0.72
2026-06-03,PKG-03,1,8,0.81
2026-06-03,PKG-04,1,8,0.69
2026-06-03,PKG-05,1,8,0.7
2026-06-03,PKG-06,1,8,0.76
2026-06-04,PKG-01,2,16,0.74
2026-06-04,PKG-02,2,16,0.72
2026-06-04,PKG-03,1,8,0.81
2026-06-04,PKG-04,1,8,0.69
2026-06-04,PKG-05,1,8,0.7
2026-06-04,PKG-06,1,8,0.76
2026-06-05,PKG-01,2,16,0.74
2026-06-05,PKG-02,2,16,0.72
2026-06-05,PKG-03,1,8,0.81
2026-06-05,PKG-04,1,8,0.69
2026-06-05,PKG-05,1,8,0.7
2026-06-05,PKG-06,1,8,0.76
2026-06-06,PKG-01,2,16,0.74
2026-06-06,PKG-02,2,16,0.72
2026-06-06,PKG-03,1,8,0.81
2026-06-06,PKG-04,1,8,0.69
2026-06-06,PKG-05,1,8,0.7
2026-06-06,PKG-06,1,8,0.76
2026-06-08,PKG-01,2,16,0.74
2026-06-08,PKG-02,2,16,0.72
2026-06-08,PKG-03,1,8,0.81
2026-06-08,PKG-04,1,8,0.69
2026-06-08,PKG-05,1,8,0.7
2026-06-08,PKG-06,1,8,0.76
2026-06-09,PKG-01,2,16,0.74
2026-06-09,PKG-02,2,16,0.72
2026-06-09,PKG-03,1,8,0.81
2026-06-09,PKG-04,1,8,0.69
2026-06-09,PKG-05,1,8,0.7
2026-06-09,PKG-06,1,8,0.76
2026-06-10,PKG-01,2,16,0.74
2026-06-10,PKG-02,2,16,0.72
2026-06-10,PKG-03,1,8,0.81
2026-06-10,PKG-04,1,8,0.69
2026-06-10,PKG-05,1,8,0.7
2026-06-10,PKG-06,1,8,0.76
2026-06-11,PKG-01,2,16,0.74
2026-06-11,PKG-02,2,16,0.72
2026-06-11,PKG-03,1,8,0.81
2026-06-11,PKG-04,1,8,0.69
2026-06-11,PKG-05,1,8,0.7
2026-06-11,PKG-06,1,8,0.76
2026-06-12,PKG-01,2,16,0.74
2026-06-12,PKG-02,2,16,0.72
2026-06-12,PKG-03,1,8,0.81
2026-06-12,PKG-04,1,8,0.69
2026-06-12,PKG-05,1,8,0.7
2026-06-12,PKG-06,1,8,0.76
2026-06-13,PKG-01,2,16,0.74
2026-06-13,PKG-02,2,16,0.72
2026-06-13,PKG-03,1,8,0.81
2026-06-13,PKG-04,1,8,0.69
2026-06-13,PKG-05,1,8,0.7
2026-06-13,PKG-06,1,8,0.76
2026-06-15,PKG-01,2,16,0.74
2026-06-15,PKG-02,2,16,0.72
2026-06-15,PKG-03,1,8,0.81
2026-06-15,PKG-04,1,8,0.69
2026-06-15,PKG-05,1,8,0.7
2026-06-15,PKG-06,1,8,0.76
2026-06-16,PKG-01,2,16,0.74
2026-06-16,PKG-02,2,16,0.72
2026-06-16,PKG-03,1,8,0.81
2026-06-16,PKG-04,1,8,0.69
2026-06-16,PKG-05,1,8,0.7
2026-06-16,PKG-06,1,8,0.76
2026-06-17,PKG-01,2,16,0.74
2026-06-17,PKG-02,2,16,0.72
2026-06-17,PKG-03,1,8,0.81
2026-06-17,PKG-04,1,8,0.69
2026-06-17,PKG-05,1,8,0.7
2026-06-17,PKG-06,1,8,0.76
2026-06-18,PKG-01,2,16,0.74
2026-06-18,PKG-02,2,16,0.72
2026-06-18,PKG-03,1,8,0.81
2026-06-18,PKG-04,1,8,0.69
2026-06-18,PKG-05,1,8,0.7
2026-06-18,PKG-06,1,8,0.76
2026-06-19,PKG-01,2,16,0.74
2026-06-19,PKG-02,2,16,0.72
2026-06-19,PKG-03,1,8,0.81
2026-06-19,PKG-04,1,8,0.69
2026-06-19,PKG-05,1,8,0.7
2026-06-19,PKG-06,1,8,0.76
2026-06-20,PKG-01,2,16,0.74
2026-06-20,PKG-02,2,16,0.72
2026-06-20,PKG-03,1,8,0.81
2026-06-20,PKG-04,1,8,0.69
2026-06-20,PKG-05,1,8,0.7
2026-06-20,PKG-06,1,8,0.76
2026-06-22,PKG-01,2,16,0.74
2026-06-22,PKG-02,2,16,0.72
2026-06-22,PKG-03,1,8,0.81
2026-06-22,PKG-04,1,8,0.69
2026-06-22,PKG-05,1,8,0.7
2026-06-22,PKG-06,1,8,0.76
2026-06-23,PKG-01,2,16,0.74
2026-06-23,PKG-02,2,16,0.72
2026-06-23,PKG-03,1,8,0.81
2026-06-23,PKG-04,1,8,0.69
2026-06-23,PKG-05,1,8,0.7
2026-06-23,PKG-06,1,8,0.76
2026-06-24,PKG-01,2,16,0.74
2026-06-24,PKG-02,2,16,0.72
2026-06-24,PKG-03,1,8,0.81
2026-06-24,PKG-04,1,8,0.69
2026-06-24,PKG-05,1,8,0.7
2026-06-24,PKG-06,1,8,0.76
2026-06-25,PKG-01,2,16,0.74
2026-06-25,PKG-02,2,16,0.72
2026-06-25,PKG-03,1,8,0.81
2026-06-25,PKG-04,1,8,0.69
2026-06-25,PKG-05,1,8,0.7
2026-06-25,PKG-06,1,8,0.76
2026-06-26,PKG-01,2,16,0.74
2026-06-26,PKG-02,2,16,0.72
2026-06-26,PKG-03,1,8,0.81
2026-06-26,PKG-04,1,8,0.69
2026-06-26,PKG-05,1,8,0.7
2026-06-26,PKG-06,1,8,0.76
2026-06-27,PKG-01,2,16,0.74
2026-06-27,PKG-02,2,16,0.72
2026-06-27,PKG-03,1,8,0.81
2026-06-27,PKG-04,1,8,0.69
2026-06-27,PKG-05,1,8,0.7
2026-06-27,PKG-06,1,8,0.76
2026-06-29,PKG-01,2,16,0.74
2026-06-29,PKG-02,2,16,0.72
2026-06-29,PKG-03,1,8,0.81
2026-06-29,PKG-04,1,8,0.69
2026-06-29,PKG-05,1,8,0.7
2026-06-29,PKG-06,1,8,0.76
2026-06-30,PKG-01,2,16,0.74
2026-06-30,PKG-02,2,16,0.72
2026-06-30,PKG-03,1,8,0.81
2026-06-30,PKG-04,1,8,0.69
2026-06-30,PKG-05,1,8,0.7
2026-06-30,PKG-06,1,8,0.76
2026-07-01,PKG-01,2,16,0.74
2026-07-01,PKG-02,2,16,0.72
2026-07-01,PKG-03,1,8,0.81
2026-07-01,PKG-04,1,8,0.69
2026-07-01,PKG-05,1,8,0.7
2026-07-01,PKG-06,1,8,0.76
2026-07-02,PKG-01,2,16,0.74
2026-07-02,PKG-02,2,16,0.72
2026-07-02,PKG-03,1,8,0.81
2026-07-02,PKG-04,1,8,0.69
2026-07-02,PKG-05,1,8,0.7
2026-07-02,PKG-06,1,8,0.76
2026-07-03,PKG-01,2,16,0.74
2026-07-03,PKG-02,2,16,0.72
2026-07-03,PKG-03,1,8,0.81
2026-07-03,PKG-04,1,8,0.69
2026-07-03,PKG-05,1,8,0.7
2026-07-03,PKG-06,1,8,0.76
2026-07-04,PKG-01,2,16,0.74
2026-07-04,PKG-02,2,16,0.72
2026-07-04,PKG-03,1,8,0.81
2026-07-04,PKG-04,1,8,0.69
2026-07-04,PKG-05,1,8,0.7
2026-07-04,PKG-06,1,8,0.76
2026-07-06,PKG-01,2,16,0.74
2026-07-06,PKG-02,2,16,0.72
2026-07-06,PKG-03,1,8,0.81
2026-07-06,PKG-04,1,8,0.69
2026-07-06,PKG-05,1,8,0.7
2026-07-06,PKG-06,1,8,0.76
2026-07-07,PKG-01,2,16,0.74
2026-07-07,PKG-02,2,16,0.72
2026-07-07,PKG-03,1,8,0.81
2026-07-07,PKG-04,1,8,0.69
2026-07-07,PKG-05,1,8,0.7
2026-07-07,PKG-06,1,8,0.76
2026-07-08,PKG-01,2,16,0.74
2026-07-08,PKG-02,2,16,0.72
2026-07-08,PKG-03,1,8,0.81
2026-07-08,PKG-04,1,8,0.69
2026-07-08,PKG-05,1,8,0.7
2026-07-08,PKG-06,1,8,0.76
2026-07-09,PKG-01,2,16,0.74
2026-07-09,PKG-02,2,16,0.72
2026-07-09,PKG-03,1,8,0.81
2026-07-09,PKG-04,1,8,0.69
2026-07-09,PKG-05,1,8,0.7
2026-07-09,PKG-06,1,8,0.76
2026-07-10,PKG-01,2,16,0.74
2026-07-10,PKG-02,2,16,0.72
2026-07-10,PKG-03,1,8,0.81
2026-07-10,PKG-04,1,8,0.69
2026-07-10,PKG-05,1,8,0.7
2026-07-10,PKG-06,1,8,0.76
2026-07-11,PKG-01,2,16,0.74
2026-07-11,PKG-02,2,16,0.72
2026-07-11,PKG-03,1,8,0.81
2026-07-11,PKG-04,1,8,0.69
2026-07-11,PKG-05,1,8,0.7
2026-07-11,PKG-06,1,8,0.76
2026-07-13,PKG-01,2,16,0.74
2026-07-13,PKG-02,2,16,0.72
2026-07-13,PKG-03,1,8,0.81
2026-07-13,PKG-04,1,8,0.69
2026-07-13,PKG-05,1,8,0.7
2026-07-13,PKG-06,1,8,0.76
2026-07-14,PKG-01,2,16,0.74
2026-07-14,PKG-02,2,16,0.72
2026-07-14,PKG-03,1,8,0.81
2026-07-14,PKG-04,1,8,0.69
2026-07-14,PKG-05,1,8,0.7
2026-07-14,PKG-06,1,8,0.76
2026-07-15,PKG-01,2,16,0.74
2026-07-15,PKG-02,2,16,0.72
2026-07-15,PKG-03,1,8,0.81
2026-07-15,PKG-04,1,8,0.69
2026-07-15,PKG-05,1,8,0.7
2026-07-15,PKG-06,1,8,0.76
2026-07-16,PKG-01,2,16,0.74
2026-07-16,PKG-02,2,16,0.72
2026-07-16,PKG-03,1,8,0.81
2026-07-16,PKG-04,1,8,0.69
2026-07-16,PKG-05,1,8,0.7
2026-07-16,PKG-06,1,8,0.76
2026-07-17,PKG-01,2,16,0.74
2026-07-17,PKG-02,2,16,0.72
2026-07-17,PKG-03,1,8,0.81
2026-07-17,PKG-04,1,8,0.69
2026-07-17,PKG-05,1,8,0.7
2026-07-17,PKG-06,1,8,0.76
2026-07-18,PKG-01,2,16,0.74
2026-07-18,PKG-02,2,16,0.72
2026-07-18,PKG-03,1,8,0.81
2026-07-18,PKG-04,1,8,0.69
2026-07-18,PKG-05,1,8,0.7
2026-07-18,PKG-06,1,8,0.76
2026-07-20,PKG-01,2,16,0.74
2026-07-20,PKG-02,2,16,0.72
2026-07-20,PKG-03,1,8,0.81
2026-07-20,PKG-04,1,8,0.69
2026-07-20,PKG-05,1,8,0.7
2026-07-20,PKG-06,1,8,0.76
2026-07-21,PKG-01,2,16,0.74
2026-07-21,PKG-02,2,16,0.72
2026-07-21,PKG-03,1,8,0.81
2026-07-21,PKG-04,1,8,0.69
2026-07-21,PKG-05,1,8,0.7
2026-07-21,PKG-06,1,8,0.76
2026-07-22,PKG-01,2,16,0.74
2026-07-22,PKG-02,2,16,0.72
2026-07-22,PKG-03,1,8,0.81
2026-07-22,PKG-04,1,8,0.69
2026-07-22,PKG-05,1,8,0.7
2026-07-22,PKG-06,1,8,0.76
2026-07-23,PKG-01,2,16,0.74
2026-07-23,PKG-02,2,16,0.72
2026-07-23,PKG-03,1,8,0.81
2026-07-23,PKG-04,1,8,0.69
2026-07-23,PKG-05,1,8,0.7
2026-07-23,PKG-06,1,8,0.76
2026-07-24,PKG-01,2,16,0.74
2026-07-24,PKG-02,2,16,0.72
2026-07-24,PKG-03,1,8,0.81
2026-07-24,PKG-04,1,8,0.69
2026-07-24,PKG-05,1,8,0.7
2026-07-24,PKG-06,1,8,0.76
2026-07-25,PKG-01,2,16,0.74
2026-07-25,PKG-02,2,16,0.72
2026-07-25,PKG-03,1,8,0.81
2026-07-25,PKG-04,1,8,0.69
2026-07-25,PKG-05,1,8,0.7
2026-07-25,PKG-06,1,8,0.76
2026-07-27,PKG-01,2,16,0.74
2026-07-27,PKG-02,2,16,0.72
2026-07-27,PKG-03,1,8,0.81
2026-07-27,PKG-04,1,8,0.69
2026-07-27,PKG-05,1,8,0.7
2026-07-27,PKG-06,1,8,0.76
2026-07-28,PKG-01,2,16,0.74
2026-07-28,PKG-02,2,16,0.72
2026-07-28,PKG-03,1,8,0.81
2026-07-28,PKG-04,1,8,0.69
2026-07-28,PKG-05,1,8,0.7
2026-07-28,PKG-06,1,8,0.76
2026-07-29,PKG-01,2,16,0.74
2026-07-29,PKG-02,2,16,0.72
2026-07-29,PKG-03,1,8,0.81
2026-07-29,PKG-04,1,8,0.69
2026-07-29,PKG-05,1,8,0.7
2026-07-29,PKG-06,1,8,0.76
2026-07-30,PKG-01,2,16,0.74
2026-07-30,PKG-02,2,16,0.72
2026-07-30,PKG-03,1,8,0.81
2026-07-30,PKG-04,1,8,0.69
2026-07-30,PKG-05,1,8,0.7
2026-07-30,PKG-06,1,8,0.76
2026-07-31,PKG-01,2,16,0.74
2026-07-31,PKG-02,2,16,0.72
2026-07-31,PKG-03,1,8,0.81
2026-07-31,PKG-04,1,8,0.69
2026-07-31,PKG-05,1,8,0.7
2026-07-31,PKG-06,1,8,0.76
2026-08-01,PKG-01,2,16,0.74
2026-08-01,PKG-02,2,16,0.72
2026-08-01,PKG-03,1,8,0.81
2026-08-01,PKG-04,1,8,0.69
2026-08-01,PKG-05,1,8,0.7
2026-08-01,PKG-06,1,8,0.76
2026-08-03,PKG-01,2,16,0.74
2026-08-03,PKG-02,2,16,0.72
2026-08-03,PKG-03,1,8,0.81
2026-08-03,PKG-04,1,8,0.69
2026-08-03,PKG-05,1,8,0.7
2026-08-03,PKG-06,1,8,0.76
2026-08-04,PKG-01,2,16,0.74
2026-08-04,PKG-02,2,16,0.72
2026-08-04,PKG-03,1,8,0.81
2026-08-04,PKG-04,1,8,0.69
2026-08-04,PKG-05,1,8,0.7
2026-08-04,PKG-06,1,8,0.76
2026-08-05,PKG-01,2,16,0.74
2026-08-05,PKG-02,2,16,0.72
2026-08-05,PKG-03,1,8,0.81
2026-08-05,PKG-04,1,8,0.69
2026-08-05,PKG-05,1,8,0.7
2026-08-05,PKG-06,1,8,0.76
2026-08-06,PKG-01,2,16,0.74
2026-08-06,PKG-02,2,16,0.72
2026-08-06,PKG-03,1,8,0.81
2026-08-06,PKG-04,1,8,0.69
2026-08-06,PKG-05,1,8,0.7
2026-08-06,PKG-06,1,8,0.76
2026-08-07,PKG-01,2,16,0.74
2026-08-07,PKG-02,2,16,0.72
2026-08-07,PKG-03,1,8,0.81
2026-08-07,PKG-04,1,8,0.69
2026-08-07,PKG-05,1,8,0.7
2026-08-07,PKG-06,1,8,0.76
2026-08-08,PKG-01,2,16,0.74
2026-08-08,PKG-02,2,16,0.72
2026-08-08,PKG-03,1,8,0.81
2026-08-08,PKG-04,1,8,0.69
2026-08-08,PKG-05,1,8,0.7
2026-08-08,PKG-06,1,8,0.76
2026-08-10,PKG-01,2,16,0.74
2026-08-10,PKG-02,2,16,0.72
2026-08-10,PKG-03,1,8,0.81
2026-08-10,PKG-04,1,8,0.69
2026-08-10,PKG-05,1,8,0.7
2026-08-10,PKG-06,1,8,0.76
2026-08-11,PKG-01,2,16,0.74
2026-08-11,PKG-02,2,16,0.72
2026-08-11,PKG-03,1,8,0.81
2026-08-11,PKG-04,1,8,0.69
2026-08-11,PKG-05,1,8,0.7
2026-08-11,PKG-06,1,8,0.76
2026-08-12,PKG-01,2,16,0.74
2026-08-12,PKG-02,2,16,0.72
2026-08-12,PKG-03,1,8,0.81
2026-08-12,PKG-04,1,8,0.69
2026-08-12,PKG-05,1,8,0.7
2026-08-12,PKG-06,1,8,0.76
2026-08-13,PKG-01,2,16,0.74
2026-08-13,PKG-02,2,16,0.72
2026-08-13,PKG-03,1,8,0.81
2026-08-13,PKG-04,1,8,0.69
2026-08-13,PKG-05,1,8,0.7
2026-08-13,PKG-06,1,8,0.76
2026-08-14,PKG-01,2,16,0.74
2026-08-14,PKG-02,2,16,0.72
2026-08-14,PKG-03,1,8,0.81
2026-08-14,PKG-04,1,8,0.69
2026-08-14,PKG-05,1,8,0.7
2026-08-14,PKG-06,1,8,0.76
2026-08-15,PKG-01,2,16,0.74
2026-08-15,PKG-02,2,16,0.72
2026-08-15,PKG-03,1,8,0.81
2026-08-15,PKG-04,1,8,0.69
2026-08-15,PKG-05,1,8,0.7
2026-08-15,PKG-06,1,8,0.76
2026-08-17,PKG-01,2,16,0.74
2026-08-17,PKG-02,2,16,0.72
2026-08-17,PKG-03,1,8,0.81
2026-08-17,PKG-04,1,8,0.69
2026-08-17,PKG-05,1,8,0.7
2026-08-17,PKG-06,1,8,0.76
2026-08-18,PKG-01,2,16,0.74
2026-08-18,PKG-02,2,16,0.72
2026-08-18,PKG-03,1,8,0.81
2026-08-18,PKG-04,1,8,0.69
2026-08-18,PKG-05,1,8,0.7
2026-08-18,PKG-06,1,8,0.76
2026-08-19,PKG-01,2,16,0.74
2026-08-19,PKG-02,2,16,0.72
2026-08-19,PKG-03,1,8,0.81
2026-08-19,PKG-04,1,8,0.69
2026-08-19,PKG-05,1,8,0.7
2026-08-19,PKG-06,1,8,0.76
2026-08-20,PKG-01,2,16,0.74
2026-08-20,PKG-02,2,16,0.72
2026-08-20,PKG-03,1,8,0.81
2026-08-20,PKG-04,1,8,0.69
2026-08-20,PKG-05,1,8,0.7
2026-08-20,PKG-06,1,8,0.76
2026-08-21,PKG-01,2,16,0.74
2026-08-21,PKG-02,2,16,0.72
2026-08-21,PKG-03,1,8,0.81
2026-08-21,PKG-04,1,8,0.69
2026-08-21,PKG-05,1,8,0.7
2026-08-21,PKG-06,1,8,0.76
2026-08-22,PKG-01,2,16,0.74
2026-08-22,PKG-02,2,16,0.72
2026-08-22,PKG-03,1,8,0.81
2026-08-22,PKG-04,1,8,0.69
2026-08-22,PKG-05,1,8,0.7
2026-08-22,PKG-06,1,8,0.76
2026-08-24,PKG-01,2,16,0.74
2026-08-24,PKG-02,2,16,0.72
2026-08-24,PKG-03,1,8,0.81
2026-08-24,PKG-04,1,8,0.69
2026-08-24,PKG-05,1,8,0.7
2026-08-24,PKG-06,1,8,0.76
2026-08-25,PKG-01,2,16,0.74
2026-08-25,PKG-02,2,16,0.72
2026-08-25,PKG-03,1,8,0.81
2026-08-25,PKG-04,1,8,0.69
2026-08-25,PKG-05,1,8,0.7
2026-08-25,PKG-06,1,8,0.76
2026-08-26,PKG-01,2,16,0.74
2026-08-26,PKG-02,2,16,0.72
2026-08-26,PKG-03,1,8,0.81
2026-08-26,PKG-04,1,8,0.69
2026-08-26,PKG-05,1,8,0.7
2026-08-26,PKG-06,1,8,0.76
2026-08-27,PKG-01,2,16,0.74
2026-08-27,PKG-02,2,16,0.72
2026-08-27,PKG-03,1,8,0.81
2026-08-27,PKG-04,1,8,0.69
2026-08-27,PKG-05,1,8,0.7
2026-08-27,PKG-06,1,8,0.76
2026-08-28,PKG-01,2,16,0.74
2026-08-28,PKG-02,2,16,0.72
2026-08-28,PKG-03,1,8,0.81
2026-08-28,PKG-04,1,8,0.69
2026-08-28,PKG-05,1,8,0.7
2026-08-28,PKG-06,1,8,0.76
2026-08-29,PKG-01,2,16,0.74
2026-08-29,PKG-02,2,16,0.72
2026-08-29,PKG-03,1,8,0.81
2026-08-29,PKG-04,1,8,0.69
2026-08-29,PKG-05,1,8,0.7
2026-08-29,PKG-06,1,8,0.76
2026-08-31,PKG-01,2,16,0.74
2026-08-31,PKG-02,2,16,0.72
2026-08-31,PKG-03,1,8,0.81
2026-08-31,PKG-04,1,8,0.69
2026-08-31,PKG-05,1,8,0.7
2026-08-31,PKG-06,1,8,0.76
2026-09-01,PKG-01,2,16,0.74
2026-09-01,PKG-02,2,16,0.72
2026-09-01,PKG-03,1,8,0.81
2026-09-01,PKG-04,1,8,0.69
2026-09-01,PKG-05,1,8,0.7
2026-09-01,PKG-06,1,8,0.76
2026-09-02,PKG-01,2,16,0.74
2026-09-02,PKG-02,2,16,0.72
2026-09-02,PKG-03,1,8,0.81
2026-09-02,PKG-04,1,8,0.69
2026-09-02,PKG-05,1,8,0.7
2026-09-02,PKG-06,1,8,0.76
2026-09-03,PKG-01,2,16,0.74
2026-09-03,PKG-02,2,16,0.72
2026-09-03,PKG-03,1,8,0.81
2026-09-03,PKG-04,1,8,0.69
2026-09-03,PKG-05,1,8,0.7
2026-09-03,PKG-06,1,8,0.76
2026-09-04,PKG-01,2,16,0.74
2026-09-04,PKG-02,2,16,0.72
2026-09-04,PKG-03,1,8,0.81
2026-09-04,PKG-04,1,8,0.69
2026-09-04,PKG-05,1,8,0.7
2026-09-04,PKG-06,1,8,0.76
2026-09-05,PKG-01,2,16,0.74
2026-09-05,PKG-02,2,16,0.72
2026-09-05,PKG-03,1,8,0.81
2026-09-05,PKG-04,1,8,0.69
2026-09-05,PKG-05,1,8,0.7
2026-09-05,PKG-06,1,8,0.76
2026-09-07,PKG-01,2,16,0.74
2026-09-07,PKG-02,2,16,0.72
2026-09-07,PKG-03,1,8,0.81
2026-09-07,PKG-04,1,8,0.69
2026-09-07,PKG-05,1,8,0.7
2026-09-07,PKG-06,1,8,0.76
2026-09-08,PKG-01,2,16,0.74
2026-09-08,PKG-02,2,16,0.72
2026-09-08,PKG-03,1,8,0.81
2026-09-08,PKG-04,1,8,0.69
2026-09-08,PKG-05,1,8,0.7
2026-09-08,PKG-06,1,8,0.76
2026-09-09,PKG-01,2,16,0.74
2026-09-09,PKG-02,2,16,0.72
2026-09-09,PKG-03,1,8,0.81
2026-09-09,PKG-04,1,8,0.69
2026-09-09,PKG-05,1,8,0.7
2026-09-09,PKG-06,1,8,0.76
2026-09-10,PKG-01,2,16,0.74
2026-09-10,PKG-02,2,16,0.72
2026-09-10,PKG-03,1,8,0.81
2026-09-10,PKG-04,1,8,0.69
2026-09-10,PKG-05,1,8,0.7
2026-09-10,PKG-06,1,8,0.76
2026-09-11,PKG-01,2,16,0.74
2026-09-11,PKG-02,2,16,0.72
2026-09-11,PKG-03,1,8,0.81
2026-09-11,PKG-04,1,8,0.69
2026-09-11,PKG-05,1,8,0.7
2026-09-11,PKG-06,1,8,0.76
2026-09-12,PKG-01,2,16,0.74
2026-09-12,PKG-02,2,16,0.72
2026-09-12,PKG-03,1,8,0.81
2026-09-12,PKG-04,1,8,0.69
2026-09-12,PKG-05,1,8,0.7
2026-09-12,PKG-06,1,8,0.76
2026-09-14,PKG-01,2,16,0.74
2026-09-14,PKG-02,2,16,0.72
2026-09-14,PKG-03,1,8,0.81
2026-09-14,PKG-04,1,8,0.69
2026-09-14,PKG-05,1,8,0.7
2026-09-14,PKG-06,1,8,0.76
2026-09-15,PKG-01,2,16,0.74
2026-09-15,PKG-02,2,16,0.72
2026-09-15,PKG-03,1,8,0.81
2026-09-15,PKG-04,1,8,0.69
2026-09-15,PKG-05,1,8,0.7
2026-09-15,PKG-06,1,8,0.76
2026-09-16,PKG-01,2,16,0.74
2026-09-16,PKG-02,2,16,0.72
2026-09-16,PKG-03,1,8,0.81
2026-09-16,PKG-04,1,8,0.69
2026-09-16,PKG-05,1,8,0.7
2026-09-16,PKG-06,1,8,0.76
2026-09-17,PKG-01,2,16,0.74
2026-09-17,PKG-02,2,16,0.72
2026-09-17,PKG-03,1,8,0.81
2026-09-17,PKG-04,1,8,0.69
2026-09-17,PKG-05,1,8,0.7
2026-09-17,PKG-06,1,8,0.76
2026-09-18,PKG-01,2,16,0.74
2026-09-18,PKG-02,2,16,0.72
2026-09-18,PKG-03,1,8,0.81
2026-09-18,PKG-04,1,8,0.69
2026-09-18,PKG-05,1,8,0.7
2026-09-18,PKG-06,1,8,0.76
2026-09-19,PKG-01,2,16,0.74
2026-09-19,PKG-02,2,16,0.72
2026-09-19,PKG-03,1,8,0.81
2026-09-19,PKG-04,1,8,0.69
2026-09-19,PKG-05,1,8,0.7
2026-09-19,PKG-06,1,8,0.76
2026-09-21,PKG-01,2,16,0.74
2026-09-21,PKG-02,2,16,0.72
2026-09-21,PKG-03,1,8,0.81
2026-09-21,PKG-04,1,8,0.69
2026-09-21,PKG-05,1,8,0.7
2026-09-21,PKG-06,1,8,0.76
2026-09-22,PKG-01,2,16,0.74
2026-09-22,PKG-02,2,16,0.72
2026-09-22,PKG-03,1,8,0.81
2026-09-22,PKG-04,1,8,0.69
2026-09-22,PKG-05,1,8,0.7
2026-09-22,PKG-06,1,8,0.76
2026-09-23,PKG-01,2,16,0.74
2026-09-23,PKG-02,2,16,0.72
2026-09-23,PKG-03,1,8,0.81
2026-09-23,PKG-04,1,8,0.69
2026-09-23,PKG-05,1,8,0.7
2026-09-23,PKG-06,1,8,0.76
2026-09-24,PKG-01,2,16,0.74
2026-09-24,PKG-02,2,16,0.72
2026-09-24,PKG-03,1,8,0.81
2026-09-24,PKG-04,1,8,0.69
2026-09-24,PKG-05,1,8,0.7
2026-09-24,PKG-06,1,8,0.76
2026-09-25,PKG-01,2,16,0.74
2026-09-25,PKG-02,2,16,0.72
2026-09-25,PKG-03,1,8,0.81
2026-09-25,PKG-04,1,8,0.69
2026-09-25,PKG-05,1,8,0.7
2026-09-25,PKG-06,1,8,0.76
2026-09-26,PKG-01,2,16,0.74
2026-09-26,PKG-02,2,16,0.72
2026-09-26,PKG-03,1,8,0.81
2026-09-26,PKG-04,1,8,0.69
2026-09-26,PKG-05,1,8,0.7
2026-09-26,PKG-06,1,8,0.76
2026-09-28,PKG-01,2,16,0.74
2026-09-28,PKG-02,2,16,0.72
2026-09-28,PKG-03,1,8,0.81
2026-09-28,PKG-04,1,8,0.69
2026-09-28,PKG-05,1,8,0.7
2026-09-28,PKG-06,1,8,0.76
2026-09-29,PKG-01,2,16,0.74
2026-09-29,PKG-02,2,16,0.72
2026-09-29,PKG-03,1,8,0.81
2026-09-29,PKG-04,1,8,0.69
2026-09-29,PKG-05,1,8,0.7
2026-09-29,PKG-06,1,8,0.76
2026-09-30,PKG-01,2,16,0.74
2026-09-30,PKG-02,2,16,0.72
2026-09-30,PKG-03,1,8,0.81
2026-09-30,PKG-04,1,8,0.69
2026-09-30,PKG-05,1,8,0.7
2026-09-30,PKG-06,1,8,0.76
2026-10-01,PKG-01,2,16,0.74
2026-10-01,PKG-02,2,16,0.72
2026-10-01,PKG-03,1,8,0.81
2026-10-01,PKG-04,1,8,0.69
2026-10-01,PKG-05,1,8,0.7
2026-10-01,PKG-06,1,8,0.76
2026-10-02,PKG-01,2,16,0.74
2026-10-02,PKG-02,2,16,0.72
2026-10-02,PKG-03,1,8,0.81
2026-10-02,PKG-04,1,8,0.69
2026-10-02,PKG-05,1,8,0.7
2026-10-02,PKG-06,1,8,0.76
