regionId,observationDate,uvIndexAnomaly,temperatureMeanAnomalyC,betaUv,betaTempC,modelledUpliftPct,modelId,modelVersion,provenance
REG-COASTAL,2026-02-27,0.392,0.523,8,3.4,4.9142,WXMODEL-UPLIFT-001,1.0,external
REG-SOUTH,2026-02-27,0.382,0.509,8,3.4,4.7866,WXMODEL-UPLIFT-001,1.0,external
REG-DELTA,2026-02-27,0.2,0.267,8,3.4,2.5078,WXMODEL-UPLIFT-001,1.0,external
REG-ISLAND,2026-02-27,0.295,0.394,8,3.4,3.6996,WXMODEL-UPLIFT-001,1.0,external
REG-NORTH,2026-02-27,0.01,0.013,8,3.4,0.1242,WXMODEL-UPLIFT-001,1.0,external
REG-CENTRAL,2026-02-27,-0.003,-0.004,8,3.4,-0.0376,WXMODEL-UPLIFT-001,1.0,external
REG-COASTAL,2026-02-28,0.328,0.437,8,3.4,4.1098,WXMODEL-UPLIFT-001,1.0,external
REG-SOUTH,2026-02-28,0.385,0.513,8,3.4,4.8242,WXMODEL-UPLIFT-001,1.0,external
REG-DELTA,2026-02-28,0.224,0.298,8,3.4,2.8052,WXMODEL-UPLIFT-001,1.0,external
REG-ISLAND,2026-02-28,0.38,0.507,8,3.4,4.7638,WXMODEL-UPLIFT-001,1.0,external
REG-NORTH,2026-02-28,0.006,0.008,8,3.4,0.0752,WXMODEL-UPLIFT-001,1.0,external
REG-CENTRAL,2026-02-28,-0.005,-0.006,8,3.4,-0.0604,WXMODEL-UPLIFT-001,1.0,external
REG-COASTAL,2026-03-01,0.272,0.362,8,3.4,3.4068,WXMODEL-UPLIFT-001,1.0,external
REG-SOUTH,2026-03-01,0.226,0.302,8,3.4,2.8348,WXMODEL-UPLIFT-001,1.0,external
REG-DELTA,2026-03-01,0.212,0.283,8,3.4,2.6582,WXMODEL-UPLIFT-001,1.0,external
REG-ISLAND,2026-03-01,0.242,0.322,8,3.4,3.0308,WXMODEL-UPLIFT-001,1.0,external
REG-NORTH,2026-03-01,0.009,0.012,8,3.4,0.1128,WXMODEL-UPLIFT-001,1.0,external
REG-CENTRAL,2026-03-01,-0.003,-0.004,8,3.4,-0.0376,WXMODEL-UPLIFT-001,1.0,external
REG-COASTAL,2026-03-02,0.223,0.298,8,3.4,2.7972,WXMODEL-UPLIFT-001,1.0,external
REG-SOUTH,2026-03-02,0.233,0.311,8,3.4,2.9214,WXMODEL-UPLIFT-001,1.0,external
REG-DELTA,2026-03-02,0.331,0.441,8,3.4,4.1474,WXMODEL-UPLIFT-001,1.0,external
REG-ISLAND,2026-03-02,0.287,0.382,8,3.4,3.5948,WXMODEL-UPLIFT-001,1.0,external
REG-NORTH,2026-03-02,0.012,0.016,8,3.4,0.1504,WXMODEL-UPLIFT-001,1.0,external
REG-CENTRAL,2026-03-02,-0.003,-0.004,8,3.4,-0.0376,WXMODEL-UPLIFT-001,1.0,external
REG-COASTAL,2026-03-03,0.336,0.447,8,3.4,4.2078,WXMODEL-UPLIFT-001,1.0,external
REG-SOUTH,2026-03-03,0.332,0.442,8,3.4,4.1588,WXMODEL-UPLIFT-001,1.0,external
REG-DELTA,2026-03-03,0.245,0.326,8,3.4,3.0684,WXMODEL-UPLIFT-001,1.0,external
REG-ISLAND,2026-03-03,0.216,0.288,8,3.4,2.7072,WXMODEL-UPLIFT-001,1.0,external
REG-NORTH,2026-03-03,0.011,0.014,8,3.4,0.1356,WXMODEL-UPLIFT-001,1.0,external
REG-CENTRAL,2026-03-03,-0.001,-0.002,8,3.4,-0.0148,WXMODEL-UPLIFT-001,1.0,external
REG-COASTAL,2026-03-04,0.304,0.406,8,3.4,3.8124,WXMODEL-UPLIFT-001,1.0,external
REG-SOUTH,2026-03-04,0.357,0.476,8,3.4,4.4744,WXMODEL-UPLIFT-001,1.0,external
REG-DELTA,2026-03-04,0.275,0.367,8,3.4,3.4478,WXMODEL-UPLIFT-001,1.0,external
REG-ISLAND,2026-03-04,0.242,0.323,8,3.4,3.0342,WXMODEL-UPLIFT-001,1.0,external
REG-NORTH,2026-03-04,0.009,0.012,8,3.4,0.1128,WXMODEL-UPLIFT-001,1.0,external
REG-CENTRAL,2026-03-04,-0.003,-0.004,8,3.4,-0.0376,WXMODEL-UPLIFT-001,1.0,external
REG-COASTAL,2026-03-05,0.491,0.655,8,3.4,6.155,WXMODEL-UPLIFT-001,1.0,external
REG-SOUTH,2026-03-05,0.319,0.426,8,3.4,4.0004,WXMODEL-UPLIFT-001,1.0,external
REG-DELTA,2026-03-05,0.303,0.404,8,3.4,3.7976,WXMODEL-UPLIFT-001,1.0,external
REG-ISLAND,2026-03-05,0.257,0.342,8,3.4,3.2188,WXMODEL-UPLIFT-001,1.0,external
REG-NORTH,2026-03-05,0.01,0.014,8,3.4,0.1276,WXMODEL-UPLIFT-001,1.0,external
REG-CENTRAL,2026-03-05,-0.004,-0.006,8,3.4,-0.0524,WXMODEL-UPLIFT-001,1.0,external
REG-COASTAL,2026-03-06,0.385,0.513,8,3.4,4.8242,WXMODEL-UPLIFT-001,1.0,external
REG-SOUTH,2026-03-06,0.342,0.456,8,3.4,4.2864,WXMODEL-UPLIFT-001,1.0,external
REG-DELTA,2026-03-06,0.27,0.36,8,3.4,3.384,WXMODEL-UPLIFT-001,1.0,external
REG-ISLAND,2026-03-06,0.218,0.29,8,3.4,2.73,WXMODEL-UPLIFT-001,1.0,external
REG-NORTH,2026-03-06,0.005,0.007,8,3.4,0.0638,WXMODEL-UPLIFT-001,1.0,external
REG-CENTRAL,2026-03-06,-0.002,-0.003,8,3.4,-0.0262,WXMODEL-UPLIFT-001,1.0,external
REG-COASTAL,2026-03-07,0.399,0.532,8,3.4,5.0008,WXMODEL-UPLIFT-001,1.0,external
REG-SOUTH,2026-03-07,0.403,0.538,8,3.4,5.0532,WXMODEL-UPLIFT-001,1.0,external
REG-DELTA,2026-03-07,0.282,0.376,8,3.4,3.5344,WXMODEL-UPLIFT-001,1.0,external
REG-ISLAND,2026-03-07,0.258,0.344,8,3.4,3.2336,WXMODEL-UPLIFT-001,1.0,external
REG-NORTH,2026-03-07,0.006,0.008,8,3.4,0.0752,WXMODEL-UPLIFT-001,1.0,external
REG-CENTRAL,2026-03-07,0,0,8,3.4,0,WXMODEL-UPLIFT-001,1.0,external
REG-COASTAL,2026-03-08,0.361,0.481,8,3.4,4.5234,WXMODEL-UPLIFT-001,1.0,external
REG-SOUTH,2026-03-08,0.381,0.508,8,3.4,4.7752,WXMODEL-UPLIFT-001,1.0,external
REG-DELTA,2026-03-08,0.268,0.358,8,3.4,3.3612,WXMODEL-UPLIFT-001,1.0,external
REG-ISLAND,2026-03-08,0.305,0.407,8,3.4,3.8238,WXMODEL-UPLIFT-001,1.0,external
REG-NORTH,2026-03-08,0.007,0.01,8,3.4,0.09,WXMODEL-UPLIFT-001,1.0,external
REG-CENTRAL,2026-03-08,-0.004,-0.005,8,3.4,-0.049,WXMODEL-UPLIFT-001,1.0,external
REG-COASTAL,2026-03-09,0.334,0.445,8,3.4,4.185,WXMODEL-UPLIFT-001,1.0,external
REG-SOUTH,2026-03-09,0.389,0.518,8,3.4,4.8732,WXMODEL-UPLIFT-001,1.0,external
REG-DELTA,2026-03-09,0.252,0.335,8,3.4,3.155,WXMODEL-UPLIFT-001,1.0,external
REG-ISLAND,2026-03-09,0.287,0.383,8,3.4,3.5982,WXMODEL-UPLIFT-001,1.0,external
REG-NORTH,2026-03-09,0.007,0.01,8,3.4,0.09,WXMODEL-UPLIFT-001,1.0,external
REG-CENTRAL,2026-03-09,-0.002,-0.003,8,3.4,-0.0262,WXMODEL-UPLIFT-001,1.0,external
REG-COASTAL,2026-03-10,0.431,0.574,8,3.4,5.3996,WXMODEL-UPLIFT-001,1.0,external
REG-SOUTH,2026-03-10,0.402,0.535,8,3.4,5.035,WXMODEL-UPLIFT-001,1.0,external
REG-DELTA,2026-03-10,0.213,0.284,8,3.4,2.6696,WXMODEL-UPLIFT-001,1.0,external
REG-ISLAND,2026-03-10,0.241,0.321,8,3.4,3.0194,WXMODEL-UPLIFT-001,1.0,external
REG-NORTH,2026-03-10,0.01,0.013,8,3.4,0.1242,WXMODEL-UPLIFT-001,1.0,external
REG-CENTRAL,2026-03-10,-0.001,-0.002,8,3.4,-0.0148,WXMODEL-UPLIFT-001,1.0,external
REG-COASTAL,2026-03-11,0.331,0.442,8,3.4,4.1508,WXMODEL-UPLIFT-001,1.0,external
REG-SOUTH,2026-03-11,0.363,0.485,8,3.4,4.553,WXMODEL-UPLIFT-001,1.0,external
REG-DELTA,2026-03-11,0.287,0.382,8,3.4,3.5948,WXMODEL-UPLIFT-001,1.0,external
REG-ISLAND,2026-03-11,0.19,0.253,8,3.4,2.3802,WXMODEL-UPLIFT-001,1.0,external
REG-NORTH,2026-03-11,0.006,0.008,8,3.4,0.0752,WXMODEL-UPLIFT-001,1.0,external
REG-CENTRAL,2026-03-11,-0.005,-0.007,8,3.4,-0.0638,WXMODEL-UPLIFT-001,1.0,external
REG-COASTAL,2026-03-12,0.452,0.602,8,3.4,5.6628,WXMODEL-UPLIFT-001,1.0,external
REG-SOUTH,2026-03-12,0.441,0.588,8,3.4,5.5272,WXMODEL-UPLIFT-001,1.0,external
REG-DELTA,2026-03-12,0.262,0.349,8,3.4,3.2826,WXMODEL-UPLIFT-001,1.0,external
REG-ISLAND,2026-03-12,0.223,0.298,8,3.4,2.7972,WXMODEL-UPLIFT-001,1.0,external
REG-NORTH,2026-03-12,0.009,0.012,8,3.4,0.1128,WXMODEL-UPLIFT-001,1.0,external
REG-CENTRAL,2026-03-12,-0.003,-0.005,8,3.4,-0.041,WXMODEL-UPLIFT-001,1.0,external
REG-COASTAL,2026-03-13,0.415,0.553,8,3.4,5.2002,WXMODEL-UPLIFT-001,1.0,external
REG-SOUTH,2026-03-13,0.328,0.437,8,3.4,4.1098,WXMODEL-UPLIFT-001,1.0,external
REG-DELTA,2026-03-13,0.245,0.327,8,3.4,3.0718,WXMODEL-UPLIFT-001,1.0,external
REG-ISLAND,2026-03-13,0.224,0.299,8,3.4,2.8086,WXMODEL-UPLIFT-001,1.0,external
REG-NORTH,2026-03-13,0.008,0.01,8,3.4,0.098,WXMODEL-UPLIFT-001,1.0,external
REG-CENTRAL,2026-03-13,-0.001,-0.001,8,3.4,-0.0114,WXMODEL-UPLIFT-001,1.0,external
REG-COASTAL,2026-03-14,0.363,0.484,8,3.4,4.5496,WXMODEL-UPLIFT-001,1.0,external
REG-SOUTH,2026-03-14,0.414,0.552,8,3.4,5.1888,WXMODEL-UPLIFT-001,1.0,external
REG-DELTA,2026-03-14,0.257,0.343,8,3.4,3.2222,WXMODEL-UPLIFT-001,1.0,external
REG-ISLAND,2026-03-14,0.258,0.344,8,3.4,3.2336,WXMODEL-UPLIFT-001,1.0,external
REG-NORTH,2026-03-14,0.006,0.008,8,3.4,0.0752,WXMODEL-UPLIFT-001,1.0,external
REG-CENTRAL,2026-03-14,-0.002,-0.002,8,3.4,-0.0228,WXMODEL-UPLIFT-001,1.0,external
REG-COASTAL,2026-03-15,0.422,0.563,8,3.4,5.2902,WXMODEL-UPLIFT-001,1.0,external
REG-SOUTH,2026-03-15,0.384,0.512,8,3.4,4.8128,WXMODEL-UPLIFT-001,1.0,external
REG-DELTA,2026-03-15,0.265,0.353,8,3.4,3.3202,WXMODEL-UPLIFT-001,1.0,external
REG-ISLAND,2026-03-15,0.254,0.338,8,3.4,3.1812,WXMODEL-UPLIFT-001,1.0,external
REG-NORTH,2026-03-15,0.01,0.013,8,3.4,0.1242,WXMODEL-UPLIFT-001,1.0,external
REG-CENTRAL,2026-03-15,-0.004,-0.005,8,3.4,-0.049,WXMODEL-UPLIFT-001,1.0,external
REG-COASTAL,2026-03-16,0.409,0.545,8,3.4,5.125,WXMODEL-UPLIFT-001,1.0,external
REG-SOUTH,2026-03-16,0.521,0.695,8,3.4,6.531,WXMODEL-UPLIFT-001,1.0,external
REG-DELTA,2026-03-16,0.188,0.251,8,3.4,2.3574,WXMODEL-UPLIFT-001,1.0,external
REG-ISLAND,2026-03-16,0.2,0.267,8,3.4,2.5078,WXMODEL-UPLIFT-001,1.0,external
REG-NORTH,2026-03-16,0.005,0.007,8,3.4,0.0638,WXMODEL-UPLIFT-001,1.0,external
REG-CENTRAL,2026-03-16,-0.004,-0.005,8,3.4,-0.049,WXMODEL-UPLIFT-001,1.0,external
REG-COASTAL,2026-03-17,0.498,0.664,8,3.4,6.2416,WXMODEL-UPLIFT-001,1.0,external
REG-SOUTH,2026-03-17,0.389,0.519,8,3.4,4.8766,WXMODEL-UPLIFT-001,1.0,external
REG-DELTA,2026-03-17,0.183,0.245,8,3.4,2.297,WXMODEL-UPLIFT-001,1.0,external
REG-ISLAND,2026-03-17,0.184,0.246,8,3.4,2.3084,WXMODEL-UPLIFT-001,1.0,external
REG-NORTH,2026-03-17,0.006,0.009,8,3.4,0.0786,WXMODEL-UPLIFT-001,1.0,external
REG-CENTRAL,2026-03-17,-0.001,-0.001,8,3.4,-0.0114,WXMODEL-UPLIFT-001,1.0,external
REG-COASTAL,2026-03-18,0.417,0.556,8,3.4,5.2264,WXMODEL-UPLIFT-001,1.0,external
REG-SOUTH,2026-03-18,0.334,0.445,8,3.4,4.185,WXMODEL-UPLIFT-001,1.0,external
REG-DELTA,2026-03-18,0.228,0.304,8,3.4,2.8576,WXMODEL-UPLIFT-001,1.0,external
REG-ISLAND,2026-03-18,0.182,0.243,8,3.4,2.2822,WXMODEL-UPLIFT-001,1.0,external
REG-NORTH,2026-03-18,0.01,0.014,8,3.4,0.1276,WXMODEL-UPLIFT-001,1.0,external
REG-CENTRAL,2026-03-18,-0.004,-0.005,8,3.4,-0.049,WXMODEL-UPLIFT-001,1.0,external
REG-COASTAL,2026-03-19,0.5,0.666,8,3.4,6.2644,WXMODEL-UPLIFT-001,1.0,external
REG-SOUTH,2026-03-19,0.316,0.421,8,3.4,3.9594,WXMODEL-UPLIFT-001,1.0,external
REG-DELTA,2026-03-19,0.256,0.342,8,3.4,3.2108,WXMODEL-UPLIFT-001,1.0,external
REG-ISLAND,2026-03-19,0.176,0.235,8,3.4,2.207,WXMODEL-UPLIFT-001,1.0,external
REG-NORTH,2026-03-19,0.006,0.008,8,3.4,0.0752,WXMODEL-UPLIFT-001,1.0,external
REG-CENTRAL,2026-03-19,-0.003,-0.004,8,3.4,-0.0376,WXMODEL-UPLIFT-001,1.0,external
REG-COASTAL,2026-03-20,0.42,0.56,8,3.4,5.264,WXMODEL-UPLIFT-001,1.0,external
REG-SOUTH,2026-03-20,0.39,0.52,8,3.4,4.888,WXMODEL-UPLIFT-001,1.0,external
REG-DELTA,2026-03-20,0.243,0.324,8,3.4,3.0456,WXMODEL-UPLIFT-001,1.0,external
REG-ISLAND,2026-03-20,0.23,0.307,8,3.4,2.8838,WXMODEL-UPLIFT-001,1.0,external
REG-NORTH,2026-03-20,0.01,0.014,8,3.4,0.1276,WXMODEL-UPLIFT-001,1.0,external
REG-CENTRAL,2026-03-20,-0.004,-0.005,8,3.4,-0.049,WXMODEL-UPLIFT-001,1.0,external
REG-COASTAL,2026-03-21,0.494,0.658,8,3.4,6.1892,WXMODEL-UPLIFT-001,1.0,external
REG-SOUTH,2026-03-21,0.404,0.538,8,3.4,5.0612,WXMODEL-UPLIFT-001,1.0,external
REG-DELTA,2026-03-21,0.197,0.262,8,3.4,2.4668,WXMODEL-UPLIFT-001,1.0,external
REG-ISLAND,2026-03-21,0.183,0.244,8,3.4,2.2936,WXMODEL-UPLIFT-001,1.0,external
REG-NORTH,2026-03-21,0.008,0.01,8,3.4,0.098,WXMODEL-UPLIFT-001,1.0,external
REG-CENTRAL,2026-03-21,-0.004,-0.005,8,3.4,-0.049,WXMODEL-UPLIFT-001,1.0,external
REG-COASTAL,2026-03-22,0.532,0.71,8,3.4,6.67,WXMODEL-UPLIFT-001,1.0,external
REG-SOUTH,2026-03-22,0.389,0.518,8,3.4,4.8732,WXMODEL-UPLIFT-001,1.0,external
REG-DELTA,2026-03-22,0.226,0.301,8,3.4,2.8314,WXMODEL-UPLIFT-001,1.0,external
REG-ISLAND,2026-03-22,0.147,0.196,8,3.4,1.8424,WXMODEL-UPLIFT-001,1.0,external
REG-NORTH,2026-03-22,0.005,0.007,8,3.4,0.0638,WXMODEL-UPLIFT-001,1.0,external
REG-CENTRAL,2026-03-22,-0.007,-0.009,8,3.4,-0.0866,WXMODEL-UPLIFT-001,1.0,external
REG-COASTAL,2026-03-23,0.283,0.377,8,3.4,3.5458,WXMODEL-UPLIFT-001,1.0,external
REG-SOUTH,2026-03-23,0.381,0.508,8,3.4,4.7752,WXMODEL-UPLIFT-001,1.0,external
REG-DELTA,2026-03-23,0.212,0.282,8,3.4,2.6548,WXMODEL-UPLIFT-001,1.0,external
REG-ISLAND,2026-03-23,0.167,0.223,8,3.4,2.0942,WXMODEL-UPLIFT-001,1.0,external
REG-NORTH,2026-03-23,0.004,0.005,8,3.4,0.049,WXMODEL-UPLIFT-001,1.0,external
REG-CENTRAL,2026-03-23,-0.005,-0.006,8,3.4,-0.0604,WXMODEL-UPLIFT-001,1.0,external
REG-COASTAL,2026-03-24,0.441,0.588,8,3.4,5.5272,WXMODEL-UPLIFT-001,1.0,external
REG-SOUTH,2026-03-24,0.343,0.457,8,3.4,4.2978,WXMODEL-UPLIFT-001,1.0,external
REG-DELTA,2026-03-24,0.2,0.266,8,3.4,2.5044,WXMODEL-UPLIFT-001,1.0,external
REG-ISLAND,2026-03-24,0.198,0.264,8,3.4,2.4816,WXMODEL-UPLIFT-001,1.0,external
REG-NORTH,2026-03-24,0.006,0.008,8,3.4,0.0752,WXMODEL-UPLIFT-001,1.0,external
REG-CENTRAL,2026-03-24,-0.004,-0.005,8,3.4,-0.049,WXMODEL-UPLIFT-001,1.0,external
REG-COASTAL,2026-03-25,0.514,0.686,8,3.4,6.4444,WXMODEL-UPLIFT-001,1.0,external
REG-SOUTH,2026-03-25,0.367,0.489,8,3.4,4.5986,WXMODEL-UPLIFT-001,1.0,external
REG-DELTA,2026-03-25,0.179,0.239,8,3.4,2.2446,WXMODEL-UPLIFT-001,1.0,external
REG-ISLAND,2026-03-25,0.173,0.231,8,3.4,2.1694,WXMODEL-UPLIFT-001,1.0,external
REG-NORTH,2026-03-25,0.007,0.009,8,3.4,0.0866,WXMODEL-UPLIFT-001,1.0,external
REG-CENTRAL,2026-03-25,-0.006,-0.009,8,3.4,-0.0786,WXMODEL-UPLIFT-001,1.0,external
REG-COASTAL,2026-03-26,0.496,0.661,8,3.4,6.2154,WXMODEL-UPLIFT-001,1.0,external
REG-SOUTH,2026-03-26,0.433,0.577,8,3.4,5.4258,WXMODEL-UPLIFT-001,1.0,external
REG-DELTA,2026-03-26,0.186,0.247,8,3.4,2.3278,WXMODEL-UPLIFT-001,1.0,external
REG-ISLAND,2026-03-26,0.198,0.263,8,3.4,2.4782,WXMODEL-UPLIFT-001,1.0,external
REG-NORTH,2026-03-26,0.007,0.01,8,3.4,0.09,WXMODEL-UPLIFT-001,1.0,external
REG-CENTRAL,2026-03-26,-0.007,-0.009,8,3.4,-0.0866,WXMODEL-UPLIFT-001,1.0,external
REG-COASTAL,2026-03-27,0.508,0.678,8,3.4,6.3692,WXMODEL-UPLIFT-001,1.0,external
REG-SOUTH,2026-03-27,0.34,0.453,8,3.4,4.2602,WXMODEL-UPLIFT-001,1.0,external
REG-DELTA,2026-03-27,0.196,0.261,8,3.4,2.4554,WXMODEL-UPLIFT-001,1.0,external
REG-ISLAND,2026-03-27,0.148,0.198,8,3.4,1.8572,WXMODEL-UPLIFT-001,1.0,external
REG-NORTH,2026-03-27,0.007,0.01,8,3.4,0.09,WXMODEL-UPLIFT-001,1.0,external
REG-CENTRAL,2026-03-27,-0.004,-0.006,8,3.4,-0.0524,WXMODEL-UPLIFT-001,1.0,external
REG-COASTAL,2026-03-28,0.456,0.608,8,3.4,5.7152,WXMODEL-UPLIFT-001,1.0,external
REG-SOUTH,2026-03-28,0.323,0.431,8,3.4,4.0494,WXMODEL-UPLIFT-001,1.0,external
REG-DELTA,2026-03-28,0.181,0.242,8,3.4,2.2708,WXMODEL-UPLIFT-001,1.0,external
REG-ISLAND,2026-03-28,0.19,0.254,8,3.4,2.3836,WXMODEL-UPLIFT-001,1.0,external
REG-NORTH,2026-03-28,0.008,0.011,8,3.4,0.1014,WXMODEL-UPLIFT-001,1.0,external
REG-CENTRAL,2026-03-28,-0.003,-0.005,8,3.4,-0.041,WXMODEL-UPLIFT-001,1.0,external
REG-COASTAL,2026-03-29,0.542,0.722,8,3.4,6.7908,WXMODEL-UPLIFT-001,1.0,external
REG-SOUTH,2026-03-29,0.275,0.366,8,3.4,3.4444,WXMODEL-UPLIFT-001,1.0,external
REG-DELTA,2026-03-29,0.16,0.213,8,3.4,2.0042,WXMODEL-UPLIFT-001,1.0,external
REG-ISLAND,2026-03-29,0.232,0.309,8,3.4,2.9066,WXMODEL-UPLIFT-001,1.0,external
REG-NORTH,2026-03-29,0.006,0.008,8,3.4,0.0752,WXMODEL-UPLIFT-001,1.0,external
REG-CENTRAL,2026-03-29,-0.006,-0.008,8,3.4,-0.0752,WXMODEL-UPLIFT-001,1.0,external
REG-COASTAL,2026-03-30,0.443,0.591,8,3.4,5.5534,WXMODEL-UPLIFT-001,1.0,external
REG-SOUTH,2026-03-30,0.326,0.435,8,3.4,4.087,WXMODEL-UPLIFT-001,1.0,external
REG-DELTA,2026-03-30,0.18,0.24,8,3.4,2.256,WXMODEL-UPLIFT-001,1.0,external
REG-ISLAND,2026-03-30,0.178,0.238,8,3.4,2.2332,WXMODEL-UPLIFT-001,1.0,external
REG-NORTH,2026-03-30,0.007,0.01,8,3.4,0.09,WXMODEL-UPLIFT-001,1.0,external
REG-CENTRAL,2026-03-30,-0.007,-0.009,8,3.4,-0.0866,WXMODEL-UPLIFT-001,1.0,external
REG-COASTAL,2026-03-31,0.432,0.576,8,3.4,5.4144,WXMODEL-UPLIFT-001,1.0,external
REG-SOUTH,2026-03-31,0.44,0.587,8,3.4,5.5158,WXMODEL-UPLIFT-001,1.0,external
REG-DELTA,2026-03-31,0.157,0.209,8,3.4,1.9666,WXMODEL-UPLIFT-001,1.0,external
REG-ISLAND,2026-03-31,0.233,0.31,8,3.4,2.918,WXMODEL-UPLIFT-001,1.0,external
REG-NORTH,2026-03-31,0.008,0.011,8,3.4,0.1014,WXMODEL-UPLIFT-001,1.0,external
REG-CENTRAL,2026-03-31,-0.006,-0.008,8,3.4,-0.0752,WXMODEL-UPLIFT-001,1.0,external
REG-COASTAL,2026-04-01,0.489,0.652,8,3.4,6.1288,WXMODEL-UPLIFT-001,1.0,external
REG-SOUTH,2026-04-01,0.346,0.462,8,3.4,4.3388,WXMODEL-UPLIFT-001,1.0,external
REG-DELTA,2026-04-01,0.231,0.308,8,3.4,2.8952,WXMODEL-UPLIFT-001,1.0,external
REG-ISLAND,2026-04-01,0.133,0.177,8,3.4,1.6658,WXMODEL-UPLIFT-001,1.0,external
REG-NORTH,2026-04-01,0.008,0.011,8,3.4,0.1014,WXMODEL-UPLIFT-001,1.0,external
REG-CENTRAL,2026-04-01,-0.006,-0.008,8,3.4,-0.0752,WXMODEL-UPLIFT-001,1.0,external
REG-COASTAL,2026-04-02,0.56,0.746,8,3.4,7.0164,WXMODEL-UPLIFT-001,1.0,external
REG-SOUTH,2026-04-02,0.441,0.588,8,3.4,5.5272,WXMODEL-UPLIFT-001,1.0,external
REG-DELTA,2026-04-02,0.154,0.206,8,3.4,1.9324,WXMODEL-UPLIFT-001,1.0,external
REG-ISLAND,2026-04-02,0.196,0.261,8,3.4,2.4554,WXMODEL-UPLIFT-001,1.0,external
REG-NORTH,2026-04-02,0.011,0.014,8,3.4,0.1356,WXMODEL-UPLIFT-001,1.0,external
REG-CENTRAL,2026-04-02,-0.005,-0.007,8,3.4,-0.0638,WXMODEL-UPLIFT-001,1.0,external
REG-COASTAL,2026-04-03,0.52,0.693,8,3.4,6.5162,WXMODEL-UPLIFT-001,1.0,external
REG-SOUTH,2026-04-03,0.248,0.331,8,3.4,3.1094,WXMODEL-UPLIFT-001,1.0,external
REG-DELTA,2026-04-03,0.196,0.261,8,3.4,2.4554,WXMODEL-UPLIFT-001,1.0,external
REG-ISLAND,2026-04-03,0.235,0.313,8,3.4,2.9442,WXMODEL-UPLIFT-001,1.0,external
REG-NORTH,2026-04-03,0.01,0.014,8,3.4,0.1276,WXMODEL-UPLIFT-001,1.0,external
REG-CENTRAL,2026-04-03,-0.005,-0.006,8,3.4,-0.0604,WXMODEL-UPLIFT-001,1.0,external
REG-COASTAL,2026-04-04,0.506,0.675,8,3.4,6.343,WXMODEL-UPLIFT-001,1.0,external
REG-SOUTH,2026-04-04,0.298,0.398,8,3.4,3.7372,WXMODEL-UPLIFT-001,1.0,external
REG-DELTA,2026-04-04,0.213,0.283,8,3.4,2.6662,WXMODEL-UPLIFT-001,1.0,external
REG-ISLAND,2026-04-04,0.201,0.267,8,3.4,2.5158,WXMODEL-UPLIFT-001,1.0,external
REG-NORTH,2026-04-04,0.012,0.017,8,3.4,0.1538,WXMODEL-UPLIFT-001,1.0,external
REG-CENTRAL,2026-04-04,-0.006,-0.008,8,3.4,-0.0752,WXMODEL-UPLIFT-001,1.0,external
REG-COASTAL,2026-04-05,0.571,0.761,8,3.4,7.1554,WXMODEL-UPLIFT-001,1.0,external
REG-SOUTH,2026-04-05,0.21,0.279,8,3.4,2.6286,WXMODEL-UPLIFT-001,1.0,external
REG-DELTA,2026-04-05,0.212,0.282,8,3.4,2.6548,WXMODEL-UPLIFT-001,1.0,external
REG-ISLAND,2026-04-05,0.191,0.255,8,3.4,2.395,WXMODEL-UPLIFT-001,1.0,external
REG-NORTH,2026-04-05,0.009,0.012,8,3.4,0.1128,WXMODEL-UPLIFT-001,1.0,external
REG-CENTRAL,2026-04-05,-0.007,-0.009,8,3.4,-0.0866,WXMODEL-UPLIFT-001,1.0,external
REG-COASTAL,2026-04-06,0.456,0.608,8,3.4,5.7152,WXMODEL-UPLIFT-001,1.0,external
REG-SOUTH,2026-04-06,0.351,0.468,8,3.4,4.3992,WXMODEL-UPLIFT-001,1.0,external
REG-DELTA,2026-04-06,0.233,0.311,8,3.4,2.9214,WXMODEL-UPLIFT-001,1.0,external
REG-ISLAND,2026-04-06,0.174,0.231,8,3.4,2.1774,WXMODEL-UPLIFT-001,1.0,external
REG-NORTH,2026-04-06,0.01,0.014,8,3.4,0.1276,WXMODEL-UPLIFT-001,1.0,external
REG-CENTRAL,2026-04-06,-0.008,-0.011,8,3.4,-0.1014,WXMODEL-UPLIFT-001,1.0,external
REG-COASTAL,2026-04-07,0.523,0.697,8,3.4,6.5538,WXMODEL-UPLIFT-001,1.0,external
REG-SOUTH,2026-04-07,0.332,0.443,8,3.4,4.1622,WXMODEL-UPLIFT-001,1.0,external
REG-DELTA,2026-04-07,0.225,0.301,8,3.4,2.8234,WXMODEL-UPLIFT-001,1.0,external
REG-ISLAND,2026-04-07,0.239,0.319,8,3.4,2.9966,WXMODEL-UPLIFT-001,1.0,external
REG-NORTH,2026-04-07,0.012,0.016,8,3.4,0.1504,WXMODEL-UPLIFT-001,1.0,external
REG-CENTRAL,2026-04-07,-0.009,-0.012,8,3.4,-0.1128,WXMODEL-UPLIFT-001,1.0,external
REG-COASTAL,2026-04-08,0.641,0.855,8,3.4,8.035,WXMODEL-UPLIFT-001,1.0,external
REG-SOUTH,2026-04-08,0.401,0.534,8,3.4,5.0236,WXMODEL-UPLIFT-001,1.0,external
REG-DELTA,2026-04-08,0.249,0.332,8,3.4,3.1208,WXMODEL-UPLIFT-001,1.0,external
REG-ISLAND,2026-04-08,0.238,0.317,8,3.4,2.9818,WXMODEL-UPLIFT-001,1.0,external
REG-NORTH,2026-04-08,0.013,0.017,8,3.4,0.1618,WXMODEL-UPLIFT-001,1.0,external
REG-CENTRAL,2026-04-08,-0.008,-0.011,8,3.4,-0.1014,WXMODEL-UPLIFT-001,1.0,external
REG-COASTAL,2026-04-09,0.618,0.824,8,3.4,7.7456,WXMODEL-UPLIFT-001,1.0,external
REG-SOUTH,2026-04-09,0.356,0.475,8,3.4,4.463,WXMODEL-UPLIFT-001,1.0,external
REG-DELTA,2026-04-09,0.212,0.283,8,3.4,2.6582,WXMODEL-UPLIFT-001,1.0,external
REG-ISLAND,2026-04-09,0.299,0.398,8,3.4,3.7452,WXMODEL-UPLIFT-001,1.0,external
REG-NORTH,2026-04-09,0.013,0.017,8,3.4,0.1618,WXMODEL-UPLIFT-001,1.0,external
REG-CENTRAL,2026-04-09,-0.009,-0.012,8,3.4,-0.1128,WXMODEL-UPLIFT-001,1.0,external
REG-COASTAL,2026-04-10,0.575,0.766,8,3.4,7.2044,WXMODEL-UPLIFT-001,1.0,external
REG-SOUTH,2026-04-10,0.397,0.529,8,3.4,4.9746,WXMODEL-UPLIFT-001,1.0,external
REG-DELTA,2026-04-10,0.198,0.264,8,3.4,2.4816,WXMODEL-UPLIFT-001,1.0,external
REG-ISLAND,2026-04-10,0.288,0.384,8,3.4,3.6096,WXMODEL-UPLIFT-001,1.0,external
REG-NORTH,2026-04-10,0.013,0.018,8,3.4,0.1652,WXMODEL-UPLIFT-001,1.0,external
REG-CENTRAL,2026-04-10,-0.011,-0.014,8,3.4,-0.1356,WXMODEL-UPLIFT-001,1.0,external
REG-COASTAL,2026-04-11,0.611,0.815,8,3.4,7.659,WXMODEL-UPLIFT-001,1.0,external
REG-SOUTH,2026-04-11,0.452,0.602,8,3.4,5.6628,WXMODEL-UPLIFT-001,1.0,external
REG-DELTA,2026-04-11,0.23,0.307,8,3.4,2.8838,WXMODEL-UPLIFT-001,1.0,external
REG-ISLAND,2026-04-11,0.245,0.327,8,3.4,3.0718,WXMODEL-UPLIFT-001,1.0,external
REG-NORTH,2026-04-11,0.017,0.022,8,3.4,0.2108,WXMODEL-UPLIFT-001,1.0,external
REG-CENTRAL,2026-04-11,-0.012,-0.016,8,3.4,-0.1504,WXMODEL-UPLIFT-001,1.0,external
REG-COASTAL,2026-04-12,0.572,0.763,8,3.4,7.1702,WXMODEL-UPLIFT-001,1.0,external
REG-SOUTH,2026-04-12,0.381,0.508,8,3.4,4.7752,WXMODEL-UPLIFT-001,1.0,external
REG-DELTA,2026-04-12,0.259,0.345,8,3.4,3.245,WXMODEL-UPLIFT-001,1.0,external
REG-ISLAND,2026-04-12,0.357,0.477,8,3.4,4.4778,WXMODEL-UPLIFT-001,1.0,external
REG-NORTH,2026-04-12,0.016,0.022,8,3.4,0.2028,WXMODEL-UPLIFT-001,1.0,external
REG-CENTRAL,2026-04-12,-0.012,-0.016,8,3.4,-0.1504,WXMODEL-UPLIFT-001,1.0,external
REG-COASTAL,2026-04-13,0.618,0.825,8,3.4,7.749,WXMODEL-UPLIFT-001,1.0,external
REG-SOUTH,2026-04-13,0.424,0.565,8,3.4,5.313,WXMODEL-UPLIFT-001,1.0,external
REG-DELTA,2026-04-13,0.226,0.302,8,3.4,2.8348,WXMODEL-UPLIFT-001,1.0,external
REG-ISLAND,2026-04-13,0.329,0.439,8,3.4,4.1246,WXMODEL-UPLIFT-001,1.0,external
REG-NORTH,2026-04-13,0.015,0.02,8,3.4,0.188,WXMODEL-UPLIFT-001,1.0,external
REG-CENTRAL,2026-04-13,-0.012,-0.016,8,3.4,-0.1504,WXMODEL-UPLIFT-001,1.0,external
REG-COASTAL,2026-04-14,0.621,0.828,8,3.4,7.7832,WXMODEL-UPLIFT-001,1.0,external
REG-SOUTH,2026-04-14,0.472,0.629,8,3.4,5.9146,WXMODEL-UPLIFT-001,1.0,external
REG-DELTA,2026-04-14,0.248,0.331,8,3.4,3.1094,WXMODEL-UPLIFT-001,1.0,external
REG-ISLAND,2026-04-14,0.308,0.411,8,3.4,3.8614,WXMODEL-UPLIFT-001,1.0,external
REG-NORTH,2026-04-14,0.02,0.026,8,3.4,0.2484,WXMODEL-UPLIFT-001,1.0,external
REG-CENTRAL,2026-04-14,-0.016,-0.021,8,3.4,-0.1994,WXMODEL-UPLIFT-001,1.0,external
REG-COASTAL,2026-04-15,0.743,0.99,8,3.4,9.31,WXMODEL-UPLIFT-001,1.0,external
REG-SOUTH,2026-04-15,0.492,0.656,8,3.4,6.1664,WXMODEL-UPLIFT-001,1.0,external
REG-DELTA,2026-04-15,0.336,0.448,8,3.4,4.2112,WXMODEL-UPLIFT-001,1.0,external
REG-ISLAND,2026-04-15,0.355,0.473,8,3.4,4.4482,WXMODEL-UPLIFT-001,1.0,external
REG-NORTH,2026-04-15,0.023,0.031,8,3.4,0.2894,WXMODEL-UPLIFT-001,1.0,external
REG-CENTRAL,2026-04-15,-0.013,-0.018,8,3.4,-0.1652,WXMODEL-UPLIFT-001,1.0,external
REG-COASTAL,2026-04-16,0.755,1.007,8,3.4,9.4638,WXMODEL-UPLIFT-001,1.0,external
REG-SOUTH,2026-04-16,0.547,0.729,8,3.4,6.8546,WXMODEL-UPLIFT-001,1.0,external
REG-DELTA,2026-04-16,0.316,0.421,8,3.4,3.9594,WXMODEL-UPLIFT-001,1.0,external
REG-ISLAND,2026-04-16,0.377,0.503,8,3.4,4.7262,WXMODEL-UPLIFT-001,1.0,external
REG-NORTH,2026-04-16,0.019,0.025,8,3.4,0.237,WXMODEL-UPLIFT-001,1.0,external
REG-CENTRAL,2026-04-16,-0.015,-0.021,8,3.4,-0.1914,WXMODEL-UPLIFT-001,1.0,external
REG-COASTAL,2026-04-17,0.766,1.021,8,3.4,9.5994,WXMODEL-UPLIFT-001,1.0,external
REG-SOUTH,2026-04-17,0.488,0.651,8,3.4,6.1174,WXMODEL-UPLIFT-001,1.0,external
REG-DELTA,2026-04-17,0.294,0.392,8,3.4,3.6848,WXMODEL-UPLIFT-001,1.0,external
REG-ISLAND,2026-04-17,0.377,0.503,8,3.4,4.7262,WXMODEL-UPLIFT-001,1.0,external
REG-NORTH,2026-04-17,0.022,0.029,8,3.4,0.2746,WXMODEL-UPLIFT-001,1.0,external
REG-CENTRAL,2026-04-17,-0.019,-0.026,8,3.4,-0.2404,WXMODEL-UPLIFT-001,1.0,external
REG-COASTAL,2026-04-18,0.775,1.033,8,3.4,9.7122,WXMODEL-UPLIFT-001,1.0,external
REG-SOUTH,2026-04-18,0.536,0.714,8,3.4,6.7156,WXMODEL-UPLIFT-001,1.0,external
REG-DELTA,2026-04-18,0.421,0.561,8,3.4,5.2754,WXMODEL-UPLIFT-001,1.0,external
REG-ISLAND,2026-04-18,0.437,0.583,8,3.4,5.4782,WXMODEL-UPLIFT-001,1.0,external
REG-NORTH,2026-04-18,0.026,0.034,8,3.4,0.3236,WXMODEL-UPLIFT-001,1.0,external
REG-CENTRAL,2026-04-18,-0.018,-0.024,8,3.4,-0.2256,WXMODEL-UPLIFT-001,1.0,external
REG-COASTAL,2026-04-19,0.685,0.913,8,3.4,8.5842,WXMODEL-UPLIFT-001,1.0,external
REG-SOUTH,2026-04-19,0.526,0.701,8,3.4,6.5914,WXMODEL-UPLIFT-001,1.0,external
REG-DELTA,2026-04-19,0.329,0.439,8,3.4,4.1246,WXMODEL-UPLIFT-001,1.0,external
REG-ISLAND,2026-04-19,0.492,0.656,8,3.4,6.1664,WXMODEL-UPLIFT-001,1.0,external
REG-NORTH,2026-04-19,0.026,0.034,8,3.4,0.3236,WXMODEL-UPLIFT-001,1.0,external
REG-CENTRAL,2026-04-19,-0.021,-0.028,8,3.4,-0.2632,WXMODEL-UPLIFT-001,1.0,external
REG-COASTAL,2026-04-20,0.776,1.035,8,3.4,9.727,WXMODEL-UPLIFT-001,1.0,external
REG-SOUTH,2026-04-20,0.541,0.721,8,3.4,6.7794,WXMODEL-UPLIFT-001,1.0,external
REG-DELTA,2026-04-20,0.392,0.523,8,3.4,4.9142,WXMODEL-UPLIFT-001,1.0,external
REG-ISLAND,2026-04-20,0.514,0.685,8,3.4,6.441,WXMODEL-UPLIFT-001,1.0,external
REG-NORTH,2026-04-20,0.03,0.04,8,3.4,0.376,WXMODEL-UPLIFT-001,1.0,external
REG-CENTRAL,2026-04-20,-0.019,-0.026,8,3.4,-0.2404,WXMODEL-UPLIFT-001,1.0,external
REG-COASTAL,2026-04-21,0.761,1.014,8,3.4,9.5356,WXMODEL-UPLIFT-001,1.0,external
REG-SOUTH,2026-04-21,0.659,0.878,8,3.4,8.2572,WXMODEL-UPLIFT-001,1.0,external
REG-DELTA,2026-04-21,0.377,0.503,8,3.4,4.7262,WXMODEL-UPLIFT-001,1.0,external
REG-ISLAND,2026-04-21,0.548,0.731,8,3.4,6.8694,WXMODEL-UPLIFT-001,1.0,external
REG-NORTH,2026-04-21,0.033,0.043,8,3.4,0.4102,WXMODEL-UPLIFT-001,1.0,external
REG-CENTRAL,2026-04-21,-0.023,-0.031,8,3.4,-0.2894,WXMODEL-UPLIFT-001,1.0,external
REG-COASTAL,2026-04-22,0.867,1.155,8,3.4,10.863,WXMODEL-UPLIFT-001,1.0,external
REG-SOUTH,2026-04-22,0.61,0.814,8,3.4,7.6476,WXMODEL-UPLIFT-001,1.0,external
REG-DELTA,2026-04-22,0.44,0.586,8,3.4,5.5124,WXMODEL-UPLIFT-001,1.0,external
REG-ISLAND,2026-04-22,0.543,0.724,8,3.4,6.8056,WXMODEL-UPLIFT-001,1.0,external
REG-NORTH,2026-04-22,0.033,0.044,8,3.4,0.4136,WXMODEL-UPLIFT-001,1.0,external
REG-CENTRAL,2026-04-22,-0.022,-0.03,8,3.4,-0.278,WXMODEL-UPLIFT-001,1.0,external
REG-COASTAL,2026-04-23,0.788,1.051,8,3.4,9.8774,WXMODEL-UPLIFT-001,1.0,external
REG-SOUTH,2026-04-23,0.597,0.797,8,3.4,7.4858,WXMODEL-UPLIFT-001,1.0,external
REG-DELTA,2026-04-23,0.435,0.58,8,3.4,5.452,WXMODEL-UPLIFT-001,1.0,external
REG-ISLAND,2026-04-23,0.634,0.845,8,3.4,7.945,WXMODEL-UPLIFT-001,1.0,external
REG-NORTH,2026-04-23,0.031,0.042,8,3.4,0.3908,WXMODEL-UPLIFT-001,1.0,external
REG-CENTRAL,2026-04-23,-0.023,-0.031,8,3.4,-0.2894,WXMODEL-UPLIFT-001,1.0,external
REG-COASTAL,2026-04-24,0.896,1.194,8,3.4,11.2276,WXMODEL-UPLIFT-001,1.0,external
REG-SOUTH,2026-04-24,0.711,0.948,8,3.4,8.9112,WXMODEL-UPLIFT-001,1.0,external
REG-DELTA,2026-04-24,0.521,0.694,8,3.4,6.5276,WXMODEL-UPLIFT-001,1.0,external
REG-ISLAND,2026-04-24,0.553,0.738,8,3.4,6.9332,WXMODEL-UPLIFT-001,1.0,external
REG-NORTH,2026-04-24,0.037,0.05,8,3.4,0.466,WXMODEL-UPLIFT-001,1.0,external
REG-CENTRAL,2026-04-24,-0.023,-0.031,8,3.4,-0.2894,WXMODEL-UPLIFT-001,1.0,external
REG-COASTAL,2026-04-25,0.918,1.224,8,3.4,11.5056,WXMODEL-UPLIFT-001,1.0,external
REG-SOUTH,2026-04-25,0.778,1.038,8,3.4,9.7532,WXMODEL-UPLIFT-001,1.0,external
REG-DELTA,2026-04-25,0.522,0.695,8,3.4,6.539,WXMODEL-UPLIFT-001,1.0,external
REG-ISLAND,2026-04-25,0.661,0.881,8,3.4,8.2834,WXMODEL-UPLIFT-001,1.0,external
REG-NORTH,2026-04-25,0.037,0.049,8,3.4,0.4626,WXMODEL-UPLIFT-001,1.0,external
REG-CENTRAL,2026-04-25,-0.024,-0.032,8,3.4,-0.3008,WXMODEL-UPLIFT-001,1.0,external
REG-COASTAL,2026-04-26,0.945,1.26,8,3.4,11.844,WXMODEL-UPLIFT-001,1.0,external
REG-SOUTH,2026-04-26,0.661,0.882,8,3.4,8.2868,WXMODEL-UPLIFT-001,1.0,external
REG-DELTA,2026-04-26,0.456,0.608,8,3.4,5.7152,WXMODEL-UPLIFT-001,1.0,external
REG-ISLAND,2026-04-26,0.683,0.911,8,3.4,8.5614,WXMODEL-UPLIFT-001,1.0,external
REG-NORTH,2026-04-26,0.041,0.054,8,3.4,0.5116,WXMODEL-UPLIFT-001,1.0,external
REG-CENTRAL,2026-04-26,-0.022,-0.03,8,3.4,-0.278,WXMODEL-UPLIFT-001,1.0,external
REG-COASTAL,2026-04-27,0.962,1.283,8,3.4,12.0582,WXMODEL-UPLIFT-001,1.0,external
REG-SOUTH,2026-04-27,0.783,1.044,8,3.4,9.8136,WXMODEL-UPLIFT-001,1.0,external
REG-DELTA,2026-04-27,0.543,0.724,8,3.4,6.8056,WXMODEL-UPLIFT-001,1.0,external
REG-ISLAND,2026-04-27,0.713,0.951,8,3.4,8.9374,WXMODEL-UPLIFT-001,1.0,external
REG-NORTH,2026-04-27,0.044,0.059,8,3.4,0.5526,WXMODEL-UPLIFT-001,1.0,external
REG-CENTRAL,2026-04-27,-0.022,-0.029,8,3.4,-0.2746,WXMODEL-UPLIFT-001,1.0,external
REG-COASTAL,2026-04-28,0.971,1.294,8,3.4,12.1676,WXMODEL-UPLIFT-001,1.0,external
REG-SOUTH,2026-04-28,0.759,1.011,8,3.4,9.5094,WXMODEL-UPLIFT-001,1.0,external
REG-DELTA,2026-04-28,0.596,0.795,8,3.4,7.471,WXMODEL-UPLIFT-001,1.0,external
REG-ISLAND,2026-04-28,0.761,1.015,8,3.4,9.539,WXMODEL-UPLIFT-001,1.0,external
REG-NORTH,2026-04-28,0.044,0.059,8,3.4,0.5526,WXMODEL-UPLIFT-001,1.0,external
REG-CENTRAL,2026-04-28,-0.026,-0.035,8,3.4,-0.327,WXMODEL-UPLIFT-001,1.0,external
REG-COASTAL,2026-04-29,1.146,1.528,8,3.4,14.3632,WXMODEL-UPLIFT-001,1.0,external
REG-SOUTH,2026-04-29,0.773,1.031,8,3.4,9.6894,WXMODEL-UPLIFT-001,1.0,external
REG-DELTA,2026-04-29,0.587,0.782,8,3.4,7.3548,WXMODEL-UPLIFT-001,1.0,external
REG-ISLAND,2026-04-29,0.778,1.037,8,3.4,9.7498,WXMODEL-UPLIFT-001,1.0,external
REG-NORTH,2026-04-29,0.045,0.061,8,3.4,0.5674,WXMODEL-UPLIFT-001,1.0,external
REG-CENTRAL,2026-04-29,-0.027,-0.036,8,3.4,-0.3384,WXMODEL-UPLIFT-001,1.0,external
REG-COASTAL,2026-04-30,1.137,1.517,8,3.4,14.2538,WXMODEL-UPLIFT-001,1.0,external
REG-SOUTH,2026-04-30,0.91,1.214,8,3.4,11.4076,WXMODEL-UPLIFT-001,1.0,external
REG-DELTA,2026-04-30,0.625,0.834,8,3.4,7.8356,WXMODEL-UPLIFT-001,1.0,external
REG-ISLAND,2026-04-30,0.878,1.17,8,3.4,11.002,WXMODEL-UPLIFT-001,1.0,external
REG-NORTH,2026-04-30,0.045,0.061,8,3.4,0.5674,WXMODEL-UPLIFT-001,1.0,external
REG-CENTRAL,2026-04-30,-0.032,-0.043,8,3.4,-0.4022,WXMODEL-UPLIFT-001,1.0,external
REG-COASTAL,2026-05-01,1.144,1.525,8,3.4,14.337,WXMODEL-UPLIFT-001,1.0,external
REG-SOUTH,2026-05-01,0.951,1.268,8,3.4,11.9192,WXMODEL-UPLIFT-001,1.0,external
REG-DELTA,2026-05-01,0.668,0.891,8,3.4,8.3734,WXMODEL-UPLIFT-001,1.0,external
REG-ISLAND,2026-05-01,0.888,1.184,8,3.4,11.1296,WXMODEL-UPLIFT-001,1.0,external
REG-NORTH,2026-05-01,0.048,0.065,8,3.4,0.605,WXMODEL-UPLIFT-001,1.0,external
REG-CENTRAL,2026-05-01,-0.032,-0.042,8,3.4,-0.3988,WXMODEL-UPLIFT-001,1.0,external
REG-COASTAL,2026-05-02,1.106,1.474,8,3.4,13.8596,WXMODEL-UPLIFT-001,1.0,external
REG-SOUTH,2026-05-02,0.929,1.239,8,3.4,11.6446,WXMODEL-UPLIFT-001,1.0,external
REG-DELTA,2026-05-02,0.666,0.888,8,3.4,8.3472,WXMODEL-UPLIFT-001,1.0,external
REG-ISLAND,2026-05-02,0.853,1.138,8,3.4,10.6932,WXMODEL-UPLIFT-001,1.0,external
REG-NORTH,2026-05-02,0.053,0.07,8,3.4,0.662,WXMODEL-UPLIFT-001,1.0,external
REG-CENTRAL,2026-05-02,-0.034,-0.046,8,3.4,-0.4284,WXMODEL-UPLIFT-001,1.0,external
REG-COASTAL,2026-05-03,1.175,1.566,8,3.4,14.7244,WXMODEL-UPLIFT-001,1.0,external
REG-SOUTH,2026-05-03,0.995,1.326,8,3.4,12.4684,WXMODEL-UPLIFT-001,1.0,external
REG-DELTA,2026-05-03,0.69,0.92,8,3.4,8.648,WXMODEL-UPLIFT-001,1.0,external
REG-ISLAND,2026-05-03,0.856,1.142,8,3.4,10.7308,WXMODEL-UPLIFT-001,1.0,external
REG-NORTH,2026-05-03,0.054,0.072,8,3.4,0.6768,WXMODEL-UPLIFT-001,1.0,external
REG-CENTRAL,2026-05-03,-0.033,-0.044,8,3.4,-0.4136,WXMODEL-UPLIFT-001,1.0,external
REG-COASTAL,2026-05-04,1.168,1.558,8,3.4,14.6412,WXMODEL-UPLIFT-001,1.0,external
REG-SOUTH,2026-05-04,1.039,1.385,8,3.4,13.021,WXMODEL-UPLIFT-001,1.0,external
REG-DELTA,2026-05-04,0.783,1.044,8,3.4,9.8136,WXMODEL-UPLIFT-001,1.0,external
REG-ISLAND,2026-05-04,0.937,1.249,8,3.4,11.7426,WXMODEL-UPLIFT-001,1.0,external
REG-NORTH,2026-05-04,0.053,0.071,8,3.4,0.6654,WXMODEL-UPLIFT-001,1.0,external
REG-CENTRAL,2026-05-04,-0.036,-0.047,8,3.4,-0.4478,WXMODEL-UPLIFT-001,1.0,external
REG-COASTAL,2026-05-05,1.295,1.727,8,3.4,16.2318,WXMODEL-UPLIFT-001,1.0,external
REG-SOUTH,2026-05-05,1.011,1.348,8,3.4,12.6712,WXMODEL-UPLIFT-001,1.0,external
REG-DELTA,2026-05-05,0.774,1.032,8,3.4,9.7008,WXMODEL-UPLIFT-001,1.0,external
REG-ISLAND,2026-05-05,1.048,1.397,8,3.4,13.1338,WXMODEL-UPLIFT-001,1.0,external
REG-NORTH,2026-05-05,0.056,0.075,8,3.4,0.703,WXMODEL-UPLIFT-001,1.0,external
REG-CENTRAL,2026-05-05,-0.035,-0.047,8,3.4,-0.4398,WXMODEL-UPLIFT-001,1.0,external
REG-COASTAL,2026-05-06,1.27,1.694,8,3.4,15.9196,WXMODEL-UPLIFT-001,1.0,external
REG-SOUTH,2026-05-06,1.044,1.392,8,3.4,13.0848,WXMODEL-UPLIFT-001,1.0,external
REG-DELTA,2026-05-06,0.834,1.112,8,3.4,10.4528,WXMODEL-UPLIFT-001,1.0,external
REG-ISLAND,2026-05-06,0.984,1.312,8,3.4,12.3328,WXMODEL-UPLIFT-001,1.0,external
REG-NORTH,2026-05-06,0.058,0.077,8,3.4,0.7258,WXMODEL-UPLIFT-001,1.0,external
REG-CENTRAL,2026-05-06,-0.039,-0.052,8,3.4,-0.4888,WXMODEL-UPLIFT-001,1.0,external
REG-COASTAL,2026-05-07,1.286,1.715,8,3.4,16.119,WXMODEL-UPLIFT-001,1.0,external
REG-SOUTH,2026-05-07,1.08,1.44,8,3.4,13.536,WXMODEL-UPLIFT-001,1.0,external
REG-DELTA,2026-05-07,0.823,1.098,8,3.4,10.3172,WXMODEL-UPLIFT-001,1.0,external
REG-ISLAND,2026-05-07,1.071,1.428,8,3.4,13.4232,WXMODEL-UPLIFT-001,1.0,external
REG-NORTH,2026-05-07,0.059,0.078,8,3.4,0.7372,WXMODEL-UPLIFT-001,1.0,external
REG-CENTRAL,2026-05-07,-0.035,-0.047,8,3.4,-0.4398,WXMODEL-UPLIFT-001,1.0,external
REG-COASTAL,2026-05-08,1.366,1.821,8,3.4,17.1194,WXMODEL-UPLIFT-001,1.0,external
REG-SOUTH,2026-05-08,1.097,1.463,8,3.4,13.7502,WXMODEL-UPLIFT-001,1.0,external
REG-DELTA,2026-05-08,0.785,1.047,8,3.4,9.8398,WXMODEL-UPLIFT-001,1.0,external
REG-ISLAND,2026-05-08,1.067,1.422,8,3.4,13.3708,WXMODEL-UPLIFT-001,1.0,external
REG-NORTH,2026-05-08,0.064,0.086,8,3.4,0.8044,WXMODEL-UPLIFT-001,1.0,external
REG-CENTRAL,2026-05-08,-0.039,-0.052,8,3.4,-0.4888,WXMODEL-UPLIFT-001,1.0,external
REG-COASTAL,2026-05-09,1.265,1.687,8,3.4,15.8558,WXMODEL-UPLIFT-001,1.0,external
REG-SOUTH,2026-05-09,1.118,1.49,8,3.4,14.01,WXMODEL-UPLIFT-001,1.0,external
REG-DELTA,2026-05-09,0.856,1.141,8,3.4,10.7274,WXMODEL-UPLIFT-001,1.0,external
REG-ISLAND,2026-05-09,1.123,1.497,8,3.4,14.0738,WXMODEL-UPLIFT-001,1.0,external
REG-NORTH,2026-05-09,0.06,0.08,8,3.4,0.752,WXMODEL-UPLIFT-001,1.0,external
REG-CENTRAL,2026-05-09,-0.04,-0.053,8,3.4,-0.5002,WXMODEL-UPLIFT-001,1.0,external
REG-COASTAL,2026-05-10,1.462,1.949,8,3.4,18.3226,WXMODEL-UPLIFT-001,1.0,external
REG-SOUTH,2026-05-10,1.24,1.653,8,3.4,15.5402,WXMODEL-UPLIFT-001,1.0,external
REG-DELTA,2026-05-10,0.931,1.242,8,3.4,11.6708,WXMODEL-UPLIFT-001,1.0,external
REG-ISLAND,2026-05-10,1.189,1.585,8,3.4,14.901,WXMODEL-UPLIFT-001,1.0,external
REG-NORTH,2026-05-10,0.065,0.087,8,3.4,0.8158,WXMODEL-UPLIFT-001,1.0,external
REG-CENTRAL,2026-05-10,-0.041,-0.055,8,3.4,-0.515,WXMODEL-UPLIFT-001,1.0,external
REG-COASTAL,2026-05-11,1.437,1.916,8,3.4,18.0104,WXMODEL-UPLIFT-001,1.0,external
REG-SOUTH,2026-05-11,1.197,1.596,8,3.4,15.0024,WXMODEL-UPLIFT-001,1.0,external
REG-DELTA,2026-05-11,0.936,1.247,8,3.4,11.7278,WXMODEL-UPLIFT-001,1.0,external
REG-ISLAND,2026-05-11,1.221,1.629,8,3.4,15.3066,WXMODEL-UPLIFT-001,1.0,external
REG-NORTH,2026-05-11,0.066,0.088,8,3.4,0.8272,WXMODEL-UPLIFT-001,1.0,external
REG-CENTRAL,2026-05-11,-0.042,-0.055,8,3.4,-0.523,WXMODEL-UPLIFT-001,1.0,external
REG-COASTAL,2026-05-12,1.534,2.045,8,3.4,19.225,WXMODEL-UPLIFT-001,1.0,external
REG-SOUTH,2026-05-12,1.242,1.656,8,3.4,15.5664,WXMODEL-UPLIFT-001,1.0,external
REG-DELTA,2026-05-12,0.983,1.311,8,3.4,12.3214,WXMODEL-UPLIFT-001,1.0,external
REG-ISLAND,2026-05-12,1.205,1.606,8,3.4,15.1004,WXMODEL-UPLIFT-001,1.0,external
REG-NORTH,2026-05-12,0.067,0.089,8,3.4,0.8386,WXMODEL-UPLIFT-001,1.0,external
REG-CENTRAL,2026-05-12,-0.041,-0.054,8,3.4,-0.5116,WXMODEL-UPLIFT-001,1.0,external
REG-COASTAL,2026-05-13,1.472,1.962,8,3.4,18.4468,WXMODEL-UPLIFT-001,1.0,external
REG-SOUTH,2026-05-13,1.334,1.778,8,3.4,16.7172,WXMODEL-UPLIFT-001,1.0,external
REG-DELTA,2026-05-13,1.047,1.396,8,3.4,13.1224,WXMODEL-UPLIFT-001,1.0,external
REG-ISLAND,2026-05-13,1.335,1.78,8,3.4,16.732,WXMODEL-UPLIFT-001,1.0,external
REG-NORTH,2026-05-13,0.066,0.088,8,3.4,0.8272,WXMODEL-UPLIFT-001,1.0,external
REG-CENTRAL,2026-05-13,-0.043,-0.058,8,3.4,-0.5412,WXMODEL-UPLIFT-001,1.0,external
REG-COASTAL,2026-05-14,1.58,2.107,8,3.4,19.8038,WXMODEL-UPLIFT-001,1.0,external
REG-SOUTH,2026-05-14,1.316,1.754,8,3.4,16.4916,WXMODEL-UPLIFT-001,1.0,external
REG-DELTA,2026-05-14,1.044,1.392,8,3.4,13.0848,WXMODEL-UPLIFT-001,1.0,external
REG-ISLAND,2026-05-14,1.304,1.738,8,3.4,16.3412,WXMODEL-UPLIFT-001,1.0,external
REG-NORTH,2026-05-14,0.071,0.094,8,3.4,0.8876,WXMODEL-UPLIFT-001,1.0,external
REG-CENTRAL,2026-05-14,-0.044,-0.058,8,3.4,-0.5492,WXMODEL-UPLIFT-001,1.0,external
REG-COASTAL,2026-05-15,1.602,2.136,8,3.4,20.0784,WXMODEL-UPLIFT-001,1.0,external
REG-SOUTH,2026-05-15,1.368,1.824,8,3.4,17.1456,WXMODEL-UPLIFT-001,1.0,external
REG-DELTA,2026-05-15,0.964,1.285,8,3.4,12.081,WXMODEL-UPLIFT-001,1.0,external
REG-ISLAND,2026-05-15,1.382,1.842,8,3.4,17.3188,WXMODEL-UPLIFT-001,1.0,external
REG-NORTH,2026-05-15,0.072,0.096,8,3.4,0.9024,WXMODEL-UPLIFT-001,1.0,external
REG-CENTRAL,2026-05-15,-0.045,-0.06,8,3.4,-0.564,WXMODEL-UPLIFT-001,1.0,external
REG-COASTAL,2026-05-16,1.602,2.136,8,3.4,20.0784,WXMODEL-UPLIFT-001,1.0,external
REG-SOUTH,2026-05-16,1.42,1.893,8,3.4,17.7962,WXMODEL-UPLIFT-001,1.0,external
REG-DELTA,2026-05-16,1.108,1.477,8,3.4,13.8858,WXMODEL-UPLIFT-001,1.0,external
REG-ISLAND,2026-05-16,1.366,1.821,8,3.4,17.1194,WXMODEL-UPLIFT-001,1.0,external
REG-NORTH,2026-05-16,0.069,0.092,8,3.4,0.8648,WXMODEL-UPLIFT-001,1.0,external
REG-CENTRAL,2026-05-16,-0.046,-0.061,8,3.4,-0.5754,WXMODEL-UPLIFT-001,1.0,external
REG-COASTAL,2026-05-17,1.637,2.183,8,3.4,20.5182,WXMODEL-UPLIFT-001,1.0,external
REG-SOUTH,2026-05-17,1.378,1.838,8,3.4,17.2732,WXMODEL-UPLIFT-001,1.0,external
REG-DELTA,2026-05-17,1.119,1.493,8,3.4,14.0282,WXMODEL-UPLIFT-001,1.0,external
REG-ISLAND,2026-05-17,1.386,1.849,8,3.4,17.3746,WXMODEL-UPLIFT-001,1.0,external
REG-NORTH,2026-05-17,0.078,0.105,8,3.4,0.981,WXMODEL-UPLIFT-001,1.0,external
REG-CENTRAL,2026-05-17,-0.047,-0.062,8,3.4,-0.5868,WXMODEL-UPLIFT-001,1.0,external
REG-COASTAL,2026-05-18,1.759,2.345,8,3.4,22.045,WXMODEL-UPLIFT-001,1.0,external
REG-SOUTH,2026-05-18,1.481,1.975,8,3.4,18.563,WXMODEL-UPLIFT-001,1.0,external
REG-DELTA,2026-05-18,1.139,1.519,8,3.4,14.2766,WXMODEL-UPLIFT-001,1.0,external
REG-ISLAND,2026-05-18,1.418,1.89,8,3.4,17.77,WXMODEL-UPLIFT-001,1.0,external
REG-NORTH,2026-05-18,0.078,0.104,8,3.4,0.9776,WXMODEL-UPLIFT-001,1.0,external
REG-CENTRAL,2026-05-18,-0.049,-0.065,8,3.4,-0.613,WXMODEL-UPLIFT-001,1.0,external
REG-COASTAL,2026-05-19,1.75,2.333,8,3.4,21.9322,WXMODEL-UPLIFT-001,1.0,external
REG-SOUTH,2026-05-19,1.577,2.103,8,3.4,19.7662,WXMODEL-UPLIFT-001,1.0,external
REG-DELTA,2026-05-19,1.14,1.52,8,3.4,14.288,WXMODEL-UPLIFT-001,1.0,external
REG-ISLAND,2026-05-19,1.521,2.029,8,3.4,19.0666,WXMODEL-UPLIFT-001,1.0,external
REG-NORTH,2026-05-19,0.081,0.108,8,3.4,1.0152,WXMODEL-UPLIFT-001,1.0,external
REG-CENTRAL,2026-05-19,-0.051,-0.068,8,3.4,-0.6392,WXMODEL-UPLIFT-001,1.0,external
REG-COASTAL,2026-05-20,1.871,2.495,8,3.4,23.451,WXMODEL-UPLIFT-001,1.0,external
REG-SOUTH,2026-05-20,1.48,1.973,8,3.4,18.5482,WXMODEL-UPLIFT-001,1.0,external
REG-DELTA,2026-05-20,1.185,1.58,8,3.4,14.852,WXMODEL-UPLIFT-001,1.0,external
REG-ISLAND,2026-05-20,1.561,2.082,8,3.4,19.5668,WXMODEL-UPLIFT-001,1.0,external
REG-NORTH,2026-05-20,0.082,0.11,8,3.4,1.03,WXMODEL-UPLIFT-001,1.0,external
REG-CENTRAL,2026-05-20,-0.05,-0.067,8,3.4,-0.6278,WXMODEL-UPLIFT-001,1.0,external
REG-COASTAL,2026-05-21,1.803,2.405,8,3.4,22.601,WXMODEL-UPLIFT-001,1.0,external
REG-SOUTH,2026-05-21,1.532,2.043,8,3.4,19.2022,WXMODEL-UPLIFT-001,1.0,external
REG-DELTA,2026-05-21,1.214,1.619,8,3.4,15.2166,WXMODEL-UPLIFT-001,1.0,external
REG-ISLAND,2026-05-21,1.53,2.04,8,3.4,19.176,WXMODEL-UPLIFT-001,1.0,external
REG-NORTH,2026-05-21,0.082,0.109,8,3.4,1.0266,WXMODEL-UPLIFT-001,1.0,external
REG-CENTRAL,2026-05-21,-0.053,-0.071,8,3.4,-0.6654,WXMODEL-UPLIFT-001,1.0,external
REG-COASTAL,2026-05-22,1.871,2.495,8,3.4,23.451,WXMODEL-UPLIFT-001,1.0,external
REG-SOUTH,2026-05-22,1.62,2.161,8,3.4,20.3074,WXMODEL-UPLIFT-001,1.0,external
REG-DELTA,2026-05-22,1.307,1.743,8,3.4,16.3822,WXMODEL-UPLIFT-001,1.0,external
REG-ISLAND,2026-05-22,1.62,2.159,8,3.4,20.3006,WXMODEL-UPLIFT-001,1.0,external
REG-NORTH,2026-05-22,0.081,0.109,8,3.4,1.0186,WXMODEL-UPLIFT-001,1.0,external
REG-CENTRAL,2026-05-22,-0.049,-0.065,8,3.4,-0.613,WXMODEL-UPLIFT-001,1.0,external
REG-COASTAL,2026-05-23,1.994,2.659,8,3.4,24.9926,WXMODEL-UPLIFT-001,1.0,external
REG-SOUTH,2026-05-23,1.656,2.209,8,3.4,20.7586,WXMODEL-UPLIFT-001,1.0,external
REG-DELTA,2026-05-23,1.277,1.703,8,3.4,16.0062,WXMODEL-UPLIFT-001,1.0,external
REG-ISLAND,2026-05-23,1.602,2.136,8,3.4,20.0784,WXMODEL-UPLIFT-001,1.0,external
REG-NORTH,2026-05-23,0.082,0.109,8,3.4,1.0266,WXMODEL-UPLIFT-001,1.0,external
REG-CENTRAL,2026-05-23,-0.052,-0.069,8,3.4,-0.6506,WXMODEL-UPLIFT-001,1.0,external
REG-COASTAL,2026-05-24,1.977,2.636,8,3.4,24.7784,WXMODEL-UPLIFT-001,1.0,external
REG-SOUTH,2026-05-24,1.777,2.369,8,3.4,22.2706,WXMODEL-UPLIFT-001,1.0,external
REG-DELTA,2026-05-24,1.292,1.722,8,3.4,16.1908,WXMODEL-UPLIFT-001,1.0,external
REG-ISLAND,2026-05-24,1.553,2.071,8,3.4,19.4654,WXMODEL-UPLIFT-001,1.0,external
REG-NORTH,2026-05-24,0.086,0.114,8,3.4,1.0756,WXMODEL-UPLIFT-001,1.0,external
REG-CENTRAL,2026-05-24,-0.054,-0.072,8,3.4,-0.6768,WXMODEL-UPLIFT-001,1.0,external
REG-COASTAL,2026-05-25,1.872,2.496,8,3.4,23.4624,WXMODEL-UPLIFT-001,1.0,external
REG-SOUTH,2026-05-25,1.729,2.306,8,3.4,21.6724,WXMODEL-UPLIFT-001,1.0,external
REG-DELTA,2026-05-25,1.344,1.792,8,3.4,16.8448,WXMODEL-UPLIFT-001,1.0,external
REG-ISLAND,2026-05-25,1.646,2.195,8,3.4,20.631,WXMODEL-UPLIFT-001,1.0,external
REG-NORTH,2026-05-25,0.086,0.114,8,3.4,1.0756,WXMODEL-UPLIFT-001,1.0,external
REG-CENTRAL,2026-05-25,-0.053,-0.071,8,3.4,-0.6654,WXMODEL-UPLIFT-001,1.0,external
REG-COASTAL,2026-05-26,1.999,2.665,8,3.4,25.053,WXMODEL-UPLIFT-001,1.0,external
REG-SOUTH,2026-05-26,1.775,2.367,8,3.4,22.2478,WXMODEL-UPLIFT-001,1.0,external
REG-DELTA,2026-05-26,1.348,1.797,8,3.4,16.8938,WXMODEL-UPLIFT-001,1.0,external
REG-ISLAND,2026-05-26,1.649,2.198,8,3.4,20.6652,WXMODEL-UPLIFT-001,1.0,external
REG-NORTH,2026-05-26,0.087,0.116,8,3.4,1.0904,WXMODEL-UPLIFT-001,1.0,external
REG-CENTRAL,2026-05-26,-0.054,-0.072,8,3.4,-0.6768,WXMODEL-UPLIFT-001,1.0,external
REG-COASTAL,2026-05-27,1.912,2.55,8,3.4,23.966,WXMODEL-UPLIFT-001,1.0,external
REG-SOUTH,2026-05-27,1.765,2.353,8,3.4,22.1202,WXMODEL-UPLIFT-001,1.0,external
REG-DELTA,2026-05-27,1.364,1.818,8,3.4,17.0932,WXMODEL-UPLIFT-001,1.0,external
REG-ISLAND,2026-05-27,1.751,2.334,8,3.4,21.9436,WXMODEL-UPLIFT-001,1.0,external
REG-NORTH,2026-05-27,0.091,0.121,8,3.4,1.1394,WXMODEL-UPLIFT-001,1.0,external
REG-CENTRAL,2026-05-27,-0.055,-0.073,8,3.4,-0.6882,WXMODEL-UPLIFT-001,1.0,external
REG-COASTAL,2026-05-28,2.043,2.723,8,3.4,25.6022,WXMODEL-UPLIFT-001,1.0,external
REG-SOUTH,2026-05-28,1.932,2.576,8,3.4,24.2144,WXMODEL-UPLIFT-001,1.0,external
REG-DELTA,2026-05-28,1.352,1.802,8,3.4,16.9428,WXMODEL-UPLIFT-001,1.0,external
REG-ISLAND,2026-05-28,1.72,2.293,8,3.4,21.5562,WXMODEL-UPLIFT-001,1.0,external
REG-NORTH,2026-05-28,0.09,0.12,8,3.4,1.128,WXMODEL-UPLIFT-001,1.0,external
REG-CENTRAL,2026-05-28,-0.055,-0.074,8,3.4,-0.6916,WXMODEL-UPLIFT-001,1.0,external
REG-COASTAL,2026-05-29,2.089,2.785,8,3.4,26.181,WXMODEL-UPLIFT-001,1.0,external
REG-SOUTH,2026-05-29,1.928,2.571,8,3.4,24.1654,WXMODEL-UPLIFT-001,1.0,external
REG-DELTA,2026-05-29,1.377,1.836,8,3.4,17.2584,WXMODEL-UPLIFT-001,1.0,external
REG-ISLAND,2026-05-29,1.684,2.245,8,3.4,21.105,WXMODEL-UPLIFT-001,1.0,external
REG-NORTH,2026-05-29,0.093,0.124,8,3.4,1.1656,WXMODEL-UPLIFT-001,1.0,external
REG-CENTRAL,2026-05-29,-0.058,-0.077,8,3.4,-0.7258,WXMODEL-UPLIFT-001,1.0,external
REG-COASTAL,2026-05-30,2.179,2.906,8,3.4,27.3124,WXMODEL-UPLIFT-001,1.0,external
REG-SOUTH,2026-05-30,1.902,2.536,8,3.4,23.8384,WXMODEL-UPLIFT-001,1.0,external
REG-DELTA,2026-05-30,1.427,1.903,8,3.4,17.8862,WXMODEL-UPLIFT-001,1.0,external
REG-ISLAND,2026-05-30,1.837,2.45,8,3.4,23.026,WXMODEL-UPLIFT-001,1.0,external
REG-NORTH,2026-05-30,0.091,0.122,8,3.4,1.1428,WXMODEL-UPLIFT-001,1.0,external
REG-CENTRAL,2026-05-30,-0.059,-0.078,8,3.4,-0.7372,WXMODEL-UPLIFT-001,1.0,external
REG-COASTAL,2026-05-31,2.113,2.817,8,3.4,26.4818,WXMODEL-UPLIFT-001,1.0,external
REG-SOUTH,2026-05-31,1.958,2.611,8,3.4,24.5414,WXMODEL-UPLIFT-001,1.0,external
REG-DELTA,2026-05-31,1.5,2,8,3.4,18.8,WXMODEL-UPLIFT-001,1.0,external
REG-ISLAND,2026-05-31,1.834,2.446,8,3.4,22.9884,WXMODEL-UPLIFT-001,1.0,external
REG-NORTH,2026-05-31,0.095,0.127,8,3.4,1.1918,WXMODEL-UPLIFT-001,1.0,external
REG-CENTRAL,2026-05-31,-0.056,-0.075,8,3.4,-0.703,WXMODEL-UPLIFT-001,1.0,external
REG-COASTAL,2026-06-01,2.182,2.909,8,3.4,27.3466,WXMODEL-UPLIFT-001,1.0,external
REG-SOUTH,2026-06-01,1.936,2.582,8,3.4,24.2668,WXMODEL-UPLIFT-001,1.0,external
REG-DELTA,2026-06-01,1.505,2.007,8,3.4,18.8638,WXMODEL-UPLIFT-001,1.0,external
REG-ISLAND,2026-06-01,1.802,2.403,8,3.4,22.5862,WXMODEL-UPLIFT-001,1.0,external
REG-NORTH,2026-06-01,0.092,0.122,8,3.4,1.1508,WXMODEL-UPLIFT-001,1.0,external
REG-CENTRAL,2026-06-01,-0.056,-0.075,8,3.4,-0.703,WXMODEL-UPLIFT-001,1.0,external
REG-COASTAL,2026-06-02,2.152,2.87,8,3.4,26.974,WXMODEL-UPLIFT-001,1.0,external
REG-SOUTH,2026-06-02,2.028,2.705,8,3.4,25.421,WXMODEL-UPLIFT-001,1.0,external
REG-DELTA,2026-06-02,1.504,2.005,8,3.4,18.849,WXMODEL-UPLIFT-001,1.0,external
REG-ISLAND,2026-06-02,1.813,2.418,8,3.4,22.7252,WXMODEL-UPLIFT-001,1.0,external
REG-NORTH,2026-06-02,0.098,0.13,8,3.4,1.226,WXMODEL-UPLIFT-001,1.0,external
REG-CENTRAL,2026-06-02,-0.059,-0.079,8,3.4,-0.7406,WXMODEL-UPLIFT-001,1.0,external
REG-COASTAL,2026-06-03,2.304,3.071,8,3.4,28.8734,WXMODEL-UPLIFT-001,1.0,external
REG-SOUTH,2026-06-03,2.007,2.676,8,3.4,25.1544,WXMODEL-UPLIFT-001,1.0,external
REG-DELTA,2026-06-03,1.531,2.041,8,3.4,19.1874,WXMODEL-UPLIFT-001,1.0,external
REG-ISLAND,2026-06-03,1.839,2.452,8,3.4,23.0488,WXMODEL-UPLIFT-001,1.0,external
REG-NORTH,2026-06-03,0.097,0.129,8,3.4,1.2146,WXMODEL-UPLIFT-001,1.0,external
REG-CENTRAL,2026-06-03,-0.059,-0.079,8,3.4,-0.7406,WXMODEL-UPLIFT-001,1.0,external
REG-COASTAL,2026-06-04,2.222,2.963,8,3.4,27.8502,WXMODEL-UPLIFT-001,1.0,external
REG-SOUTH,2026-06-04,2.02,2.693,8,3.4,25.3162,WXMODEL-UPLIFT-001,1.0,external
REG-DELTA,2026-06-04,1.509,2.012,8,3.4,18.9128,WXMODEL-UPLIFT-001,1.0,external
REG-ISLAND,2026-06-04,1.843,2.458,8,3.4,23.1012,WXMODEL-UPLIFT-001,1.0,external
REG-NORTH,2026-06-04,0.098,0.131,8,3.4,1.2294,WXMODEL-UPLIFT-001,1.0,external
REG-CENTRAL,2026-06-04,-0.059,-0.079,8,3.4,-0.7406,WXMODEL-UPLIFT-001,1.0,external
REG-COASTAL,2026-06-05,2.325,3.099,8,3.4,29.1366,WXMODEL-UPLIFT-001,1.0,external
REG-SOUTH,2026-06-05,2.164,2.885,8,3.4,27.121,WXMODEL-UPLIFT-001,1.0,external
REG-DELTA,2026-06-05,1.567,2.089,8,3.4,19.6386,WXMODEL-UPLIFT-001,1.0,external
REG-ISLAND,2026-06-05,1.883,2.511,8,3.4,23.6014,WXMODEL-UPLIFT-001,1.0,external
REG-NORTH,2026-06-05,0.097,0.129,8,3.4,1.2146,WXMODEL-UPLIFT-001,1.0,external
REG-CENTRAL,2026-06-05,-0.06,-0.08,8,3.4,-0.752,WXMODEL-UPLIFT-001,1.0,external
REG-COASTAL,2026-06-06,2.403,3.205,8,3.4,30.121,WXMODEL-UPLIFT-001,1.0,external
REG-SOUTH,2026-06-06,2.093,2.791,8,3.4,26.2334,WXMODEL-UPLIFT-001,1.0,external
REG-DELTA,2026-06-06,1.559,2.078,8,3.4,19.5372,WXMODEL-UPLIFT-001,1.0,external
REG-ISLAND,2026-06-06,1.892,2.523,8,3.4,23.7142,WXMODEL-UPLIFT-001,1.0,external
REG-NORTH,2026-06-06,0.1,0.134,8,3.4,1.2556,WXMODEL-UPLIFT-001,1.0,external
REG-CENTRAL,2026-06-06,-0.058,-0.077,8,3.4,-0.7258,WXMODEL-UPLIFT-001,1.0,external
REG-COASTAL,2026-06-07,2.242,2.989,8,3.4,28.0986,WXMODEL-UPLIFT-001,1.0,external
REG-SOUTH,2026-06-07,2.163,2.885,8,3.4,27.113,WXMODEL-UPLIFT-001,1.0,external
REG-DELTA,2026-06-07,1.596,2.128,8,3.4,20.0032,WXMODEL-UPLIFT-001,1.0,external
REG-ISLAND,2026-06-07,1.954,2.605,8,3.4,24.489,WXMODEL-UPLIFT-001,1.0,external
REG-NORTH,2026-06-07,0.099,0.133,8,3.4,1.2442,WXMODEL-UPLIFT-001,1.0,external
REG-CENTRAL,2026-06-07,-0.061,-0.081,8,3.4,-0.7634,WXMODEL-UPLIFT-001,1.0,external
REG-COASTAL,2026-06-08,2.379,3.172,8,3.4,29.8168,WXMODEL-UPLIFT-001,1.0,external
REG-SOUTH,2026-06-08,2.083,2.777,8,3.4,26.1058,WXMODEL-UPLIFT-001,1.0,external
REG-DELTA,2026-06-08,1.576,2.101,8,3.4,19.7514,WXMODEL-UPLIFT-001,1.0,external
REG-ISLAND,2026-06-08,1.9,2.533,8,3.4,23.8122,WXMODEL-UPLIFT-001,1.0,external
REG-NORTH,2026-06-08,0.097,0.13,8,3.4,1.218,WXMODEL-UPLIFT-001,1.0,external
REG-CENTRAL,2026-06-08,-0.063,-0.084,8,3.4,-0.7896,WXMODEL-UPLIFT-001,1.0,external
REG-COASTAL,2026-06-09,2.41,3.214,8,3.4,30.2076,WXMODEL-UPLIFT-001,1.0,external
REG-SOUTH,2026-06-09,2.153,2.871,8,3.4,26.9854,WXMODEL-UPLIFT-001,1.0,external
REG-DELTA,2026-06-09,1.608,2.144,8,3.4,20.1536,WXMODEL-UPLIFT-001,1.0,external
REG-ISLAND,2026-06-09,1.875,2.5,8,3.4,23.5,WXMODEL-UPLIFT-001,1.0,external
REG-NORTH,2026-06-09,0.096,0.128,8,3.4,1.2032,WXMODEL-UPLIFT-001,1.0,external
REG-CENTRAL,2026-06-09,-0.061,-0.081,8,3.4,-0.7634,WXMODEL-UPLIFT-001,1.0,external
REG-COASTAL,2026-06-10,2.362,3.149,8,3.4,29.6026,WXMODEL-UPLIFT-001,1.0,external
REG-SOUTH,2026-06-10,2.161,2.881,8,3.4,27.0834,WXMODEL-UPLIFT-001,1.0,external
REG-DELTA,2026-06-10,1.562,2.083,8,3.4,19.5782,WXMODEL-UPLIFT-001,1.0,external
REG-ISLAND,2026-06-10,1.921,2.561,8,3.4,24.0754,WXMODEL-UPLIFT-001,1.0,external
REG-NORTH,2026-06-10,0.1,0.133,8,3.4,1.2522,WXMODEL-UPLIFT-001,1.0,external
REG-CENTRAL,2026-06-10,-0.061,-0.082,8,3.4,-0.7668,WXMODEL-UPLIFT-001,1.0,external
REG-COASTAL,2026-06-11,2.398,3.198,8,3.4,30.0572,WXMODEL-UPLIFT-001,1.0,external
REG-SOUTH,2026-06-11,2.19,2.919,8,3.4,27.4446,WXMODEL-UPLIFT-001,1.0,external
REG-DELTA,2026-06-11,1.612,2.15,8,3.4,20.206,WXMODEL-UPLIFT-001,1.0,external
REG-ISLAND,2026-06-11,1.945,2.593,8,3.4,24.3762,WXMODEL-UPLIFT-001,1.0,external
REG-NORTH,2026-06-11,0.098,0.131,8,3.4,1.2294,WXMODEL-UPLIFT-001,1.0,external
REG-CENTRAL,2026-06-11,-0.06,-0.08,8,3.4,-0.752,WXMODEL-UPLIFT-001,1.0,external
REG-COASTAL,2026-06-12,2.436,3.248,8,3.4,30.5312,WXMODEL-UPLIFT-001,1.0,external
REG-SOUTH,2026-06-12,2.169,2.892,8,3.4,27.1848,WXMODEL-UPLIFT-001,1.0,external
REG-DELTA,2026-06-12,1.634,2.179,8,3.4,20.4806,WXMODEL-UPLIFT-001,1.0,external
REG-ISLAND,2026-06-12,1.935,2.58,8,3.4,24.252,WXMODEL-UPLIFT-001,1.0,external
REG-NORTH,2026-06-12,0.1,0.133,8,3.4,1.2522,WXMODEL-UPLIFT-001,1.0,external
REG-CENTRAL,2026-06-12,-0.059,-0.078,8,3.4,-0.7372,WXMODEL-UPLIFT-001,1.0,external
REG-COASTAL,2026-06-13,2.439,3.252,8,3.4,30.5688,WXMODEL-UPLIFT-001,1.0,external
REG-SOUTH,2026-06-13,2.147,2.863,8,3.4,26.9102,WXMODEL-UPLIFT-001,1.0,external
REG-DELTA,2026-06-13,1.642,2.19,8,3.4,20.582,WXMODEL-UPLIFT-001,1.0,external
REG-ISLAND,2026-06-13,2.01,2.679,8,3.4,25.1886,WXMODEL-UPLIFT-001,1.0,external
REG-NORTH,2026-06-13,0.097,0.13,8,3.4,1.218,WXMODEL-UPLIFT-001,1.0,external
REG-CENTRAL,2026-06-13,-0.06,-0.08,8,3.4,-0.752,WXMODEL-UPLIFT-001,1.0,external
REG-COASTAL,2026-06-14,2.473,3.297,8,3.4,30.9938,WXMODEL-UPLIFT-001,1.0,external
REG-SOUTH,2026-06-14,2.264,3.019,8,3.4,28.3766,WXMODEL-UPLIFT-001,1.0,external
REG-DELTA,2026-06-14,1.619,2.159,8,3.4,20.2926,WXMODEL-UPLIFT-001,1.0,external
REG-ISLAND,2026-06-14,1.975,2.633,8,3.4,24.7522,WXMODEL-UPLIFT-001,1.0,external
REG-NORTH,2026-06-14,0.104,0.138,8,3.4,1.3012,WXMODEL-UPLIFT-001,1.0,external
REG-CENTRAL,2026-06-14,-0.06,-0.08,8,3.4,-0.752,WXMODEL-UPLIFT-001,1.0,external
REG-COASTAL,2026-06-15,2.431,3.242,8,3.4,30.4708,WXMODEL-UPLIFT-001,1.0,external
REG-SOUTH,2026-06-15,2.214,2.952,8,3.4,27.7488,WXMODEL-UPLIFT-001,1.0,external
REG-DELTA,2026-06-15,1.701,2.267,8,3.4,21.3158,WXMODEL-UPLIFT-001,1.0,external
REG-ISLAND,2026-06-15,1.97,2.626,8,3.4,24.6884,WXMODEL-UPLIFT-001,1.0,external
REG-NORTH,2026-06-15,0.103,0.137,8,3.4,1.2898,WXMODEL-UPLIFT-001,1.0,external
REG-CENTRAL,2026-06-15,-0.061,-0.082,8,3.4,-0.7668,WXMODEL-UPLIFT-001,1.0,external
REG-COASTAL,2026-06-16,2.486,3.315,8,3.4,31.159,WXMODEL-UPLIFT-001,1.0,external
REG-SOUTH,2026-06-16,2.224,2.966,8,3.4,27.8764,WXMODEL-UPLIFT-001,1.0,external
REG-DELTA,2026-06-16,1.626,2.168,8,3.4,20.3792,WXMODEL-UPLIFT-001,1.0,external
REG-ISLAND,2026-06-16,1.882,2.509,8,3.4,23.5866,WXMODEL-UPLIFT-001,1.0,external
REG-NORTH,2026-06-16,0.097,0.129,8,3.4,1.2146,WXMODEL-UPLIFT-001,1.0,external
REG-CENTRAL,2026-06-16,-0.062,-0.082,8,3.4,-0.7748,WXMODEL-UPLIFT-001,1.0,external
REG-COASTAL,2026-06-17,2.456,3.274,8,3.4,30.7796,WXMODEL-UPLIFT-001,1.0,external
REG-SOUTH,2026-06-17,2.221,2.961,8,3.4,27.8354,WXMODEL-UPLIFT-001,1.0,external
REG-DELTA,2026-06-17,1.642,2.19,8,3.4,20.582,WXMODEL-UPLIFT-001,1.0,external
REG-ISLAND,2026-06-17,1.89,2.52,8,3.4,23.688,WXMODEL-UPLIFT-001,1.0,external
REG-NORTH,2026-06-17,0.099,0.132,8,3.4,1.2408,WXMODEL-UPLIFT-001,1.0,external
REG-CENTRAL,2026-06-17,-0.065,-0.087,8,3.4,-0.8158,WXMODEL-UPLIFT-001,1.0,external
REG-COASTAL,2026-06-18,2.446,3.261,8,3.4,30.6554,WXMODEL-UPLIFT-001,1.0,external
REG-SOUTH,2026-06-18,2.212,2.949,8,3.4,27.7226,WXMODEL-UPLIFT-001,1.0,external
REG-DELTA,2026-06-18,1.632,2.176,8,3.4,20.4544,WXMODEL-UPLIFT-001,1.0,external
REG-ISLAND,2026-06-18,1.96,2.613,8,3.4,24.5642,WXMODEL-UPLIFT-001,1.0,external
REG-NORTH,2026-06-18,0.094,0.126,8,3.4,1.1804,WXMODEL-UPLIFT-001,1.0,external
REG-CENTRAL,2026-06-18,-0.062,-0.082,8,3.4,-0.7748,WXMODEL-UPLIFT-001,1.0,external
REG-COASTAL,2026-06-19,2.441,3.254,8,3.4,30.5916,WXMODEL-UPLIFT-001,1.0,external
REG-SOUTH,2026-06-19,2.195,2.926,8,3.4,27.5084,WXMODEL-UPLIFT-001,1.0,external
REG-DELTA,2026-06-19,1.655,2.206,8,3.4,20.7404,WXMODEL-UPLIFT-001,1.0,external
REG-ISLAND,2026-06-19,1.894,2.525,8,3.4,23.737,WXMODEL-UPLIFT-001,1.0,external
REG-NORTH,2026-06-19,0.094,0.126,8,3.4,1.1804,WXMODEL-UPLIFT-001,1.0,external
REG-CENTRAL,2026-06-19,-0.061,-0.081,8,3.4,-0.7634,WXMODEL-UPLIFT-001,1.0,external
REG-COASTAL,2026-06-20,2.458,3.277,8,3.4,30.8058,WXMODEL-UPLIFT-001,1.0,external
REG-SOUTH,2026-06-20,2.233,2.977,8,3.4,27.9858,WXMODEL-UPLIFT-001,1.0,external
REG-DELTA,2026-06-20,1.653,2.203,8,3.4,20.7142,WXMODEL-UPLIFT-001,1.0,external
REG-ISLAND,2026-06-20,1.895,2.526,8,3.4,23.7484,WXMODEL-UPLIFT-001,1.0,external
REG-NORTH,2026-06-20,0.097,0.129,8,3.4,1.2146,WXMODEL-UPLIFT-001,1.0,external
REG-CENTRAL,2026-06-20,-0.062,-0.083,8,3.4,-0.7782,WXMODEL-UPLIFT-001,1.0,external
REG-COASTAL,2026-06-21,2.455,3.273,8,3.4,30.7682,WXMODEL-UPLIFT-001,1.0,external
REG-SOUTH,2026-06-21,2.273,3.031,8,3.4,28.4894,WXMODEL-UPLIFT-001,1.0,external
REG-DELTA,2026-06-21,1.586,2.115,8,3.4,19.879,WXMODEL-UPLIFT-001,1.0,external
REG-ISLAND,2026-06-21,1.875,2.5,8,3.4,23.5,WXMODEL-UPLIFT-001,1.0,external
REG-NORTH,2026-06-21,0.096,0.129,8,3.4,1.2066,WXMODEL-UPLIFT-001,1.0,external
REG-CENTRAL,2026-06-21,-0.062,-0.082,8,3.4,-0.7748,WXMODEL-UPLIFT-001,1.0,external
REG-COASTAL,2026-06-22,2.37,3.16,8,3.4,29.704,WXMODEL-UPLIFT-001,1.0,external
REG-SOUTH,2026-06-22,2.291,3.055,8,3.4,28.715,WXMODEL-UPLIFT-001,1.0,external
REG-DELTA,2026-06-22,1.612,2.149,8,3.4,20.2026,WXMODEL-UPLIFT-001,1.0,external
REG-ISLAND,2026-06-22,1.907,2.543,8,3.4,23.9022,WXMODEL-UPLIFT-001,1.0,external
REG-NORTH,2026-06-22,0.101,0.135,8,3.4,1.267,WXMODEL-UPLIFT-001,1.0,external
REG-CENTRAL,2026-06-22,-0.063,-0.085,8,3.4,-0.793,WXMODEL-UPLIFT-001,1.0,external
REG-COASTAL,2026-06-23,2.466,3.288,8,3.4,30.9072,WXMODEL-UPLIFT-001,1.0,external
REG-SOUTH,2026-06-23,2.192,2.923,8,3.4,27.4742,WXMODEL-UPLIFT-001,1.0,external
REG-DELTA,2026-06-23,1.635,2.181,8,3.4,20.4954,WXMODEL-UPLIFT-001,1.0,external
REG-ISLAND,2026-06-23,1.909,2.545,8,3.4,23.925,WXMODEL-UPLIFT-001,1.0,external
REG-NORTH,2026-06-23,0.097,0.129,8,3.4,1.2146,WXMODEL-UPLIFT-001,1.0,external
REG-CENTRAL,2026-06-23,-0.063,-0.084,8,3.4,-0.7896,WXMODEL-UPLIFT-001,1.0,external
REG-COASTAL,2026-06-24,2.504,3.339,8,3.4,31.3846,WXMODEL-UPLIFT-001,1.0,external
REG-SOUTH,2026-06-24,2.198,2.931,8,3.4,27.5494,WXMODEL-UPLIFT-001,1.0,external
REG-DELTA,2026-06-24,1.583,2.111,8,3.4,19.8414,WXMODEL-UPLIFT-001,1.0,external
REG-ISLAND,2026-06-24,1.891,2.521,8,3.4,23.6994,WXMODEL-UPLIFT-001,1.0,external
REG-NORTH,2026-06-24,0.101,0.134,8,3.4,1.2636,WXMODEL-UPLIFT-001,1.0,external
REG-CENTRAL,2026-06-24,-0.063,-0.084,8,3.4,-0.7896,WXMODEL-UPLIFT-001,1.0,external
REG-COASTAL,2026-06-25,2.47,3.293,8,3.4,30.9562,WXMODEL-UPLIFT-001,1.0,external
REG-SOUTH,2026-06-25,2.144,2.859,8,3.4,26.8726,WXMODEL-UPLIFT-001,1.0,external
REG-DELTA,2026-06-25,1.578,2.103,8,3.4,19.7742,WXMODEL-UPLIFT-001,1.0,external
REG-ISLAND,2026-06-25,1.864,2.486,8,3.4,23.3644,WXMODEL-UPLIFT-001,1.0,external
REG-NORTH,2026-06-25,0.101,0.135,8,3.4,1.267,WXMODEL-UPLIFT-001,1.0,external
REG-CENTRAL,2026-06-25,-0.062,-0.083,8,3.4,-0.7782,WXMODEL-UPLIFT-001,1.0,external
REG-COASTAL,2026-06-26,2.421,3.228,8,3.4,30.3432,WXMODEL-UPLIFT-001,1.0,external
REG-SOUTH,2026-06-26,2.175,2.901,8,3.4,27.2634,WXMODEL-UPLIFT-001,1.0,external
REG-DELTA,2026-06-26,1.559,2.079,8,3.4,19.5406,WXMODEL-UPLIFT-001,1.0,external
REG-ISLAND,2026-06-26,1.832,2.443,8,3.4,22.9622,WXMODEL-UPLIFT-001,1.0,external
REG-NORTH,2026-06-26,0.096,0.128,8,3.4,1.2032,WXMODEL-UPLIFT-001,1.0,external
REG-CENTRAL,2026-06-26,-0.063,-0.084,8,3.4,-0.7896,WXMODEL-UPLIFT-001,1.0,external
REG-COASTAL,2026-06-27,2.484,3.312,8,3.4,31.1328,WXMODEL-UPLIFT-001,1.0,external
REG-SOUTH,2026-06-27,2.343,3.124,8,3.4,29.3656,WXMODEL-UPLIFT-001,1.0,external
REG-DELTA,2026-06-27,1.579,2.106,8,3.4,19.7924,WXMODEL-UPLIFT-001,1.0,external
REG-ISLAND,2026-06-27,1.93,2.574,8,3.4,24.1916,WXMODEL-UPLIFT-001,1.0,external
REG-NORTH,2026-06-27,0.1,0.134,8,3.4,1.2556,WXMODEL-UPLIFT-001,1.0,external
REG-CENTRAL,2026-06-27,-0.063,-0.084,8,3.4,-0.7896,WXMODEL-UPLIFT-001,1.0,external
REG-COASTAL,2026-06-28,2.503,3.338,8,3.4,31.3732,WXMODEL-UPLIFT-001,1.0,external
REG-SOUTH,2026-06-28,2.231,2.975,8,3.4,27.963,WXMODEL-UPLIFT-001,1.0,external
REG-DELTA,2026-06-28,1.497,1.996,8,3.4,18.7624,WXMODEL-UPLIFT-001,1.0,external
REG-ISLAND,2026-06-28,1.922,2.563,8,3.4,24.0902,WXMODEL-UPLIFT-001,1.0,external
REG-NORTH,2026-06-28,0.094,0.125,8,3.4,1.177,WXMODEL-UPLIFT-001,1.0,external
REG-CENTRAL,2026-06-28,-0.061,-0.082,8,3.4,-0.7668,WXMODEL-UPLIFT-001,1.0,external
REG-COASTAL,2026-06-29,2.49,3.32,8,3.4,31.208,WXMODEL-UPLIFT-001,1.0,external
REG-SOUTH,2026-06-29,2.249,2.998,8,3.4,28.1852,WXMODEL-UPLIFT-001,1.0,external
REG-DELTA,2026-06-29,1.561,2.082,8,3.4,19.5668,WXMODEL-UPLIFT-001,1.0,external
REG-ISLAND,2026-06-29,1.898,2.531,8,3.4,23.7894,WXMODEL-UPLIFT-001,1.0,external
REG-NORTH,2026-06-29,0.097,0.13,8,3.4,1.218,WXMODEL-UPLIFT-001,1.0,external
REG-CENTRAL,2026-06-29,-0.062,-0.082,8,3.4,-0.7748,WXMODEL-UPLIFT-001,1.0,external
REG-COASTAL,2026-06-30,2.554,3.406,8,3.4,32.0124,WXMODEL-UPLIFT-001,1.0,external
REG-SOUTH,2026-06-30,2.221,2.962,8,3.4,27.8388,WXMODEL-UPLIFT-001,1.0,external
REG-DELTA,2026-06-30,1.609,2.146,8,3.4,20.1684,WXMODEL-UPLIFT-001,1.0,external
REG-ISLAND,2026-06-30,1.834,2.445,8,3.4,22.985,WXMODEL-UPLIFT-001,1.0,external
REG-NORTH,2026-06-30,0.098,0.13,8,3.4,1.226,WXMODEL-UPLIFT-001,1.0,external
REG-CENTRAL,2026-06-30,-0.061,-0.081,8,3.4,-0.7634,WXMODEL-UPLIFT-001,1.0,external
REG-COASTAL,2026-07-01,2.591,3.455,8,3.4,32.475,WXMODEL-UPLIFT-001,1.0,external
REG-SOUTH,2026-07-01,2.182,2.91,8,3.4,27.35,WXMODEL-UPLIFT-001,1.0,external
REG-DELTA,2026-07-01,1.577,2.103,8,3.4,19.7662,WXMODEL-UPLIFT-001,1.0,external
REG-ISLAND,2026-07-01,1.84,2.453,8,3.4,23.0602,WXMODEL-UPLIFT-001,1.0,external
REG-NORTH,2026-07-01,0.096,0.128,8,3.4,1.2032,WXMODEL-UPLIFT-001,1.0,external
REG-CENTRAL,2026-07-01,-0.06,-0.08,8,3.4,-0.752,WXMODEL-UPLIFT-001,1.0,external
REG-COASTAL,2026-07-02,2.541,3.388,8,3.4,31.8472,WXMODEL-UPLIFT-001,1.0,external
REG-SOUTH,2026-07-02,2.26,3.014,8,3.4,28.3276,WXMODEL-UPLIFT-001,1.0,external
REG-DELTA,2026-07-02,1.52,2.027,8,3.4,19.0518,WXMODEL-UPLIFT-001,1.0,external
REG-ISLAND,2026-07-02,1.836,2.447,8,3.4,23.0078,WXMODEL-UPLIFT-001,1.0,external
REG-NORTH,2026-07-02,0.095,0.127,8,3.4,1.1918,WXMODEL-UPLIFT-001,1.0,external
REG-CENTRAL,2026-07-02,-0.062,-0.083,8,3.4,-0.7782,WXMODEL-UPLIFT-001,1.0,external
REG-COASTAL,2026-07-03,2.536,3.382,8,3.4,31.7868,WXMODEL-UPLIFT-001,1.0,external
REG-SOUTH,2026-07-03,2.171,2.895,8,3.4,27.211,WXMODEL-UPLIFT-001,1.0,external
REG-DELTA,2026-07-03,1.603,2.137,8,3.4,20.0898,WXMODEL-UPLIFT-001,1.0,external
REG-ISLAND,2026-07-03,1.888,2.517,8,3.4,23.6618,WXMODEL-UPLIFT-001,1.0,external
REG-NORTH,2026-07-03,0.098,0.131,8,3.4,1.2294,WXMODEL-UPLIFT-001,1.0,external
REG-CENTRAL,2026-07-03,-0.062,-0.083,8,3.4,-0.7782,WXMODEL-UPLIFT-001,1.0,external
REG-COASTAL,2026-07-04,2.531,3.374,8,3.4,31.7196,WXMODEL-UPLIFT-001,1.0,external
REG-SOUTH,2026-07-04,2.209,2.945,8,3.4,27.685,WXMODEL-UPLIFT-001,1.0,external
REG-DELTA,2026-07-04,1.51,2.013,8,3.4,18.9242,WXMODEL-UPLIFT-001,1.0,external
REG-ISLAND,2026-07-04,1.805,2.407,8,3.4,22.6238,WXMODEL-UPLIFT-001,1.0,external
REG-NORTH,2026-07-04,0.094,0.126,8,3.4,1.1804,WXMODEL-UPLIFT-001,1.0,external
REG-CENTRAL,2026-07-04,-0.062,-0.083,8,3.4,-0.7782,WXMODEL-UPLIFT-001,1.0,external
REG-COASTAL,2026-07-05,2.557,3.409,8,3.4,32.0466,WXMODEL-UPLIFT-001,1.0,external
REG-SOUTH,2026-07-05,2.176,2.902,8,3.4,27.2748,WXMODEL-UPLIFT-001,1.0,external
REG-DELTA,2026-07-05,1.58,2.107,8,3.4,19.8038,WXMODEL-UPLIFT-001,1.0,external
REG-ISLAND,2026-07-05,1.842,2.456,8,3.4,23.0864,WXMODEL-UPLIFT-001,1.0,external
REG-NORTH,2026-07-05,0.096,0.128,8,3.4,1.2032,WXMODEL-UPLIFT-001,1.0,external
REG-CENTRAL,2026-07-05,-0.065,-0.087,8,3.4,-0.8158,WXMODEL-UPLIFT-001,1.0,external
REG-COASTAL,2026-07-06,2.556,3.408,8,3.4,32.0352,WXMODEL-UPLIFT-001,1.0,external
REG-SOUTH,2026-07-06,2.159,2.879,8,3.4,27.0606,WXMODEL-UPLIFT-001,1.0,external
REG-DELTA,2026-07-06,1.563,2.084,8,3.4,19.5896,WXMODEL-UPLIFT-001,1.0,external
REG-ISLAND,2026-07-06,1.789,2.385,8,3.4,22.421,WXMODEL-UPLIFT-001,1.0,external
REG-NORTH,2026-07-06,0.094,0.126,8,3.4,1.1804,WXMODEL-UPLIFT-001,1.0,external
REG-CENTRAL,2026-07-06,-0.062,-0.082,8,3.4,-0.7748,WXMODEL-UPLIFT-001,1.0,external
REG-COASTAL,2026-07-07,2.55,3.4,8,3.4,31.96,WXMODEL-UPLIFT-001,1.0,external
REG-SOUTH,2026-07-07,2.186,2.915,8,3.4,27.399,WXMODEL-UPLIFT-001,1.0,external
REG-DELTA,2026-07-07,1.578,2.104,8,3.4,19.7776,WXMODEL-UPLIFT-001,1.0,external
REG-ISLAND,2026-07-07,1.786,2.381,8,3.4,22.3834,WXMODEL-UPLIFT-001,1.0,external
REG-NORTH,2026-07-07,0.098,0.131,8,3.4,1.2294,WXMODEL-UPLIFT-001,1.0,external
REG-CENTRAL,2026-07-07,-0.066,-0.088,8,3.4,-0.8272,WXMODEL-UPLIFT-001,1.0,external
REG-COASTAL,2026-07-08,2.547,3.397,8,3.4,31.9258,WXMODEL-UPLIFT-001,1.0,external
REG-SOUTH,2026-07-08,2.132,2.843,8,3.4,26.7222,WXMODEL-UPLIFT-001,1.0,external
REG-DELTA,2026-07-08,1.497,1.996,8,3.4,18.7624,WXMODEL-UPLIFT-001,1.0,external
REG-ISLAND,2026-07-08,1.827,2.435,8,3.4,22.895,WXMODEL-UPLIFT-001,1.0,external
REG-NORTH,2026-07-08,0.094,0.126,8,3.4,1.1804,WXMODEL-UPLIFT-001,1.0,external
REG-CENTRAL,2026-07-08,-0.063,-0.084,8,3.4,-0.7896,WXMODEL-UPLIFT-001,1.0,external
REG-COASTAL,2026-07-09,2.609,3.478,8,3.4,32.6972,WXMODEL-UPLIFT-001,1.0,external
REG-SOUTH,2026-07-09,2.143,2.858,8,3.4,26.8612,WXMODEL-UPLIFT-001,1.0,external
REG-DELTA,2026-07-09,1.532,2.043,8,3.4,19.2022,WXMODEL-UPLIFT-001,1.0,external
REG-ISLAND,2026-07-09,1.809,2.412,8,3.4,22.6728,WXMODEL-UPLIFT-001,1.0,external
REG-NORTH,2026-07-09,0.094,0.125,8,3.4,1.177,WXMODEL-UPLIFT-001,1.0,external
REG-CENTRAL,2026-07-09,-0.062,-0.083,8,3.4,-0.7782,WXMODEL-UPLIFT-001,1.0,external
REG-COASTAL,2026-07-10,2.535,3.379,8,3.4,31.7686,WXMODEL-UPLIFT-001,1.0,external
REG-SOUTH,2026-07-10,2.067,2.756,8,3.4,25.9064,WXMODEL-UPLIFT-001,1.0,external
REG-DELTA,2026-07-10,1.546,2.061,8,3.4,19.3754,WXMODEL-UPLIFT-001,1.0,external
REG-ISLAND,2026-07-10,1.82,2.427,8,3.4,22.8118,WXMODEL-UPLIFT-001,1.0,external
REG-NORTH,2026-07-10,0.092,0.123,8,3.4,1.1542,WXMODEL-UPLIFT-001,1.0,external
REG-CENTRAL,2026-07-10,-0.062,-0.082,8,3.4,-0.7748,WXMODEL-UPLIFT-001,1.0,external
REG-COASTAL,2026-07-11,2.493,3.324,8,3.4,31.2456,WXMODEL-UPLIFT-001,1.0,external
REG-SOUTH,2026-07-11,2.193,2.925,8,3.4,27.489,WXMODEL-UPLIFT-001,1.0,external
REG-DELTA,2026-07-11,1.571,2.095,8,3.4,19.691,WXMODEL-UPLIFT-001,1.0,external
REG-ISLAND,2026-07-11,1.814,2.419,8,3.4,22.7366,WXMODEL-UPLIFT-001,1.0,external
REG-NORTH,2026-07-11,0.096,0.129,8,3.4,1.2066,WXMODEL-UPLIFT-001,1.0,external
REG-CENTRAL,2026-07-11,-0.063,-0.084,8,3.4,-0.7896,WXMODEL-UPLIFT-001,1.0,external
REG-COASTAL,2026-07-12,2.531,3.375,8,3.4,31.723,WXMODEL-UPLIFT-001,1.0,external
REG-SOUTH,2026-07-12,2.204,2.939,8,3.4,27.6246,WXMODEL-UPLIFT-001,1.0,external
REG-DELTA,2026-07-12,1.511,2.014,8,3.4,18.9356,WXMODEL-UPLIFT-001,1.0,external
REG-ISLAND,2026-07-12,1.742,2.322,8,3.4,21.8308,WXMODEL-UPLIFT-001,1.0,external
REG-NORTH,2026-07-12,0.097,0.129,8,3.4,1.2146,WXMODEL-UPLIFT-001,1.0,external
REG-CENTRAL,2026-07-12,-0.063,-0.084,8,3.4,-0.7896,WXMODEL-UPLIFT-001,1.0,external
REG-COASTAL,2026-07-13,2.539,3.385,8,3.4,31.821,WXMODEL-UPLIFT-001,1.0,external
REG-SOUTH,2026-07-13,2.196,2.928,8,3.4,27.5232,WXMODEL-UPLIFT-001,1.0,external
REG-DELTA,2026-07-13,1.465,1.953,8,3.4,18.3602,WXMODEL-UPLIFT-001,1.0,external
REG-ISLAND,2026-07-13,1.706,2.275,8,3.4,21.383,WXMODEL-UPLIFT-001,1.0,external
REG-NORTH,2026-07-13,0.096,0.128,8,3.4,1.2032,WXMODEL-UPLIFT-001,1.0,external
REG-CENTRAL,2026-07-13,-0.062,-0.083,8,3.4,-0.7782,WXMODEL-UPLIFT-001,1.0,external
REG-COASTAL,2026-07-14,2.512,3.35,8,3.4,31.486,WXMODEL-UPLIFT-001,1.0,external
REG-SOUTH,2026-07-14,2.213,2.951,8,3.4,27.7374,WXMODEL-UPLIFT-001,1.0,external
REG-DELTA,2026-07-14,1.53,2.04,8,3.4,19.176,WXMODEL-UPLIFT-001,1.0,external
REG-ISLAND,2026-07-14,1.795,2.393,8,3.4,22.4962,WXMODEL-UPLIFT-001,1.0,external
REG-NORTH,2026-07-14,0.095,0.127,8,3.4,1.1918,WXMODEL-UPLIFT-001,1.0,external
REG-CENTRAL,2026-07-14,-0.063,-0.084,8,3.4,-0.7896,WXMODEL-UPLIFT-001,1.0,external
REG-COASTAL,2026-07-15,2.607,3.476,8,3.4,32.6744,WXMODEL-UPLIFT-001,1.0,external
REG-SOUTH,2026-07-15,2.135,2.847,8,3.4,26.7598,WXMODEL-UPLIFT-001,1.0,external
REG-DELTA,2026-07-15,1.508,2.01,8,3.4,18.898,WXMODEL-UPLIFT-001,1.0,external
REG-ISLAND,2026-07-15,1.765,2.354,8,3.4,22.1236,WXMODEL-UPLIFT-001,1.0,external
REG-NORTH,2026-07-15,0.095,0.127,8,3.4,1.1918,WXMODEL-UPLIFT-001,1.0,external
REG-CENTRAL,2026-07-15,-0.065,-0.087,8,3.4,-0.8158,WXMODEL-UPLIFT-001,1.0,external
REG-COASTAL,2026-07-16,2.424,3.232,8,3.4,30.3808,WXMODEL-UPLIFT-001,1.0,external
REG-SOUTH,2026-07-16,2.069,2.758,8,3.4,25.9292,WXMODEL-UPLIFT-001,1.0,external
REG-DELTA,2026-07-16,1.522,2.03,8,3.4,19.078,WXMODEL-UPLIFT-001,1.0,external
REG-ISLAND,2026-07-16,1.709,2.278,8,3.4,21.4172,WXMODEL-UPLIFT-001,1.0,external
REG-NORTH,2026-07-16,0.093,0.124,8,3.4,1.1656,WXMODEL-UPLIFT-001,1.0,external
REG-CENTRAL,2026-07-16,-0.062,-0.083,8,3.4,-0.7782,WXMODEL-UPLIFT-001,1.0,external
REG-COASTAL,2026-07-17,2.536,3.381,8,3.4,31.7834,WXMODEL-UPLIFT-001,1.0,external
REG-SOUTH,2026-07-17,2.148,2.864,8,3.4,26.9216,WXMODEL-UPLIFT-001,1.0,external
REG-DELTA,2026-07-17,1.475,1.966,8,3.4,18.4844,WXMODEL-UPLIFT-001,1.0,external
REG-ISLAND,2026-07-17,1.772,2.362,8,3.4,22.2068,WXMODEL-UPLIFT-001,1.0,external
REG-NORTH,2026-07-17,0.093,0.124,8,3.4,1.1656,WXMODEL-UPLIFT-001,1.0,external
REG-CENTRAL,2026-07-17,-0.062,-0.082,8,3.4,-0.7748,WXMODEL-UPLIFT-001,1.0,external
REG-COASTAL,2026-07-18,2.534,3.379,8,3.4,31.7606,WXMODEL-UPLIFT-001,1.0,external
REG-SOUTH,2026-07-18,2.118,2.824,8,3.4,26.5456,WXMODEL-UPLIFT-001,1.0,external
REG-DELTA,2026-07-18,1.555,2.074,8,3.4,19.4916,WXMODEL-UPLIFT-001,1.0,external
REG-ISLAND,2026-07-18,1.777,2.37,8,3.4,22.274,WXMODEL-UPLIFT-001,1.0,external
REG-NORTH,2026-07-18,0.092,0.122,8,3.4,1.1508,WXMODEL-UPLIFT-001,1.0,external
REG-CENTRAL,2026-07-18,-0.065,-0.086,8,3.4,-0.8124,WXMODEL-UPLIFT-001,1.0,external
REG-COASTAL,2026-07-19,2.498,3.33,8,3.4,31.306,WXMODEL-UPLIFT-001,1.0,external
REG-SOUTH,2026-07-19,2.076,2.768,8,3.4,26.0192,WXMODEL-UPLIFT-001,1.0,external
REG-DELTA,2026-07-19,1.487,1.983,8,3.4,18.6382,WXMODEL-UPLIFT-001,1.0,external
REG-ISLAND,2026-07-19,1.799,2.399,8,3.4,22.5486,WXMODEL-UPLIFT-001,1.0,external
REG-NORTH,2026-07-19,0.096,0.128,8,3.4,1.2032,WXMODEL-UPLIFT-001,1.0,external
REG-CENTRAL,2026-07-19,-0.064,-0.086,8,3.4,-0.8044,WXMODEL-UPLIFT-001,1.0,external
REG-COASTAL,2026-07-20,2.506,3.342,8,3.4,31.4108,WXMODEL-UPLIFT-001,1.0,external
REG-SOUTH,2026-07-20,2.123,2.831,8,3.4,26.6094,WXMODEL-UPLIFT-001,1.0,external
REG-DELTA,2026-07-20,1.456,1.941,8,3.4,18.2474,WXMODEL-UPLIFT-001,1.0,external
REG-ISLAND,2026-07-20,1.774,2.365,8,3.4,22.233,WXMODEL-UPLIFT-001,1.0,external
REG-NORTH,2026-07-20,0.092,0.123,8,3.4,1.1542,WXMODEL-UPLIFT-001,1.0,external
REG-CENTRAL,2026-07-20,-0.067,-0.089,8,3.4,-0.8386,WXMODEL-UPLIFT-001,1.0,external
REG-COASTAL,2026-07-21,2.586,3.449,8,3.4,32.4146,WXMODEL-UPLIFT-001,1.0,external
REG-SOUTH,2026-07-21,2.036,2.715,8,3.4,25.519,WXMODEL-UPLIFT-001,1.0,external
REG-DELTA,2026-07-21,1.461,1.948,8,3.4,18.3112,WXMODEL-UPLIFT-001,1.0,external
REG-ISLAND,2026-07-21,1.758,2.344,8,3.4,22.0336,WXMODEL-UPLIFT-001,1.0,external
REG-NORTH,2026-07-21,0.092,0.123,8,3.4,1.1542,WXMODEL-UPLIFT-001,1.0,external
REG-CENTRAL,2026-07-21,-0.062,-0.083,8,3.4,-0.7782,WXMODEL-UPLIFT-001,1.0,external
REG-COASTAL,2026-07-22,2.464,3.286,8,3.4,30.8844,WXMODEL-UPLIFT-001,1.0,external
REG-SOUTH,2026-07-22,2.084,2.778,8,3.4,26.1172,WXMODEL-UPLIFT-001,1.0,external
REG-DELTA,2026-07-22,1.458,1.945,8,3.4,18.277,WXMODEL-UPLIFT-001,1.0,external
REG-ISLAND,2026-07-22,1.751,2.334,8,3.4,21.9436,WXMODEL-UPLIFT-001,1.0,external
REG-NORTH,2026-07-22,0.096,0.128,8,3.4,1.2032,WXMODEL-UPLIFT-001,1.0,external
REG-CENTRAL,2026-07-22,-0.064,-0.085,8,3.4,-0.801,WXMODEL-UPLIFT-001,1.0,external
REG-COASTAL,2026-07-23,2.586,3.448,8,3.4,32.4112,WXMODEL-UPLIFT-001,1.0,external
REG-SOUTH,2026-07-23,2.064,2.752,8,3.4,25.8688,WXMODEL-UPLIFT-001,1.0,external
REG-DELTA,2026-07-23,1.45,1.934,8,3.4,18.1756,WXMODEL-UPLIFT-001,1.0,external
REG-ISLAND,2026-07-23,1.708,2.277,8,3.4,21.4058,WXMODEL-UPLIFT-001,1.0,external
REG-NORTH,2026-07-23,0.097,0.13,8,3.4,1.218,WXMODEL-UPLIFT-001,1.0,external
REG-CENTRAL,2026-07-23,-0.063,-0.085,8,3.4,-0.793,WXMODEL-UPLIFT-001,1.0,external
REG-COASTAL,2026-07-24,2.517,3.356,8,3.4,31.5464,WXMODEL-UPLIFT-001,1.0,external
REG-SOUTH,2026-07-24,2.07,2.76,8,3.4,25.944,WXMODEL-UPLIFT-001,1.0,external
REG-DELTA,2026-07-24,1.408,1.877,8,3.4,17.6458,WXMODEL-UPLIFT-001,1.0,external
REG-ISLAND,2026-07-24,1.69,2.254,8,3.4,21.1836,WXMODEL-UPLIFT-001,1.0,external
REG-NORTH,2026-07-24,0.095,0.127,8,3.4,1.1918,WXMODEL-UPLIFT-001,1.0,external
REG-CENTRAL,2026-07-24,-0.067,-0.089,8,3.4,-0.8386,WXMODEL-UPLIFT-001,1.0,external
REG-COASTAL,2026-07-25,2.489,3.319,8,3.4,31.1966,WXMODEL-UPLIFT-001,1.0,external
REG-SOUTH,2026-07-25,2.138,2.851,8,3.4,26.7974,WXMODEL-UPLIFT-001,1.0,external
REG-DELTA,2026-07-25,1.431,1.908,8,3.4,17.9352,WXMODEL-UPLIFT-001,1.0,external
REG-ISLAND,2026-07-25,1.751,2.335,8,3.4,21.947,WXMODEL-UPLIFT-001,1.0,external
REG-NORTH,2026-07-25,0.094,0.126,8,3.4,1.1804,WXMODEL-UPLIFT-001,1.0,external
REG-CENTRAL,2026-07-25,-0.066,-0.088,8,3.4,-0.8272,WXMODEL-UPLIFT-001,1.0,external
REG-COASTAL,2026-07-26,2.419,3.225,8,3.4,30.317,WXMODEL-UPLIFT-001,1.0,external
REG-SOUTH,2026-07-26,2.085,2.781,8,3.4,26.1354,WXMODEL-UPLIFT-001,1.0,external
REG-DELTA,2026-07-26,1.403,1.87,8,3.4,17.582,WXMODEL-UPLIFT-001,1.0,external
REG-ISLAND,2026-07-26,1.741,2.321,8,3.4,21.8194,WXMODEL-UPLIFT-001,1.0,external
REG-NORTH,2026-07-26,0.094,0.125,8,3.4,1.177,WXMODEL-UPLIFT-001,1.0,external
REG-CENTRAL,2026-07-26,-0.068,-0.091,8,3.4,-0.8534,WXMODEL-UPLIFT-001,1.0,external
REG-COASTAL,2026-07-27,2.427,3.235,8,3.4,30.415,WXMODEL-UPLIFT-001,1.0,external
REG-SOUTH,2026-07-27,2.017,2.69,8,3.4,25.282,WXMODEL-UPLIFT-001,1.0,external
REG-DELTA,2026-07-27,1.4,1.866,8,3.4,17.5444,WXMODEL-UPLIFT-001,1.0,external
REG-ISLAND,2026-07-27,1.707,2.276,8,3.4,21.3944,WXMODEL-UPLIFT-001,1.0,external
REG-NORTH,2026-07-27,0.093,0.124,8,3.4,1.1656,WXMODEL-UPLIFT-001,1.0,external
REG-CENTRAL,2026-07-27,-0.067,-0.09,8,3.4,-0.842,WXMODEL-UPLIFT-001,1.0,external
REG-COASTAL,2026-07-28,2.457,3.276,8,3.4,30.7944,WXMODEL-UPLIFT-001,1.0,external
REG-SOUTH,2026-07-28,2.125,2.833,8,3.4,26.6322,WXMODEL-UPLIFT-001,1.0,external
REG-DELTA,2026-07-28,1.451,1.934,8,3.4,18.1836,WXMODEL-UPLIFT-001,1.0,external
REG-ISLAND,2026-07-28,1.766,2.354,8,3.4,22.1316,WXMODEL-UPLIFT-001,1.0,external
REG-NORTH,2026-07-28,0.094,0.126,8,3.4,1.1804,WXMODEL-UPLIFT-001,1.0,external
REG-CENTRAL,2026-07-28,-0.065,-0.087,8,3.4,-0.8158,WXMODEL-UPLIFT-001,1.0,external
REG-COASTAL,2026-07-29,2.46,3.279,8,3.4,30.8286,WXMODEL-UPLIFT-001,1.0,external
REG-SOUTH,2026-07-29,2.001,2.668,8,3.4,25.0792,WXMODEL-UPLIFT-001,1.0,external
REG-DELTA,2026-07-29,1.403,1.87,8,3.4,17.582,WXMODEL-UPLIFT-001,1.0,external
REG-ISLAND,2026-07-29,1.75,2.334,8,3.4,21.9356,WXMODEL-UPLIFT-001,1.0,external
REG-NORTH,2026-07-29,0.094,0.126,8,3.4,1.1804,WXMODEL-UPLIFT-001,1.0,external
REG-CENTRAL,2026-07-29,-0.066,-0.088,8,3.4,-0.8272,WXMODEL-UPLIFT-001,1.0,external
REG-COASTAL,2026-07-30,2.49,3.32,8,3.4,31.208,WXMODEL-UPLIFT-001,1.0,external
REG-SOUTH,2026-07-30,2.051,2.735,8,3.4,25.707,WXMODEL-UPLIFT-001,1.0,external
REG-DELTA,2026-07-30,1.449,1.931,8,3.4,18.1574,WXMODEL-UPLIFT-001,1.0,external
REG-ISLAND,2026-07-30,1.699,2.266,8,3.4,21.2964,WXMODEL-UPLIFT-001,1.0,external
REG-NORTH,2026-07-30,0.098,0.131,8,3.4,1.2294,WXMODEL-UPLIFT-001,1.0,external
REG-CENTRAL,2026-07-30,-0.069,-0.092,8,3.4,-0.8648,WXMODEL-UPLIFT-001,1.0,external
REG-COASTAL,2026-07-31,2.428,3.238,8,3.4,30.4332,WXMODEL-UPLIFT-001,1.0,external
REG-SOUTH,2026-07-31,1.98,2.64,8,3.4,24.816,WXMODEL-UPLIFT-001,1.0,external
REG-DELTA,2026-07-31,1.398,1.863,8,3.4,17.5182,WXMODEL-UPLIFT-001,1.0,external
REG-ISLAND,2026-07-31,1.759,2.345,8,3.4,22.045,WXMODEL-UPLIFT-001,1.0,external
REG-NORTH,2026-07-31,0.098,0.131,8,3.4,1.2294,WXMODEL-UPLIFT-001,1.0,external
REG-CENTRAL,2026-07-31,-0.068,-0.09,8,3.4,-0.85,WXMODEL-UPLIFT-001,1.0,external
REG-COASTAL,2026-08-01,2.42,3.227,8,3.4,30.3318,WXMODEL-UPLIFT-001,1.0,external
REG-SOUTH,2026-08-01,1.964,2.619,8,3.4,24.6166,WXMODEL-UPLIFT-001,1.0,external
REG-DELTA,2026-08-01,1.451,1.935,8,3.4,18.187,WXMODEL-UPLIFT-001,1.0,external
REG-ISLAND,2026-08-01,1.776,2.368,8,3.4,22.2592,WXMODEL-UPLIFT-001,1.0,external
REG-NORTH,2026-08-01,0.096,0.128,8,3.4,1.2032,WXMODEL-UPLIFT-001,1.0,external
REG-CENTRAL,2026-08-01,-0.066,-0.088,8,3.4,-0.8272,WXMODEL-UPLIFT-001,1.0,external
REG-COASTAL,2026-08-02,2.484,3.312,8,3.4,31.1328,WXMODEL-UPLIFT-001,1.0,external
REG-SOUTH,2026-08-02,1.986,2.648,8,3.4,24.8912,WXMODEL-UPLIFT-001,1.0,external
REG-DELTA,2026-08-02,1.374,1.832,8,3.4,17.2208,WXMODEL-UPLIFT-001,1.0,external
REG-ISLAND,2026-08-02,1.662,2.216,8,3.4,20.8304,WXMODEL-UPLIFT-001,1.0,external
REG-NORTH,2026-08-02,0.095,0.127,8,3.4,1.1918,WXMODEL-UPLIFT-001,1.0,external
REG-CENTRAL,2026-08-02,-0.066,-0.088,8,3.4,-0.8272,WXMODEL-UPLIFT-001,1.0,external
REG-COASTAL,2026-08-03,2.36,3.146,8,3.4,29.5764,WXMODEL-UPLIFT-001,1.0,external
REG-SOUTH,2026-08-03,1.947,2.596,8,3.4,24.4024,WXMODEL-UPLIFT-001,1.0,external
REG-DELTA,2026-08-03,1.436,1.915,8,3.4,17.999,WXMODEL-UPLIFT-001,1.0,external
REG-ISLAND,2026-08-03,1.747,2.33,8,3.4,21.898,WXMODEL-UPLIFT-001,1.0,external
REG-NORTH,2026-08-03,0.097,0.13,8,3.4,1.218,WXMODEL-UPLIFT-001,1.0,external
REG-CENTRAL,2026-08-03,-0.066,-0.088,8,3.4,-0.8272,WXMODEL-UPLIFT-001,1.0,external
