eventId,eventType,regionId,severity,startDate,endDate,durationDays,peakValue,peakMetric,signalId,relevantToHeroProduct,headline,provenance
WXE-AIR-QUALITY-REG-COASTAL-001,air_quality,REG-COASTAL,moderate,2026-02-27,2026-02-27,1,16.68,windSpeedKph,SIG-ENSO-2026-07,false,REG-COASTAL dust and air-quality advisory follows dry winds,external
WXE-COLD-SNAP-REG-COASTAL-001,cold_snap,REG-COASTAL,minor,2026-02-27,2026-02-27,1,12.04,temperatureMinC,SIG-ENSO-2026-07,false,REG-COASTAL unseasonal cold snap dips to 12C,external
WXE-AIR-QUALITY-REG-CENTRAL-001,air_quality,REG-CENTRAL,poor,2026-03-01,2026-03-01,1,22.56,windSpeedKph,SIG-ENSO-2026-07,false,REG-CENTRAL dust and air-quality advisory follows dry winds,external
WXE-AIR-QUALITY-REG-SOUTH-001,air_quality,REG-SOUTH,moderate,2026-03-01,2026-03-01,1,17.88,windSpeedKph,SIG-ENSO-2026-07,false,REG-SOUTH dust and air-quality advisory follows dry winds,external
WXE-COLD-SNAP-REG-CENTRAL-001,cold_snap,REG-CENTRAL,minor,2026-03-03,2026-03-03,1,5.3,temperatureMinC,SIG-ENSO-2026-07,false,REG-CENTRAL unseasonal cold snap dips to 5.3C,external
WXE-AIR-QUALITY-REG-COASTAL-002,air_quality,REG-COASTAL,poor,2026-03-03,2026-03-03,1,22.02,windSpeedKph,SIG-ENSO-2026-07,false,REG-COASTAL dust and air-quality advisory follows dry winds,external
WXE-RAIN-STORM-REG-ISLAND-001,rain_storm,REG-ISLAND,moderate,2026-03-03,2026-03-03,1,17.35,precipitationMm,SIG-ENSO-2026-07,false,REG-ISLAND rainfall event brings 17.4 mm,external
WXE-AIR-QUALITY-REG-NORTH-001,air_quality,REG-NORTH,poor,2026-03-03,2026-03-03,1,20.4,windSpeedKph,SIG-ENSO-2026-07,false,REG-NORTH dust and air-quality advisory follows dry winds,external
WXE-COLD-SNAP-REG-CENTRAL-002,cold_snap,REG-CENTRAL,minor,2026-03-05,2026-03-05,1,5.43,temperatureMinC,SIG-ENSO-2026-07,false,REG-CENTRAL unseasonal cold snap dips to 5.4C,external
WXE-COLD-SNAP-REG-ISLAND-001,cold_snap,REG-ISLAND,minor,2026-03-06,2026-03-06,1,17.22,temperatureMinC,SIG-ENSO-2026-07,false,REG-ISLAND unseasonal cold snap dips to 17.2C,external
WXE-AIR-QUALITY-REG-SOUTH-002,air_quality,REG-SOUTH,moderate,2026-03-06,2026-03-06,1,17.98,windSpeedKph,SIG-ENSO-2026-07,false,REG-SOUTH dust and air-quality advisory follows dry winds,external
WXE-RAIN-STORM-REG-SOUTH-001,rain_storm,REG-SOUTH,minor,2026-03-06,2026-03-06,1,9.13,precipitationMm,SIG-ENSO-2026-07,false,REG-SOUTH rainfall event brings 9.1 mm,external
WXE-AIR-QUALITY-REG-NORTH-002,air_quality,REG-NORTH,very-poor,2026-03-07,2026-03-07,1,24.8,windSpeedKph,SIG-ENSO-2026-07,false,REG-NORTH dust and air-quality advisory follows dry winds,external
WXE-COLD-SNAP-REG-NORTH-001,cold_snap,REG-NORTH,minor,2026-03-09,2026-03-09,1,1.56,temperatureMinC,SIG-ENSO-2026-07,false,REG-NORTH unseasonal cold snap dips to 1.6C,external
WXE-COLD-SNAP-REG-ISLAND-002,cold_snap,REG-ISLAND,minor,2026-03-10,2026-03-10,1,16.97,temperatureMinC,SIG-ENSO-2026-07,false,REG-ISLAND unseasonal cold snap dips to 17C,external
WXE-COLD-SNAP-REG-NORTH-002,cold_snap,REG-NORTH,minor,2026-03-10,2026-03-10,1,1.31,temperatureMinC,SIG-ENSO-2026-07,false,REG-NORTH unseasonal cold snap dips to 1.3C,external
WXE-RAIN-STORM-REG-ISLAND-002,rain_storm,REG-ISLAND,moderate,2026-03-12,2026-03-13,2,19.12,precipitationMm,SIG-ENSO-2026-07,false,REG-ISLAND rainfall event brings 19.1 mm,external
WXE-AIR-QUALITY-REG-CENTRAL-002,air_quality,REG-CENTRAL,poor,2026-03-13,2026-03-13,1,20.48,windSpeedKph,SIG-ENSO-2026-07,false,REG-CENTRAL dust and air-quality advisory follows dry winds,external
WXE-COLD-SNAP-REG-DELTA-001,cold_snap,REG-DELTA,minor,2026-03-14,2026-03-14,1,17.02,temperatureMinC,SIG-ENSO-2026-07,false,REG-DELTA unseasonal cold snap dips to 17C,external
WXE-COLD-SNAP-REG-DELTA-002,cold_snap,REG-DELTA,minor,2026-03-15,2026-03-15,1,16.82,temperatureMinC,SIG-ENSO-2026-07,false,REG-DELTA unseasonal cold snap dips to 16.8C,external
WXE-COLD-SNAP-REG-SOUTH-001,cold_snap,REG-SOUTH,minor,2026-03-15,2026-03-15,1,13.84,temperatureMinC,SIG-ENSO-2026-07,false,REG-SOUTH unseasonal cold snap dips to 13.8C,external
WXE-RAIN-STORM-REG-COASTAL-001,rain_storm,REG-COASTAL,moderate,2026-03-17,2026-03-17,1,15.25,precipitationMm,SIG-ENSO-2026-07,false,REG-COASTAL rainfall event brings 15.3 mm,external
WXE-COLD-SNAP-REG-SOUTH-002,cold_snap,REG-SOUTH,minor,2026-03-19,2026-03-19,1,14.16,temperatureMinC,SIG-ENSO-2026-07,false,REG-SOUTH unseasonal cold snap dips to 14.2C,external
WXE-RAIN-STORM-REG-DELTA-001,rain_storm,REG-DELTA,severe,2026-03-20,2026-03-21,2,25.26,precipitationMm,SIG-ENSO-2026-07,false,REG-DELTA rainfall event brings 25.3 mm,external
WXE-RAIN-STORM-REG-CENTRAL-001,rain_storm,REG-CENTRAL,minor,2026-03-22,2026-03-22,1,6.62,precipitationMm,SIG-ENSO-2026-07,false,REG-CENTRAL rainfall event brings 6.6 mm,external
WXE-COLD-SNAP-REG-COASTAL-002,cold_snap,REG-COASTAL,minor,2026-03-22,2026-03-22,1,12.1,temperatureMinC,SIG-ENSO-2026-07,false,REG-COASTAL unseasonal cold snap dips to 12.1C,external
WXE-RAIN-STORM-REG-NORTH-001,rain_storm,REG-NORTH,moderate,2026-03-22,2026-03-22,1,12.8,precipitationMm,SIG-ENSO-2026-07,false,REG-NORTH rainfall event brings 12.8 mm,external
WXE-RAIN-STORM-REG-CENTRAL-002,rain_storm,REG-CENTRAL,minor,2026-03-28,2026-03-28,1,7.38,precipitationMm,SIG-ENSO-2026-07,false,REG-CENTRAL rainfall event brings 7.4 mm,external
WXE-RAIN-STORM-REG-ISLAND-003,rain_storm,REG-ISLAND,moderate,2026-03-28,2026-03-29,2,18.01,precipitationMm,SIG-ENSO-2026-07,false,REG-ISLAND rainfall event brings 18 mm,external
WXE-RAIN-STORM-REG-COASTAL-002,rain_storm,REG-COASTAL,moderate,2026-03-31,2026-03-31,1,14.69,precipitationMm,SIG-ENSO-2026-07,false,REG-COASTAL rainfall event brings 14.7 mm,external
WXE-RAIN-STORM-REG-SOUTH-002,rain_storm,REG-SOUTH,minor,2026-04-03,2026-04-03,1,8.75,precipitationMm,SIG-ENSO-2026-07,false,REG-SOUTH rainfall event brings 8.8 mm,external
WXE-RAIN-STORM-REG-COASTAL-003,rain_storm,REG-COASTAL,moderate,2026-04-11,2026-04-11,1,14.84,precipitationMm,SIG-ENSO-2026-07,false,REG-COASTAL rainfall event brings 14.8 mm,external
WXE-RAIN-STORM-REG-ISLAND-004,rain_storm,REG-ISLAND,moderate,2026-04-17,2026-04-18,2,18.5,precipitationMm,SIG-ENSO-2026-07,false,REG-ISLAND rainfall event brings 18.5 mm,external
WXE-RAIN-STORM-REG-DELTA-002,rain_storm,REG-DELTA,moderate,2026-04-18,2026-04-19,2,23.24,precipitationMm,SIG-ENSO-2026-07,false,REG-DELTA rainfall event brings 23.2 mm,external
WXE-RAIN-STORM-REG-NORTH-002,rain_storm,REG-NORTH,moderate,2026-04-21,2026-04-21,1,12.12,precipitationMm,SIG-ENSO-2026-07,false,REG-NORTH rainfall event brings 12.1 mm,external
WXE-RAIN-STORM-REG-NORTH-003,rain_storm,REG-NORTH,minor,2026-04-26,2026-04-26,1,11.7,precipitationMm,SIG-ENSO-2026-07,false,REG-NORTH rainfall event brings 11.7 mm,external
WXE-RAIN-STORM-REG-CENTRAL-003,rain_storm,REG-CENTRAL,minor,2026-04-30,2026-04-30,1,8.43,precipitationMm,SIG-ENSO-2026-07,false,REG-CENTRAL rainfall event brings 8.4 mm,external
WXE-ENSO-PHASE-REG-COASTAL-001,enso_phase,REG-COASTAL,strong,2026-05-01,2026-11-26,210,1.4,seaSurfaceAnomalyC,SIG-ENSO-2026-07,true,Persistent El Nino advisory persists over REG-COASTAL,external
WXE-ENSO-PHASE-REG-DELTA-001,enso_phase,REG-DELTA,strong,2026-05-01,2026-11-26,210,1.4,seaSurfaceAnomalyC,SIG-ENSO-2026-07,true,Persistent El Nino advisory persists over REG-DELTA,external
WXE-ENSO-PHASE-REG-ISLAND-001,enso_phase,REG-ISLAND,strong,2026-05-01,2026-11-26,210,1.4,seaSurfaceAnomalyC,SIG-ENSO-2026-07,true,Persistent El Nino advisory persists over REG-ISLAND,external
WXE-ENSO-PHASE-REG-SOUTH-001,enso_phase,REG-SOUTH,strong,2026-05-01,2026-11-26,210,1.4,seaSurfaceAnomalyC,SIG-ENSO-2026-07,true,Persistent El Nino advisory persists over REG-SOUTH,external
WXE-AIR-QUALITY-REG-ISLAND-001,air_quality,REG-ISLAND,poor,2026-05-05,2026-05-05,1,20.92,windSpeedKph,SIG-ENSO-2026-07,false,REG-ISLAND dust and air-quality advisory follows dry winds,external
WXE-RAIN-STORM-REG-SOUTH-003,rain_storm,REG-SOUTH,minor,2026-05-13,2026-05-13,1,8.78,precipitationMm,SIG-ENSO-2026-07,false,REG-SOUTH rainfall event brings 8.8 mm,external
WXE-MARINE-HEATWAVE-REG-COASTAL-001,marine_heatwave,REG-COASTAL,severe,2026-06-16,2026-06-25,10,1.4,seaSurfaceAnomalyC,SIG-ENSO-2026-07,true,REG-COASTAL marine heatwave sustains warm basin conditions,external
WXE-UV-ALERT-REG-COASTAL-001,uv_alert,REG-COASTAL,very-high,2026-06-16,2026-06-19,4,8.939,uvIndex,SIG-ENSO-2026-07,true,REG-COASTAL UV advisory peaks at index 8.9,external
WXE-MARINE-HEATWAVE-REG-DELTA-001,marine_heatwave,REG-DELTA,severe,2026-06-16,2026-06-25,10,1.4,seaSurfaceAnomalyC,SIG-ENSO-2026-07,true,REG-DELTA marine heatwave sustains warm basin conditions,external
WXE-UV-ALERT-REG-DELTA-001,uv_alert,REG-DELTA,very-high,2026-06-16,2026-06-19,4,9.143,uvIndex,SIG-ENSO-2026-07,true,REG-DELTA UV advisory peaks at index 9.1,external
WXE-MARINE-HEATWAVE-REG-ISLAND-001,marine_heatwave,REG-ISLAND,severe,2026-06-16,2026-06-25,10,1.4,seaSurfaceAnomalyC,SIG-ENSO-2026-07,true,REG-ISLAND marine heatwave sustains warm basin conditions,external
WXE-MARINE-HEATWAVE-REG-SOUTH-001,marine_heatwave,REG-SOUTH,severe,2026-06-16,2026-06-25,10,1.4,seaSurfaceAnomalyC,SIG-ENSO-2026-07,true,REG-SOUTH marine heatwave sustains warm basin conditions,external
WXE-UV-ALERT-REG-SOUTH-001,uv_alert,REG-SOUTH,very-high,2026-06-16,2026-06-19,4,8.985,uvIndex,SIG-ENSO-2026-07,true,REG-SOUTH UV advisory peaks at index 9,external
WXE-HEATWAVE-REG-ISLAND-001,heatwave,REG-ISLAND,minor,2026-06-17,2026-06-20,4,31.23,temperatureMaxC,SIG-ENSO-2026-07,true,REG-ISLAND heatwave reaches 31.2C,external
WXE-UV-ALERT-REG-ISLAND-001,uv_alert,REG-ISLAND,very-high,2026-06-17,2026-06-20,4,9.15,uvIndex,SIG-ENSO-2026-07,true,REG-ISLAND UV advisory peaks at index 9.2,external
WXE-HEATWAVE-REG-COASTAL-001,heatwave,REG-COASTAL,minor,2026-06-18,2026-06-22,5,30.64,temperatureMaxC,SIG-ENSO-2026-07,true,REG-COASTAL heatwave reaches 30.6C,external
WXE-HEATWAVE-REG-DELTA-001,heatwave,REG-DELTA,moderate,2026-06-18,2026-06-20,3,32.82,temperatureMaxC,SIG-ENSO-2026-07,true,REG-DELTA heatwave reaches 32.8C,external
WXE-UV-ALERT-REG-COASTAL-002,uv_alert,REG-COASTAL,very-high,2026-06-20,2026-06-23,4,9.27,uvIndex,SIG-ENSO-2026-07,true,REG-COASTAL UV advisory peaks at index 9.3,external
WXE-UV-ALERT-REG-DELTA-002,uv_alert,REG-DELTA,very-high,2026-06-20,2026-06-23,4,9.262,uvIndex,SIG-ENSO-2026-07,true,REG-DELTA UV advisory peaks at index 9.3,external
WXE-UV-ALERT-REG-SOUTH-002,uv_alert,REG-SOUTH,very-high,2026-06-20,2026-06-23,4,9.398,uvIndex,SIG-ENSO-2026-07,true,REG-SOUTH UV advisory peaks at index 9.4,external
WXE-UV-ALERT-REG-ISLAND-002,uv_alert,REG-ISLAND,very-high,2026-06-21,2026-06-24,4,9.196,uvIndex,SIG-ENSO-2026-07,true,REG-ISLAND UV advisory peaks at index 9.2,external
WXE-HEATWAVE-REG-SOUTH-001,heatwave,REG-SOUTH,moderate,2026-06-21,2026-06-25,5,32.32,temperatureMaxC,SIG-ENSO-2026-07,true,REG-SOUTH heatwave reaches 32.3C,external
WXE-HEATWAVE-REG-COASTAL-002,heatwave,REG-COASTAL,moderate,2026-06-23,2026-06-27,5,31.76,temperatureMaxC,SIG-ENSO-2026-07,true,REG-COASTAL heatwave reaches 31.8C,external
WXE-UV-ALERT-REG-COASTAL-003,uv_alert,REG-COASTAL,very-high,2026-06-24,2026-06-27,4,9.445,uvIndex,SIG-ENSO-2026-07,true,REG-COASTAL UV advisory peaks at index 9.4,external
WXE-UV-ALERT-REG-DELTA-003,uv_alert,REG-DELTA,very-high,2026-06-24,2026-06-27,4,9.403,uvIndex,SIG-ENSO-2026-07,true,REG-DELTA UV advisory peaks at index 9.4,external
WXE-UV-ALERT-REG-SOUTH-003,uv_alert,REG-SOUTH,very-high,2026-06-24,2026-06-27,4,9.418,uvIndex,SIG-ENSO-2026-07,true,REG-SOUTH UV advisory peaks at index 9.4,external
WXE-RAIN-STORM-REG-DELTA-003,rain_storm,REG-DELTA,severe,2026-06-25,2026-06-26,2,24.69,precipitationMm,SIG-ENSO-2026-07,false,REG-DELTA rainfall event brings 24.7 mm,external
WXE-UV-ALERT-REG-ISLAND-003,uv_alert,REG-ISLAND,very-high,2026-06-25,2026-06-28,4,9.344,uvIndex,SIG-ENSO-2026-07,true,REG-ISLAND UV advisory peaks at index 9.3,external
WXE-MARINE-HEATWAVE-REG-COASTAL-002,marine_heatwave,REG-COASTAL,severe,2026-06-26,2026-07-05,10,1.4,seaSurfaceAnomalyC,SIG-ENSO-2026-07,true,REG-COASTAL marine heatwave sustains warm basin conditions,external
WXE-MARINE-HEATWAVE-REG-DELTA-002,marine_heatwave,REG-DELTA,severe,2026-06-26,2026-07-05,10,1.4,seaSurfaceAnomalyC,SIG-ENSO-2026-07,true,REG-DELTA marine heatwave sustains warm basin conditions,external
WXE-MARINE-HEATWAVE-REG-ISLAND-002,marine_heatwave,REG-ISLAND,severe,2026-06-26,2026-07-05,10,1.4,seaSurfaceAnomalyC,SIG-ENSO-2026-07,true,REG-ISLAND marine heatwave sustains warm basin conditions,external
WXE-HEATWAVE-REG-SOUTH-002,heatwave,REG-SOUTH,moderate,2026-06-26,2026-06-29,4,32.71,temperatureMaxC,SIG-ENSO-2026-07,true,REG-SOUTH heatwave reaches 32.7C,external
WXE-MARINE-HEATWAVE-REG-SOUTH-002,marine_heatwave,REG-SOUTH,severe,2026-06-26,2026-07-05,10,1.4,seaSurfaceAnomalyC,SIG-ENSO-2026-07,true,REG-SOUTH marine heatwave sustains warm basin conditions,external
WXE-HEATWAVE-REG-COASTAL-003,heatwave,REG-COASTAL,moderate,2026-06-28,2026-07-02,5,31.91,temperatureMaxC,SIG-ENSO-2026-07,true,REG-COASTAL heatwave reaches 31.9C,external
WXE-UV-ALERT-REG-COASTAL-004,uv_alert,REG-COASTAL,very-high,2026-06-28,2026-07-01,4,9.729,uvIndex,SIG-ENSO-2026-07,true,REG-COASTAL UV advisory peaks at index 9.7,external
WXE-UV-ALERT-REG-DELTA-004,uv_alert,REG-DELTA,very-high,2026-06-28,2026-07-01,4,9.388,uvIndex,SIG-ENSO-2026-07,true,REG-DELTA UV advisory peaks at index 9.4,external
WXE-UV-ALERT-REG-SOUTH-004,uv_alert,REG-SOUTH,very-high,2026-06-28,2026-07-01,4,9.705,uvIndex,SIG-ENSO-2026-07,true,REG-SOUTH UV advisory peaks at index 9.7,external
WXE-HEATWAVE-REG-ISLAND-002,heatwave,REG-ISLAND,minor,2026-06-29,2026-07-01,3,30.96,temperatureMaxC,SIG-ENSO-2026-07,true,REG-ISLAND heatwave reaches 31C,external
WXE-UV-ALERT-REG-ISLAND-004,uv_alert,REG-ISLAND,very-high,2026-06-29,2026-07-02,4,9.56,uvIndex,SIG-ENSO-2026-07,true,REG-ISLAND UV advisory peaks at index 9.6,external
WXE-RAIN-STORM-REG-COASTAL-004,rain_storm,REG-COASTAL,moderate,2026-06-30,2026-06-30,1,13.79,precipitationMm,SIG-ENSO-2026-07,false,REG-COASTAL rainfall event brings 13.8 mm,external
WXE-HEATWAVE-REG-SOUTH-003,heatwave,REG-SOUTH,moderate,2026-07-01,2026-07-05,5,32.47,temperatureMaxC,SIG-ENSO-2026-07,true,REG-SOUTH heatwave reaches 32.5C,external
WXE-UV-ALERT-REG-COASTAL-005,uv_alert,REG-COASTAL,very-high,2026-07-02,2026-07-05,4,9.915,uvIndex,SIG-ENSO-2026-07,true,REG-COASTAL UV advisory peaks at index 9.9,external
WXE-RAIN-STORM-REG-DELTA-004,rain_storm,REG-DELTA,moderate,2026-07-02,2026-07-03,2,23.13,precipitationMm,SIG-ENSO-2026-07,false,REG-DELTA rainfall event brings 23.1 mm,external
WXE-UV-ALERT-REG-DELTA-005,uv_alert,REG-DELTA,very-high,2026-07-02,2026-07-05,4,9.599,uvIndex,SIG-ENSO-2026-07,true,REG-DELTA UV advisory peaks at index 9.6,external
WXE-UV-ALERT-REG-SOUTH-005,uv_alert,REG-SOUTH,very-high,2026-07-02,2026-07-05,4,9.633,uvIndex,SIG-ENSO-2026-07,true,REG-SOUTH UV advisory peaks at index 9.6,external
WXE-HEATWAVE-REG-DELTA-002,heatwave,REG-DELTA,moderate,2026-07-03,2026-07-05,3,32.67,temperatureMaxC,SIG-ENSO-2026-07,true,REG-DELTA heatwave reaches 32.7C,external
WXE-HEATWAVE-REG-ISLAND-003,heatwave,REG-ISLAND,minor,2026-07-03,2026-07-05,3,31.46,temperatureMaxC,SIG-ENSO-2026-07,true,REG-ISLAND heatwave reaches 31.5C,external
WXE-UV-ALERT-REG-ISLAND-005,uv_alert,REG-ISLAND,very-high,2026-07-03,2026-07-06,4,9.663,uvIndex,SIG-ENSO-2026-07,true,REG-ISLAND UV advisory peaks at index 9.7,external
WXE-HEATWAVE-REG-COASTAL-004,heatwave,REG-COASTAL,moderate,2026-07-05,2026-07-09,5,32.05,temperatureMaxC,SIG-ENSO-2026-07,true,REG-COASTAL heatwave reaches 32.1C,external
WXE-MARINE-HEATWAVE-REG-COASTAL-003,marine_heatwave,REG-COASTAL,severe,2026-07-06,2026-07-15,10,1.4,seaSurfaceAnomalyC,SIG-ENSO-2026-07,true,REG-COASTAL marine heatwave sustains warm basin conditions,external
WXE-UV-ALERT-REG-COASTAL-006,uv_alert,REG-COASTAL,very-high,2026-07-06,2026-07-09,4,10.045,uvIndex,SIG-ENSO-2026-07,true,REG-COASTAL UV advisory peaks at index 10,external
WXE-MARINE-HEATWAVE-REG-DELTA-003,marine_heatwave,REG-DELTA,severe,2026-07-06,2026-07-15,10,1.4,seaSurfaceAnomalyC,SIG-ENSO-2026-07,true,REG-DELTA marine heatwave sustains warm basin conditions,external
WXE-UV-ALERT-REG-DELTA-006,uv_alert,REG-DELTA,very-high,2026-07-06,2026-07-09,4,9.696,uvIndex,SIG-ENSO-2026-07,true,REG-DELTA UV advisory peaks at index 9.7,external
WXE-MARINE-HEATWAVE-REG-ISLAND-003,marine_heatwave,REG-ISLAND,severe,2026-07-06,2026-07-15,10,1.4,seaSurfaceAnomalyC,SIG-ENSO-2026-07,true,REG-ISLAND marine heatwave sustains warm basin conditions,external
WXE-HEATWAVE-REG-SOUTH-004,heatwave,REG-SOUTH,moderate,2026-07-06,2026-07-08,3,32.49,temperatureMaxC,SIG-ENSO-2026-07,true,REG-SOUTH heatwave reaches 32.5C,external
WXE-MARINE-HEATWAVE-REG-SOUTH-003,marine_heatwave,REG-SOUTH,severe,2026-07-06,2026-07-15,10,1.4,seaSurfaceAnomalyC,SIG-ENSO-2026-07,true,REG-SOUTH marine heatwave sustains warm basin conditions,external
WXE-UV-ALERT-REG-SOUTH-006,uv_alert,REG-SOUTH,very-high,2026-07-06,2026-07-09,4,9.798,uvIndex,SIG-ENSO-2026-07,true,REG-SOUTH UV advisory peaks at index 9.8,external
WXE-HEATWAVE-REG-DELTA-003,heatwave,REG-DELTA,moderate,2026-07-07,2026-07-11,5,33.71,temperatureMaxC,SIG-ENSO-2026-07,true,REG-DELTA heatwave reaches 33.7C,external
WXE-HEATWAVE-REG-ISLAND-004,heatwave,REG-ISLAND,moderate,2026-07-07,2026-07-11,5,32.19,temperatureMaxC,SIG-ENSO-2026-07,true,REG-ISLAND heatwave reaches 32.2C,external
WXE-UV-ALERT-REG-ISLAND-006,uv_alert,REG-ISLAND,very-high,2026-07-07,2026-07-10,4,9.971,uvIndex,SIG-ENSO-2026-07,true,REG-ISLAND UV advisory peaks at index 10,external
WXE-RAIN-STORM-REG-CENTRAL-004,rain_storm,REG-CENTRAL,minor,2026-07-09,2026-07-09,1,7.7,precipitationMm,SIG-ENSO-2026-07,false,REG-CENTRAL rainfall event brings 7.7 mm,external
WXE-HEATWAVE-REG-COASTAL-005,heatwave,REG-COASTAL,moderate,2026-07-10,2026-07-14,5,31.87,temperatureMaxC,SIG-ENSO-2026-07,true,REG-COASTAL heatwave reaches 31.9C,external
WXE-UV-ALERT-REG-COASTAL-007,uv_alert,REG-COASTAL,very-high,2026-07-10,2026-07-13,4,10.13,uvIndex,SIG-ENSO-2026-07,true,REG-COASTAL UV advisory peaks at index 10.1,external
WXE-UV-ALERT-REG-DELTA-007,uv_alert,REG-DELTA,very-high,2026-07-10,2026-07-13,4,9.908,uvIndex,SIG-ENSO-2026-07,true,REG-DELTA UV advisory peaks at index 9.9,external
WXE-HEATWAVE-REG-SOUTH-005,heatwave,REG-SOUTH,moderate,2026-07-10,2026-07-14,5,32.89,temperatureMaxC,SIG-ENSO-2026-07,true,REG-SOUTH heatwave reaches 32.9C,external
WXE-UV-ALERT-REG-SOUTH-007,uv_alert,REG-SOUTH,very-high,2026-07-10,2026-07-13,4,10.011,uvIndex,SIG-ENSO-2026-07,true,REG-SOUTH UV advisory peaks at index 10,external
WXE-UV-ALERT-REG-ISLAND-007,uv_alert,REG-ISLAND,very-high,2026-07-11,2026-07-14,4,10.148,uvIndex,SIG-ENSO-2026-07,true,REG-ISLAND UV advisory peaks at index 10.1,external
WXE-TROPICAL-STORM-WATCH-REG-COASTAL-001,tropical_storm_watch,REG-COASTAL,watch,2026-07-12,2026-07-14,3,17.24,windSpeedKph,SIG-ENSO-2026-07,false,REG-COASTAL tropical storm watch stays unrelated to sunscreen signal,external
WXE-HEATWAVE-REG-DELTA-004,heatwave,REG-DELTA,moderate,2026-07-12,2026-07-16,5,34.19,temperatureMaxC,SIG-ENSO-2026-07,true,REG-DELTA heatwave reaches 34.2C,external
WXE-HEATWAVE-REG-ISLAND-005,heatwave,REG-ISLAND,moderate,2026-07-12,2026-07-16,5,32.72,temperatureMaxC,SIG-ENSO-2026-07,true,REG-ISLAND heatwave reaches 32.7C,external
WXE-UV-ALERT-REG-COASTAL-008,uv_alert,REG-COASTAL,very-high,2026-07-14,2026-07-17,4,10.471,uvIndex,SIG-ENSO-2026-07,true,REG-COASTAL UV advisory peaks at index 10.5,external
WXE-UV-ALERT-REG-DELTA-008,uv_alert,REG-DELTA,very-high,2026-07-14,2026-07-17,4,10.063,uvIndex,SIG-ENSO-2026-07,true,REG-DELTA UV advisory peaks at index 10.1,external
WXE-HEATWAVE-REG-NORTH-001,heatwave,REG-NORTH,minor,2026-07-14,2026-07-18,5,24.36,temperatureMaxC,SIG-ENSO-2026-07,true,REG-NORTH heatwave reaches 24.4C,external
WXE-UV-ALERT-REG-SOUTH-008,uv_alert,REG-SOUTH,very-high,2026-07-14,2026-07-17,4,9.992,uvIndex,SIG-ENSO-2026-07,true,REG-SOUTH UV advisory peaks at index 10,external
WXE-HEATWAVE-REG-COASTAL-006,heatwave,REG-COASTAL,moderate,2026-07-15,2026-07-19,5,33.06,temperatureMaxC,SIG-ENSO-2026-07,true,REG-COASTAL heatwave reaches 33.1C,external
WXE-UV-ALERT-REG-ISLAND-008,uv_alert,REG-ISLAND,very-high,2026-07-15,2026-07-18,4,10.379,uvIndex,SIG-ENSO-2026-07,true,REG-ISLAND UV advisory peaks at index 10.4,external
WXE-HEATWAVE-REG-SOUTH-006,heatwave,REG-SOUTH,moderate,2026-07-15,2026-07-19,5,33.74,temperatureMaxC,SIG-ENSO-2026-07,true,REG-SOUTH heatwave reaches 33.7C,external
WXE-HEATWAVE-REG-CENTRAL-001,heatwave,REG-CENTRAL,minor,2026-07-16,2026-07-20,5,27.42,temperatureMaxC,SIG-ENSO-2026-07,true,REG-CENTRAL heatwave reaches 27.4C,external
WXE-MARINE-HEATWAVE-REG-COASTAL-004,marine_heatwave,REG-COASTAL,severe,2026-07-16,2026-07-25,10,1.4,seaSurfaceAnomalyC,SIG-ENSO-2026-07,true,REG-COASTAL marine heatwave sustains warm basin conditions,external
WXE-MARINE-HEATWAVE-REG-DELTA-004,marine_heatwave,REG-DELTA,severe,2026-07-16,2026-07-25,10,1.4,seaSurfaceAnomalyC,SIG-ENSO-2026-07,true,REG-DELTA marine heatwave sustains warm basin conditions,external
WXE-MARINE-HEATWAVE-REG-ISLAND-004,marine_heatwave,REG-ISLAND,severe,2026-07-16,2026-07-25,10,1.4,seaSurfaceAnomalyC,SIG-ENSO-2026-07,true,REG-ISLAND marine heatwave sustains warm basin conditions,external
WXE-MARINE-HEATWAVE-REG-SOUTH-004,marine_heatwave,REG-SOUTH,severe,2026-07-16,2026-07-25,10,1.4,seaSurfaceAnomalyC,SIG-ENSO-2026-07,true,REG-SOUTH marine heatwave sustains warm basin conditions,external
WXE-HEATWAVE-REG-DELTA-005,heatwave,REG-DELTA,moderate,2026-07-17,2026-07-21,5,34.62,temperatureMaxC,SIG-ENSO-2026-07,true,REG-DELTA heatwave reaches 34.6C,external
WXE-HEATWAVE-REG-ISLAND-006,heatwave,REG-ISLAND,moderate,2026-07-17,2026-07-21,5,32.92,temperatureMaxC,SIG-ENSO-2026-07,true,REG-ISLAND heatwave reaches 32.9C,external
WXE-HEATWAVE-REG-DELTA-006,heatwave,REG-DELTA,severe,2026-07-22,2026-07-26,5,35,temperatureMaxC,SIG-ENSO-2026-07,true,REG-DELTA heatwave reaches 35C,external
WXE-TROPICAL-STORM-WATCH-REG-COASTAL-002,tropical_storm_watch,REG-COASTAL,watch,2026-07-25,2026-07-27,3,16.13,windSpeedKph,SIG-ENSO-2026-07,false,REG-COASTAL tropical storm watch stays unrelated to sunscreen signal,external
WXE-TROPICAL-STORM-WATCH-REG-DELTA-001,tropical_storm_watch,REG-DELTA,watch,2026-07-26,2026-07-28,3,21.29,windSpeedKph,SIG-ENSO-2026-07,false,REG-DELTA tropical storm watch stays unrelated to sunscreen signal,external
WXE-RAIN-STORM-REG-SOUTH-004,rain_storm,REG-SOUTH,minor,2026-07-27,2026-07-27,1,11.52,precipitationMm,SIG-ENSO-2026-07,false,REG-SOUTH rainfall event brings 11.5 mm,external
WXE-TROPICAL-STORM-WATCH-REG-ISLAND-001,tropical_storm_watch,REG-ISLAND,watch,2026-07-29,2026-07-31,3,20.91,windSpeedKph,SIG-ENSO-2026-07,false,REG-ISLAND tropical storm watch stays unrelated to sunscreen signal,external
WXE-TROPICAL-STORM-WATCH-REG-SOUTH-001,tropical_storm_watch,REG-SOUTH,watch,2026-07-29,2026-07-31,3,16.92,windSpeedKph,SIG-ENSO-2026-07,false,REG-SOUTH tropical storm watch stays unrelated to sunscreen signal,external
WXE-TROPICAL-STORM-WATCH-REG-DELTA-002,tropical_storm_watch,REG-DELTA,watch,2026-07-31,2026-08-02,3,23.68,windSpeedKph,SIG-ENSO-2026-07,false,REG-DELTA tropical storm watch stays unrelated to sunscreen signal,external
WXE-TROPICAL-STORM-WATCH-REG-ISLAND-002,tropical_storm_watch,REG-ISLAND,watch,2026-08-01,2026-08-03,3,20.91,windSpeedKph,SIG-ENSO-2026-07,false,REG-ISLAND tropical storm watch stays unrelated to sunscreen signal,external
WXE-TROPICAL-STORM-WATCH-REG-SOUTH-002,tropical_storm_watch,REG-SOUTH,watch,2026-08-01,2026-08-03,3,17.88,windSpeedKph,SIG-ENSO-2026-07,false,REG-SOUTH tropical storm watch stays unrelated to sunscreen signal,external
WXE-RAIN-STORM-REG-NORTH-004,rain_storm,REG-NORTH,minor,2026-08-02,2026-08-02,1,11.97,precipitationMm,SIG-ENSO-2026-07,false,REG-NORTH rainfall event brings 12 mm,external
