date,region_id,region,product_id,product,forecast_units,actual_units,signal_affected_flag
2026-03-02,REG-COASTAL,Coastal Region,PROD-HS-100,Hydration Sunscreen,1749,1691,true
2026-03-03,REG-COASTAL,Coastal Region,PROD-HS-100,Hydration Sunscreen,1752,1764,true
2026-03-04,REG-COASTAL,Coastal Region,PROD-HS-100,Hydration Sunscreen,1754,1771,true
2026-03-05,REG-COASTAL,Coastal Region,PROD-HS-100,Hydration Sunscreen,1757,1745,true
2026-03-06,REG-COASTAL,Coastal Region,PROD-HS-100,Hydration Sunscreen,1759,1814,true
2026-03-07,REG-COASTAL,Coastal Region,PROD-HS-100,Hydration Sunscreen,1762,1700,true
2026-03-08,REG-COASTAL,Coastal Region,PROD-HS-100,Hydration Sunscreen,1306,1318,true
2026-03-09,REG-COASTAL,Coastal Region,PROD-HS-100,Hydration Sunscreen,1767,1754,true
2026-03-10,REG-COASTAL,Coastal Region,PROD-HS-100,Hydration Sunscreen,1769,1722,true
2026-03-11,REG-COASTAL,Coastal Region,PROD-HS-100,Hydration Sunscreen,1772,1762,true
2026-03-12,REG-COASTAL,Coastal Region,PROD-HS-100,Hydration Sunscreen,1774,1729,true
2026-03-13,REG-COASTAL,Coastal Region,PROD-HS-100,Hydration Sunscreen,1777,1810,true
2026-03-14,REG-COASTAL,Coastal Region,PROD-HS-100,Hydration Sunscreen,1779,1785,true
2026-03-15,REG-COASTAL,Coastal Region,PROD-HS-100,Hydration Sunscreen,1319,1304,true
2026-03-16,REG-COASTAL,Coastal Region,PROD-HS-100,Hydration Sunscreen,1784,1859,true
2026-03-17,REG-COASTAL,Coastal Region,PROD-HS-100,Hydration Sunscreen,1787,1780,true
2026-03-18,REG-COASTAL,Coastal Region,PROD-HS-100,Hydration Sunscreen,1789,1849,true
2026-03-19,REG-COASTAL,Coastal Region,PROD-HS-100,Hydration Sunscreen,1792,1808,true
2026-03-20,REG-COASTAL,Coastal Region,PROD-HS-100,Hydration Sunscreen,1795,1826,true
2026-03-21,REG-COASTAL,Coastal Region,PROD-HS-100,Hydration Sunscreen,1797,1743,true
2026-03-22,REG-COASTAL,Coastal Region,PROD-HS-100,Hydration Sunscreen,1332,1390,true
2026-03-23,REG-COASTAL,Coastal Region,PROD-HS-100,Hydration Sunscreen,1802,1736,true
2026-03-24,REG-COASTAL,Coastal Region,PROD-HS-100,Hydration Sunscreen,1805,1841,true
2026-03-25,REG-COASTAL,Coastal Region,PROD-HS-100,Hydration Sunscreen,1807,1848,true
2026-03-26,REG-COASTAL,Coastal Region,PROD-HS-100,Hydration Sunscreen,1810,1747,true
2026-03-27,REG-COASTAL,Coastal Region,PROD-HS-100,Hydration Sunscreen,1812,1789,true
2026-03-28,REG-COASTAL,Coastal Region,PROD-HS-100,Hydration Sunscreen,1815,1836,true
2026-03-29,REG-COASTAL,Coastal Region,PROD-HS-100,Hydration Sunscreen,1345,1344,true
2026-03-30,REG-COASTAL,Coastal Region,PROD-HS-100,Hydration Sunscreen,1820,1793,true
2026-03-31,REG-COASTAL,Coastal Region,PROD-HS-100,Hydration Sunscreen,1822,1858,true
2026-04-01,REG-COASTAL,Coastal Region,PROD-HS-100,Hydration Sunscreen,1825,1812,true
2026-04-02,REG-COASTAL,Coastal Region,PROD-HS-100,Hydration Sunscreen,1827,1791,true
2026-04-03,REG-COASTAL,Coastal Region,PROD-HS-100,Hydration Sunscreen,1830,1751,true
2026-04-04,REG-COASTAL,Coastal Region,PROD-HS-100,Hydration Sunscreen,1832,1813,true
2026-04-05,REG-COASTAL,Coastal Region,PROD-HS-100,Hydration Sunscreen,1358,1336,true
2026-04-06,REG-COASTAL,Coastal Region,PROD-HS-100,Hydration Sunscreen,1837,1773,true
2026-04-07,REG-COASTAL,Coastal Region,PROD-HS-100,Hydration Sunscreen,1840,1834,true
2026-04-08,REG-COASTAL,Coastal Region,PROD-HS-100,Hydration Sunscreen,1842,1834,true
2026-04-09,REG-COASTAL,Coastal Region,PROD-HS-100,Hydration Sunscreen,1845,1847,true
2026-04-10,REG-COASTAL,Coastal Region,PROD-HS-100,Hydration Sunscreen,1847,1806,true
2026-04-11,REG-COASTAL,Coastal Region,PROD-HS-100,Hydration Sunscreen,1850,1816,true
2026-04-12,REG-COASTAL,Coastal Region,PROD-HS-100,Hydration Sunscreen,1371,1347,true
2026-04-13,REG-COASTAL,Coastal Region,PROD-HS-100,Hydration Sunscreen,1855,1798,true
2026-04-14,REG-COASTAL,Coastal Region,PROD-HS-100,Hydration Sunscreen,1857,1821,true
2026-04-15,REG-COASTAL,Coastal Region,PROD-HS-100,Hydration Sunscreen,1860,1936,true
2026-04-16,REG-COASTAL,Coastal Region,PROD-HS-100,Hydration Sunscreen,1862,1849,true
2026-04-17,REG-COASTAL,Coastal Region,PROD-HS-100,Hydration Sunscreen,1865,1984,true
2026-04-18,REG-COASTAL,Coastal Region,PROD-HS-100,Hydration Sunscreen,1867,1879,true
2026-04-19,REG-COASTAL,Coastal Region,PROD-HS-100,Hydration Sunscreen,1384,1392,true
2026-04-20,REG-COASTAL,Coastal Region,PROD-HS-100,Hydration Sunscreen,1872,1885,true
2026-04-21,REG-COASTAL,Coastal Region,PROD-HS-100,Hydration Sunscreen,1875,1815,true
2026-04-22,REG-COASTAL,Coastal Region,PROD-HS-100,Hydration Sunscreen,1877,1862,true
2026-04-23,REG-COASTAL,Coastal Region,PROD-HS-100,Hydration Sunscreen,1880,1875,true
2026-04-24,REG-COASTAL,Coastal Region,PROD-HS-100,Hydration Sunscreen,1882,1845,true
2026-04-25,REG-COASTAL,Coastal Region,PROD-HS-100,Hydration Sunscreen,1885,1909,true
2026-04-26,REG-COASTAL,Coastal Region,PROD-HS-100,Hydration Sunscreen,1397,1412,true
2026-04-27,REG-COASTAL,Coastal Region,PROD-HS-100,Hydration Sunscreen,1890,1875,true
2026-04-28,REG-COASTAL,Coastal Region,PROD-HS-100,Hydration Sunscreen,1892,1959,true
2026-04-29,REG-COASTAL,Coastal Region,PROD-HS-100,Hydration Sunscreen,1895,1888,true
2026-04-30,REG-COASTAL,Coastal Region,PROD-HS-100,Hydration Sunscreen,1897,1930,true
2026-05-01,REG-COASTAL,Coastal Region,PROD-HS-100,Hydration Sunscreen,1900,1949,true
2026-05-02,REG-COASTAL,Coastal Region,PROD-HS-100,Hydration Sunscreen,1902,2047,true
2026-05-03,REG-COASTAL,Coastal Region,PROD-HS-100,Hydration Sunscreen,1410,1448,true
2026-05-04,REG-COASTAL,Coastal Region,PROD-HS-100,Hydration Sunscreen,1907,1999,true
2026-05-05,REG-COASTAL,Coastal Region,PROD-HS-100,Hydration Sunscreen,1910,2069,true
2026-05-06,REG-COASTAL,Coastal Region,PROD-HS-100,Hydration Sunscreen,1912,1959,true
2026-05-07,REG-COASTAL,Coastal Region,PROD-HS-100,Hydration Sunscreen,1915,1895,true
2026-05-08,REG-COASTAL,Coastal Region,PROD-HS-100,Hydration Sunscreen,1917,1922,true
2026-05-09,REG-COASTAL,Coastal Region,PROD-HS-100,Hydration Sunscreen,1920,2025,true
2026-05-10,REG-COASTAL,Coastal Region,PROD-HS-100,Hydration Sunscreen,1423,1507,true
2026-05-11,REG-COASTAL,Coastal Region,PROD-HS-100,Hydration Sunscreen,1925,1965,true
2026-05-12,REG-COASTAL,Coastal Region,PROD-HS-100,Hydration Sunscreen,1928,2025,true
2026-05-13,REG-COASTAL,Coastal Region,PROD-HS-100,Hydration Sunscreen,1930,1885,true
2026-05-14,REG-COASTAL,Coastal Region,PROD-HS-100,Hydration Sunscreen,1933,1946,true
2026-05-15,REG-COASTAL,Coastal Region,PROD-HS-100,Hydration Sunscreen,1935,2029,true
2026-05-16,REG-COASTAL,Coastal Region,PROD-HS-100,Hydration Sunscreen,1938,2013,true
2026-05-17,REG-COASTAL,Coastal Region,PROD-HS-100,Hydration Sunscreen,1436,1388,true
2026-05-18,REG-COASTAL,Coastal Region,PROD-HS-100,Hydration Sunscreen,1943,1945,true
2026-05-19,REG-COASTAL,Coastal Region,PROD-HS-100,Hydration Sunscreen,1945,2111,true
2026-05-20,REG-COASTAL,Coastal Region,PROD-HS-100,Hydration Sunscreen,1948,1964,true
2026-05-21,REG-COASTAL,Coastal Region,PROD-HS-100,Hydration Sunscreen,1950,2008,true
2026-05-22,REG-COASTAL,Coastal Region,PROD-HS-100,Hydration Sunscreen,1953,2053,true
2026-05-23,REG-COASTAL,Coastal Region,PROD-HS-100,Hydration Sunscreen,1955,1935,true
2026-05-24,REG-COASTAL,Coastal Region,PROD-HS-100,Hydration Sunscreen,1449,1454,true
2026-05-25,REG-COASTAL,Coastal Region,PROD-HS-100,Hydration Sunscreen,1960,2054,true
2026-05-26,REG-COASTAL,Coastal Region,PROD-HS-100,Hydration Sunscreen,1963,2057,true
2026-05-27,REG-COASTAL,Coastal Region,PROD-HS-100,Hydration Sunscreen,1965,1997,true
2026-05-28,REG-COASTAL,Coastal Region,PROD-HS-100,Hydration Sunscreen,1968,2024,true
2026-05-29,REG-COASTAL,Coastal Region,PROD-HS-100,Hydration Sunscreen,1970,1954,true
2026-05-30,REG-COASTAL,Coastal Region,PROD-HS-100,Hydration Sunscreen,1973,2002,true
2026-05-31,REG-COASTAL,Coastal Region,PROD-HS-100,Hydration Sunscreen,1462,1440,true
2026-06-01,REG-COASTAL,Coastal Region,PROD-HS-100,Hydration Sunscreen,1978,2086,true
2026-06-02,REG-COASTAL,Coastal Region,PROD-HS-100,Hydration Sunscreen,1980,2040,true
2026-06-03,REG-COASTAL,Coastal Region,PROD-HS-100,Hydration Sunscreen,1983,2074,true
2026-06-04,REG-COASTAL,Coastal Region,PROD-HS-100,Hydration Sunscreen,1985,2107,true
2026-06-05,REG-COASTAL,Coastal Region,PROD-HS-100,Hydration Sunscreen,1988,2073,true
2026-06-06,REG-COASTAL,Coastal Region,PROD-HS-100,Hydration Sunscreen,1990,2067,true
2026-06-07,REG-COASTAL,Coastal Region,PROD-HS-100,Hydration Sunscreen,1475,1470,true
2026-06-08,REG-COASTAL,Coastal Region,PROD-HS-100,Hydration Sunscreen,1995,2003,true
2026-06-09,REG-COASTAL,Coastal Region,PROD-HS-100,Hydration Sunscreen,1998,2077,true
2026-06-10,REG-COASTAL,Coastal Region,PROD-HS-100,Hydration Sunscreen,2000,2133,true
2026-06-11,REG-COASTAL,Coastal Region,PROD-HS-100,Hydration Sunscreen,2003,2033,true
2026-06-12,REG-COASTAL,Coastal Region,PROD-HS-100,Hydration Sunscreen,2005,2076,true
2026-06-13,REG-COASTAL,Coastal Region,PROD-HS-100,Hydration Sunscreen,2008,2006,true
2026-06-14,REG-COASTAL,Coastal Region,PROD-HS-100,Hydration Sunscreen,1488,1549,true
2026-06-15,REG-COASTAL,Coastal Region,PROD-HS-100,Hydration Sunscreen,2013,2084,true
2026-06-16,REG-COASTAL,Coastal Region,PROD-HS-100,Hydration Sunscreen,2015,2098,true
2026-06-17,REG-COASTAL,Coastal Region,PROD-HS-100,Hydration Sunscreen,2018,2105,true
2026-06-18,REG-COASTAL,Coastal Region,PROD-HS-100,Hydration Sunscreen,2020,2099,true
2026-06-19,REG-COASTAL,Coastal Region,PROD-HS-100,Hydration Sunscreen,2023,2079,true
2026-06-20,REG-COASTAL,Coastal Region,PROD-HS-100,Hydration Sunscreen,2025,2098,true
2026-06-21,REG-COASTAL,Coastal Region,PROD-HS-100,Hydration Sunscreen,1501,1512,true
2026-06-22,REG-COASTAL,Coastal Region,PROD-HS-100,Hydration Sunscreen,1598,2051,true
2026-06-23,REG-COASTAL,Coastal Region,PROD-HS-100,Hydration Sunscreen,1614,2072,true
2026-06-24,REG-COASTAL,Coastal Region,PROD-HS-100,Hydration Sunscreen,1627,2093,true
2026-06-25,REG-COASTAL,Coastal Region,PROD-HS-100,Hydration Sunscreen,1640,2111,true
2026-06-26,REG-COASTAL,Coastal Region,PROD-HS-100,Hydration Sunscreen,1649,2126,true
2026-06-27,REG-COASTAL,Coastal Region,PROD-HS-100,Hydration Sunscreen,1388,1792,true
2026-06-28,REG-COASTAL,Coastal Region,PROD-HS-100,Hydration Sunscreen,1392,1798,true
2026-06-29,REG-COASTAL,Coastal Region,PROD-HS-100,Hydration Sunscreen,1662,2150,true
2026-06-30,REG-COASTAL,Coastal Region,PROD-HS-100,Hydration Sunscreen,1660,2150,true
2026-07-01,REG-COASTAL,Coastal Region,PROD-HS-100,Hydration Sunscreen,1655,2146,true
2026-07-02,REG-COASTAL,Coastal Region,PROD-HS-100,Hydration Sunscreen,1647,2138,true
2026-07-03,REG-COASTAL,Coastal Region,PROD-HS-100,Hydration Sunscreen,1636,2127,true
2026-07-04,REG-COASTAL,Coastal Region,PROD-HS-100,Hydration Sunscreen,1361,1771,true
2026-07-05,REG-COASTAL,Coastal Region,PROD-HS-100,Hydration Sunscreen,1349,1757,true
2026-07-06,REG-COASTAL,Coastal Region,PROD-HS-100,Hydration Sunscreen,1594,2079,true
2026-07-07,REG-COASTAL,Coastal Region,PROD-HS-100,Hydration Sunscreen,1578,2061,true
2026-07-08,REG-COASTAL,Coastal Region,PROD-HS-100,Hydration Sunscreen,1563,2043,true
2026-07-09,REG-COASTAL,Coastal Region,PROD-HS-100,Hydration Sunscreen,1548,2026,true
2026-07-10,REG-COASTAL,Coastal Region,PROD-HS-100,Hydration Sunscreen,1534,2011,true
2026-07-11,REG-COASTAL,Coastal Region,PROD-HS-100,Hydration Sunscreen,1276,1674,true
2026-07-12,REG-COASTAL,Coastal Region,PROD-HS-100,Hydration Sunscreen,1269,1666,true
2026-07-13,REG-COASTAL,Coastal Region,PROD-HS-100,Hydration Sunscreen,1507,1982,true
2026-07-14,REG-COASTAL,Coastal Region,PROD-HS-100,Hydration Sunscreen,1504,1980,true
2026-07-15,REG-COASTAL,Coastal Region,PROD-HS-100,Hydration Sunscreen,1504,1982,true
2026-07-16,REG-COASTAL,Coastal Region,PROD-HS-100,Hydration Sunscreen,1507,1988,true
2026-07-17,REG-COASTAL,Coastal Region,PROD-HS-100,Hydration Sunscreen,1513,1999,true
2026-07-18,REG-COASTAL,Coastal Region,PROD-HS-100,Hydration Sunscreen,1275,1687,true
2026-07-19,REG-COASTAL,Coastal Region,PROD-HS-100,Hydration Sunscreen,1285,1701,true
2026-07-20,REG-COASTAL,Coastal Region,PROD-HS-100,Hydration Sunscreen,1546,2049,true
2026-07-21,REG-COASTAL,Coastal Region,PROD-HS-100,Hydration Sunscreen,1561,2071,true
2026-07-22,REG-COASTAL,Coastal Region,PROD-HS-100,Hydration Sunscreen,1576,2094,true
2026-07-23,REG-COASTAL,Coastal Region,PROD-HS-100,Hydration Sunscreen,1592,2118,true
2026-07-24,REG-COASTAL,Coastal Region,PROD-HS-100,Hydration Sunscreen,1607,2141,true
2026-07-25,REG-COASTAL,Coastal Region,PROD-HS-100,Hydration Sunscreen,1359,1812,true
2026-07-26,REG-COASTAL,Coastal Region,PROD-HS-100,Hydration Sunscreen,1370,1829,true
2026-07-27,REG-COASTAL,Coastal Region,PROD-HS-100,Hydration Sunscreen,1646,2199,true
2026-07-28,REG-COASTAL,Coastal Region,PROD-HS-100,Hydration Sunscreen,1654,2213,true
2026-07-29,REG-COASTAL,Coastal Region,PROD-HS-100,Hydration Sunscreen,1659,2223,true
2026-07-30,REG-COASTAL,Coastal Region,PROD-HS-100,Hydration Sunscreen,1662,2228,true
2026-07-31,REG-COASTAL,Coastal Region,PROD-HS-100,Hydration Sunscreen,1661,2230,true
2026-08-01,REG-COASTAL,Coastal Region,PROD-HS-100,Hydration Sunscreen,1389,1867,true
2026-08-02,REG-COASTAL,Coastal Region,PROD-HS-100,Hydration Sunscreen,1383,1861,true
2026-03-02,REG-SOUTH,Southern Region,PROD-HS-100,Hydration Sunscreen,1421,1437,true
2026-03-03,REG-SOUTH,Southern Region,PROD-HS-100,Hydration Sunscreen,1423,1390,true
2026-03-04,REG-SOUTH,Southern Region,PROD-HS-100,Hydration Sunscreen,1425,1364,true
2026-03-05,REG-SOUTH,Southern Region,PROD-HS-100,Hydration Sunscreen,1427,1425,true
2026-03-06,REG-SOUTH,Southern Region,PROD-HS-100,Hydration Sunscreen,1429,1418,true
2026-03-07,REG-SOUTH,Southern Region,PROD-HS-100,Hydration Sunscreen,1432,1381,true
2026-03-08,REG-SOUTH,Southern Region,PROD-HS-100,Hydration Sunscreen,1061,1056,true
2026-03-09,REG-SOUTH,Southern Region,PROD-HS-100,Hydration Sunscreen,1436,1432,true
2026-03-10,REG-SOUTH,Southern Region,PROD-HS-100,Hydration Sunscreen,1438,1446,true
2026-03-11,REG-SOUTH,Southern Region,PROD-HS-100,Hydration Sunscreen,1440,1414,true
2026-03-12,REG-SOUTH,Southern Region,PROD-HS-100,Hydration Sunscreen,1442,1413,true
2026-03-13,REG-SOUTH,Southern Region,PROD-HS-100,Hydration Sunscreen,1444,1387,true
2026-03-14,REG-SOUTH,Southern Region,PROD-HS-100,Hydration Sunscreen,1446,1460,true
2026-03-15,REG-SOUTH,Southern Region,PROD-HS-100,Hydration Sunscreen,1071,1028,true
2026-03-16,REG-SOUTH,Southern Region,PROD-HS-100,Hydration Sunscreen,1450,1476,true
2026-03-17,REG-SOUTH,Southern Region,PROD-HS-100,Hydration Sunscreen,1452,1413,true
2026-03-18,REG-SOUTH,Southern Region,PROD-HS-100,Hydration Sunscreen,1454,1482,true
2026-03-19,REG-SOUTH,Southern Region,PROD-HS-100,Hydration Sunscreen,1456,1492,true
2026-03-20,REG-SOUTH,Southern Region,PROD-HS-100,Hydration Sunscreen,1458,1473,true
2026-03-21,REG-SOUTH,Southern Region,PROD-HS-100,Hydration Sunscreen,1460,1491,true
2026-03-22,REG-SOUTH,Southern Region,PROD-HS-100,Hydration Sunscreen,1082,1098,true
2026-03-23,REG-SOUTH,Southern Region,PROD-HS-100,Hydration Sunscreen,1464,1463,true
2026-03-24,REG-SOUTH,Southern Region,PROD-HS-100,Hydration Sunscreen,1466,1409,true
2026-03-25,REG-SOUTH,Southern Region,PROD-HS-100,Hydration Sunscreen,1468,1491,true
2026-03-26,REG-SOUTH,Southern Region,PROD-HS-100,Hydration Sunscreen,1470,1407,true
2026-03-27,REG-SOUTH,Southern Region,PROD-HS-100,Hydration Sunscreen,1472,1449,true
2026-03-28,REG-SOUTH,Southern Region,PROD-HS-100,Hydration Sunscreen,1474,1442,true
2026-03-29,REG-SOUTH,Southern Region,PROD-HS-100,Hydration Sunscreen,1093,1104,true
2026-03-30,REG-SOUTH,Southern Region,PROD-HS-100,Hydration Sunscreen,1478,1464,true
2026-03-31,REG-SOUTH,Southern Region,PROD-HS-100,Hydration Sunscreen,1480,1507,true
2026-04-01,REG-SOUTH,Southern Region,PROD-HS-100,Hydration Sunscreen,1483,1472,true
2026-04-02,REG-SOUTH,Southern Region,PROD-HS-100,Hydration Sunscreen,1485,1484,true
2026-04-03,REG-SOUTH,Southern Region,PROD-HS-100,Hydration Sunscreen,1487,1486,true
2026-04-04,REG-SOUTH,Southern Region,PROD-HS-100,Hydration Sunscreen,1489,1532,true
2026-04-05,REG-SOUTH,Southern Region,PROD-HS-100,Hydration Sunscreen,1103,1076,true
2026-04-06,REG-SOUTH,Southern Region,PROD-HS-100,Hydration Sunscreen,1493,1517,true
2026-04-07,REG-SOUTH,Southern Region,PROD-HS-100,Hydration Sunscreen,1495,1527,true
2026-04-08,REG-SOUTH,Southern Region,PROD-HS-100,Hydration Sunscreen,1497,1454,true
2026-04-09,REG-SOUTH,Southern Region,PROD-HS-100,Hydration Sunscreen,1499,1539,true
2026-04-10,REG-SOUTH,Southern Region,PROD-HS-100,Hydration Sunscreen,1501,1514,true
2026-04-11,REG-SOUTH,Southern Region,PROD-HS-100,Hydration Sunscreen,1503,1415,true
2026-04-12,REG-SOUTH,Southern Region,PROD-HS-100,Hydration Sunscreen,1114,1121,true
2026-04-13,REG-SOUTH,Southern Region,PROD-HS-100,Hydration Sunscreen,1507,1569,true
2026-04-14,REG-SOUTH,Southern Region,PROD-HS-100,Hydration Sunscreen,1509,1503,true
2026-04-15,REG-SOUTH,Southern Region,PROD-HS-100,Hydration Sunscreen,1511,1481,true
2026-04-16,REG-SOUTH,Southern Region,PROD-HS-100,Hydration Sunscreen,1513,1507,true
2026-04-17,REG-SOUTH,Southern Region,PROD-HS-100,Hydration Sunscreen,1515,1526,true
2026-04-18,REG-SOUTH,Southern Region,PROD-HS-100,Hydration Sunscreen,1517,1455,true
2026-04-19,REG-SOUTH,Southern Region,PROD-HS-100,Hydration Sunscreen,1124,1114,true
2026-04-20,REG-SOUTH,Southern Region,PROD-HS-100,Hydration Sunscreen,1521,1534,true
2026-04-21,REG-SOUTH,Southern Region,PROD-HS-100,Hydration Sunscreen,1523,1517,true
2026-04-22,REG-SOUTH,Southern Region,PROD-HS-100,Hydration Sunscreen,1525,1586,true
2026-04-23,REG-SOUTH,Southern Region,PROD-HS-100,Hydration Sunscreen,1527,1542,true
2026-04-24,REG-SOUTH,Southern Region,PROD-HS-100,Hydration Sunscreen,1529,1441,true
2026-04-25,REG-SOUTH,Southern Region,PROD-HS-100,Hydration Sunscreen,1531,1546,true
2026-04-26,REG-SOUTH,Southern Region,PROD-HS-100,Hydration Sunscreen,1135,1145,true
2026-04-27,REG-SOUTH,Southern Region,PROD-HS-100,Hydration Sunscreen,1536,1576,true
2026-04-28,REG-SOUTH,Southern Region,PROD-HS-100,Hydration Sunscreen,1538,1551,true
2026-04-29,REG-SOUTH,Southern Region,PROD-HS-100,Hydration Sunscreen,1540,1482,true
2026-04-30,REG-SOUTH,Southern Region,PROD-HS-100,Hydration Sunscreen,1542,1568,true
2026-05-01,REG-SOUTH,Southern Region,PROD-HS-100,Hydration Sunscreen,1544,1586,true
2026-05-02,REG-SOUTH,Southern Region,PROD-HS-100,Hydration Sunscreen,1546,1619,true
2026-05-03,REG-SOUTH,Southern Region,PROD-HS-100,Hydration Sunscreen,1145,1194,true
2026-05-04,REG-SOUTH,Southern Region,PROD-HS-100,Hydration Sunscreen,1550,1605,true
2026-05-05,REG-SOUTH,Southern Region,PROD-HS-100,Hydration Sunscreen,1552,1655,true
2026-05-06,REG-SOUTH,Southern Region,PROD-HS-100,Hydration Sunscreen,1554,1612,true
2026-05-07,REG-SOUTH,Southern Region,PROD-HS-100,Hydration Sunscreen,1556,1525,true
2026-05-08,REG-SOUTH,Southern Region,PROD-HS-100,Hydration Sunscreen,1558,1609,true
2026-05-09,REG-SOUTH,Southern Region,PROD-HS-100,Hydration Sunscreen,1560,1587,true
2026-05-10,REG-SOUTH,Southern Region,PROD-HS-100,Hydration Sunscreen,1156,1182,true
2026-05-11,REG-SOUTH,Southern Region,PROD-HS-100,Hydration Sunscreen,1564,1586,true
2026-05-12,REG-SOUTH,Southern Region,PROD-HS-100,Hydration Sunscreen,1566,1617,true
2026-05-13,REG-SOUTH,Southern Region,PROD-HS-100,Hydration Sunscreen,1568,1568,true
2026-05-14,REG-SOUTH,Southern Region,PROD-HS-100,Hydration Sunscreen,1570,1675,true
2026-05-15,REG-SOUTH,Southern Region,PROD-HS-100,Hydration Sunscreen,1572,1577,true
2026-05-16,REG-SOUTH,Southern Region,PROD-HS-100,Hydration Sunscreen,1574,1644,true
2026-05-17,REG-SOUTH,Southern Region,PROD-HS-100,Hydration Sunscreen,1166,1188,true
2026-05-18,REG-SOUTH,Southern Region,PROD-HS-100,Hydration Sunscreen,1578,1611,true
2026-05-19,REG-SOUTH,Southern Region,PROD-HS-100,Hydration Sunscreen,1580,1649,true
2026-05-20,REG-SOUTH,Southern Region,PROD-HS-100,Hydration Sunscreen,1582,1612,true
2026-05-21,REG-SOUTH,Southern Region,PROD-HS-100,Hydration Sunscreen,1584,1563,true
2026-05-22,REG-SOUTH,Southern Region,PROD-HS-100,Hydration Sunscreen,1587,1689,true
2026-05-23,REG-SOUTH,Southern Region,PROD-HS-100,Hydration Sunscreen,1589,1654,true
2026-05-24,REG-SOUTH,Southern Region,PROD-HS-100,Hydration Sunscreen,1177,1207,true
2026-05-25,REG-SOUTH,Southern Region,PROD-HS-100,Hydration Sunscreen,1593,1631,true
2026-05-26,REG-SOUTH,Southern Region,PROD-HS-100,Hydration Sunscreen,1595,1636,true
2026-05-27,REG-SOUTH,Southern Region,PROD-HS-100,Hydration Sunscreen,1597,1626,true
2026-05-28,REG-SOUTH,Southern Region,PROD-HS-100,Hydration Sunscreen,1599,1653,true
2026-05-29,REG-SOUTH,Southern Region,PROD-HS-100,Hydration Sunscreen,1601,1712,true
2026-05-30,REG-SOUTH,Southern Region,PROD-HS-100,Hydration Sunscreen,1603,1609,true
2026-05-31,REG-SOUTH,Southern Region,PROD-HS-100,Hydration Sunscreen,1188,1232,true
2026-06-01,REG-SOUTH,Southern Region,PROD-HS-100,Hydration Sunscreen,1607,1667,true
2026-06-02,REG-SOUTH,Southern Region,PROD-HS-100,Hydration Sunscreen,1609,1692,true
2026-06-03,REG-SOUTH,Southern Region,PROD-HS-100,Hydration Sunscreen,1611,1668,true
2026-06-04,REG-SOUTH,Southern Region,PROD-HS-100,Hydration Sunscreen,1613,1693,true
2026-06-05,REG-SOUTH,Southern Region,PROD-HS-100,Hydration Sunscreen,1615,1656,true
2026-06-06,REG-SOUTH,Southern Region,PROD-HS-100,Hydration Sunscreen,1617,1609,true
2026-06-07,REG-SOUTH,Southern Region,PROD-HS-100,Hydration Sunscreen,1198,1216,true
2026-06-08,REG-SOUTH,Southern Region,PROD-HS-100,Hydration Sunscreen,1621,1637,true
2026-06-09,REG-SOUTH,Southern Region,PROD-HS-100,Hydration Sunscreen,1623,1704,true
2026-06-10,REG-SOUTH,Southern Region,PROD-HS-100,Hydration Sunscreen,1625,1683,true
2026-06-11,REG-SOUTH,Southern Region,PROD-HS-100,Hydration Sunscreen,1627,1687,true
2026-06-12,REG-SOUTH,Southern Region,PROD-HS-100,Hydration Sunscreen,1629,1669,true
2026-06-13,REG-SOUTH,Southern Region,PROD-HS-100,Hydration Sunscreen,1631,1654,true
2026-06-14,REG-SOUTH,Southern Region,PROD-HS-100,Hydration Sunscreen,1209,1310,true
2026-06-15,REG-SOUTH,Southern Region,PROD-HS-100,Hydration Sunscreen,1635,1630,true
2026-06-16,REG-SOUTH,Southern Region,PROD-HS-100,Hydration Sunscreen,1637,1695,true
2026-06-17,REG-SOUTH,Southern Region,PROD-HS-100,Hydration Sunscreen,1640,1715,true
2026-06-18,REG-SOUTH,Southern Region,PROD-HS-100,Hydration Sunscreen,1642,1688,true
2026-06-19,REG-SOUTH,Southern Region,PROD-HS-100,Hydration Sunscreen,1644,1700,true
2026-06-20,REG-SOUTH,Southern Region,PROD-HS-100,Hydration Sunscreen,1646,1692,true
2026-06-21,REG-SOUTH,Southern Region,PROD-HS-100,Hydration Sunscreen,1219,1235,true
2026-06-22,REG-SOUTH,Southern Region,PROD-HS-100,Hydration Sunscreen,1310,1622,true
2026-06-23,REG-SOUTH,Southern Region,PROD-HS-100,Hydration Sunscreen,1321,1638,true
2026-06-24,REG-SOUTH,Southern Region,PROD-HS-100,Hydration Sunscreen,1331,1652,true
2026-06-25,REG-SOUTH,Southern Region,PROD-HS-100,Hydration Sunscreen,1339,1664,true
2026-06-26,REG-SOUTH,Southern Region,PROD-HS-100,Hydration Sunscreen,1345,1673,true
2026-06-27,REG-SOUTH,Southern Region,PROD-HS-100,Hydration Sunscreen,1130,1408,true
2026-06-28,REG-SOUTH,Southern Region,PROD-HS-100,Hydration Sunscreen,1131,1410,true
2026-06-29,REG-SOUTH,Southern Region,PROD-HS-100,Hydration Sunscreen,1348,1682,true
2026-06-30,REG-SOUTH,Southern Region,PROD-HS-100,Hydration Sunscreen,1344,1679,true
2026-07-01,REG-SOUTH,Southern Region,PROD-HS-100,Hydration Sunscreen,1337,1673,true
2026-07-02,REG-SOUTH,Southern Region,PROD-HS-100,Hydration Sunscreen,1329,1664,true
2026-07-03,REG-SOUTH,Southern Region,PROD-HS-100,Hydration Sunscreen,1318,1653,true
2026-07-04,REG-SOUTH,Southern Region,PROD-HS-100,Hydration Sunscreen,1095,1375,true
2026-07-05,REG-SOUTH,Southern Region,PROD-HS-100,Hydration Sunscreen,1085,1364,true
2026-07-06,REG-SOUTH,Southern Region,PROD-HS-100,Hydration Sunscreen,1281,1613,true
2026-07-07,REG-SOUTH,Southern Region,PROD-HS-100,Hydration Sunscreen,1269,1599,true
2026-07-08,REG-SOUTH,Southern Region,PROD-HS-100,Hydration Sunscreen,1257,1585,true
2026-07-09,REG-SOUTH,Southern Region,PROD-HS-100,Hydration Sunscreen,1246,1574,true
2026-07-10,REG-SOUTH,Southern Region,PROD-HS-100,Hydration Sunscreen,1236,1564,true
2026-07-11,REG-SOUTH,Southern Region,PROD-HS-100,Hydration Sunscreen,1030,1304,true
2026-07-12,REG-SOUTH,Southern Region,PROD-HS-100,Hydration Sunscreen,1026,1300,true
2026-07-13,REG-SOUTH,Southern Region,PROD-HS-100,Hydration Sunscreen,1221,1550,true
2026-07-14,REG-SOUTH,Southern Region,PROD-HS-100,Hydration Sunscreen,1221,1551,true
2026-07-15,REG-SOUTH,Southern Region,PROD-HS-100,Hydration Sunscreen,1224,1556,true
2026-07-16,REG-SOUTH,Southern Region,PROD-HS-100,Hydration Sunscreen,1228,1564,true
2026-07-17,REG-SOUTH,Southern Region,PROD-HS-100,Hydration Sunscreen,1235,1575,true
2026-07-18,REG-SOUTH,Southern Region,PROD-HS-100,Hydration Sunscreen,1043,1331,true
2026-07-19,REG-SOUTH,Southern Region,PROD-HS-100,Hydration Sunscreen,1052,1344,true
2026-07-20,REG-SOUTH,Southern Region,PROD-HS-100,Hydration Sunscreen,1267,1621,true
2026-07-21,REG-SOUTH,Southern Region,PROD-HS-100,Hydration Sunscreen,1280,1639,true
2026-07-22,REG-SOUTH,Southern Region,PROD-HS-100,Hydration Sunscreen,1293,1657,true
2026-07-23,REG-SOUTH,Southern Region,PROD-HS-100,Hydration Sunscreen,1305,1675,true
2026-07-24,REG-SOUTH,Southern Region,PROD-HS-100,Hydration Sunscreen,1317,1692,true
2026-07-25,REG-SOUTH,Southern Region,PROD-HS-100,Hydration Sunscreen,1112,1431,true
2026-07-26,REG-SOUTH,Southern Region,PROD-HS-100,Hydration Sunscreen,1120,1443,true
2026-07-27,REG-SOUTH,Southern Region,PROD-HS-100,Hydration Sunscreen,1343,1732,true
2026-07-28,REG-SOUTH,Southern Region,PROD-HS-100,Hydration Sunscreen,1347,1740,true
2026-07-29,REG-SOUTH,Southern Region,PROD-HS-100,Hydration Sunscreen,1349,1744,true
2026-07-30,REG-SOUTH,Southern Region,PROD-HS-100,Hydration Sunscreen,1349,1745,true
2026-07-31,REG-SOUTH,Southern Region,PROD-HS-100,Hydration Sunscreen,1346,1743,true
2026-08-01,REG-SOUTH,Southern Region,PROD-HS-100,Hydration Sunscreen,1123,1457,true
2026-08-02,REG-SOUTH,Southern Region,PROD-HS-100,Hydration Sunscreen,1117,1450,true
2026-03-02,REG-DELTA,Delta Region,PROD-HS-100,Hydration Sunscreen,1230,1188,true
2026-03-03,REG-DELTA,Delta Region,PROD-HS-100,Hydration Sunscreen,1232,1197,true
2026-03-04,REG-DELTA,Delta Region,PROD-HS-100,Hydration Sunscreen,1234,1249,true
2026-03-05,REG-DELTA,Delta Region,PROD-HS-100,Hydration Sunscreen,1235,1250,true
2026-03-06,REG-DELTA,Delta Region,PROD-HS-100,Hydration Sunscreen,1237,1221,true
2026-03-07,REG-DELTA,Delta Region,PROD-HS-100,Hydration Sunscreen,1239,1246,true
2026-03-08,REG-DELTA,Delta Region,PROD-HS-100,Hydration Sunscreen,918,932,true
2026-03-09,REG-DELTA,Delta Region,PROD-HS-100,Hydration Sunscreen,1242,1232,true
2026-03-10,REG-DELTA,Delta Region,PROD-HS-100,Hydration Sunscreen,1244,1289,true
2026-03-11,REG-DELTA,Delta Region,PROD-HS-100,Hydration Sunscreen,1246,1183,true
2026-03-12,REG-DELTA,Delta Region,PROD-HS-100,Hydration Sunscreen,1248,1261,true
2026-03-13,REG-DELTA,Delta Region,PROD-HS-100,Hydration Sunscreen,1249,1229,true
2026-03-14,REG-DELTA,Delta Region,PROD-HS-100,Hydration Sunscreen,1251,1267,true
2026-03-15,REG-DELTA,Delta Region,PROD-HS-100,Hydration Sunscreen,927,928,true
2026-03-16,REG-DELTA,Delta Region,PROD-HS-100,Hydration Sunscreen,1255,1195,true
2026-03-17,REG-DELTA,Delta Region,PROD-HS-100,Hydration Sunscreen,1256,1166,true
2026-03-18,REG-DELTA,Delta Region,PROD-HS-100,Hydration Sunscreen,1258,1245,true
2026-03-19,REG-DELTA,Delta Region,PROD-HS-100,Hydration Sunscreen,1260,1222,true
2026-03-20,REG-DELTA,Delta Region,PROD-HS-100,Hydration Sunscreen,1262,1257,true
2026-03-21,REG-DELTA,Delta Region,PROD-HS-100,Hydration Sunscreen,1264,1281,true
2026-03-22,REG-DELTA,Delta Region,PROD-HS-100,Hydration Sunscreen,936,946,true
2026-03-23,REG-DELTA,Delta Region,PROD-HS-100,Hydration Sunscreen,1267,1280,true
2026-03-24,REG-DELTA,Delta Region,PROD-HS-100,Hydration Sunscreen,1269,1331,true
2026-03-25,REG-DELTA,Delta Region,PROD-HS-100,Hydration Sunscreen,1271,1289,true
2026-03-26,REG-DELTA,Delta Region,PROD-HS-100,Hydration Sunscreen,1272,1234,true
2026-03-27,REG-DELTA,Delta Region,PROD-HS-100,Hydration Sunscreen,1274,1317,true
2026-03-28,REG-DELTA,Delta Region,PROD-HS-100,Hydration Sunscreen,1276,1256,true
2026-03-29,REG-DELTA,Delta Region,PROD-HS-100,Hydration Sunscreen,945,930,true
2026-03-30,REG-DELTA,Delta Region,PROD-HS-100,Hydration Sunscreen,1279,1308,true
2026-03-31,REG-DELTA,Delta Region,PROD-HS-100,Hydration Sunscreen,1281,1330,true
2026-04-01,REG-DELTA,Delta Region,PROD-HS-100,Hydration Sunscreen,1283,1284,true
2026-04-02,REG-DELTA,Delta Region,PROD-HS-100,Hydration Sunscreen,1285,1286,true
2026-04-03,REG-DELTA,Delta Region,PROD-HS-100,Hydration Sunscreen,1286,1287,true
2026-04-04,REG-DELTA,Delta Region,PROD-HS-100,Hydration Sunscreen,1288,1311,true
2026-04-05,REG-DELTA,Delta Region,PROD-HS-100,Hydration Sunscreen,955,958,true
2026-04-06,REG-DELTA,Delta Region,PROD-HS-100,Hydration Sunscreen,1292,1223,true
2026-04-07,REG-DELTA,Delta Region,PROD-HS-100,Hydration Sunscreen,1294,1304,true
2026-04-08,REG-DELTA,Delta Region,PROD-HS-100,Hydration Sunscreen,1295,1293,true
2026-04-09,REG-DELTA,Delta Region,PROD-HS-100,Hydration Sunscreen,1297,1318,true
2026-04-10,REG-DELTA,Delta Region,PROD-HS-100,Hydration Sunscreen,1299,1311,true
2026-04-11,REG-DELTA,Delta Region,PROD-HS-100,Hydration Sunscreen,1301,1311,true
2026-04-12,REG-DELTA,Delta Region,PROD-HS-100,Hydration Sunscreen,964,1041,true
2026-04-13,REG-DELTA,Delta Region,PROD-HS-100,Hydration Sunscreen,1304,1241,true
2026-04-14,REG-DELTA,Delta Region,PROD-HS-100,Hydration Sunscreen,1306,1295,true
2026-04-15,REG-DELTA,Delta Region,PROD-HS-100,Hydration Sunscreen,1308,1255,true
2026-04-16,REG-DELTA,Delta Region,PROD-HS-100,Hydration Sunscreen,1309,1290,true
2026-04-17,REG-DELTA,Delta Region,PROD-HS-100,Hydration Sunscreen,1311,1350,true
2026-04-18,REG-DELTA,Delta Region,PROD-HS-100,Hydration Sunscreen,1313,1324,true
2026-04-19,REG-DELTA,Delta Region,PROD-HS-100,Hydration Sunscreen,973,993,true
2026-04-20,REG-DELTA,Delta Region,PROD-HS-100,Hydration Sunscreen,1316,1342,true
2026-04-21,REG-DELTA,Delta Region,PROD-HS-100,Hydration Sunscreen,1318,1314,true
2026-04-22,REG-DELTA,Delta Region,PROD-HS-100,Hydration Sunscreen,1320,1296,true
2026-04-23,REG-DELTA,Delta Region,PROD-HS-100,Hydration Sunscreen,1322,1342,true
2026-04-24,REG-DELTA,Delta Region,PROD-HS-100,Hydration Sunscreen,1324,1312,true
2026-04-25,REG-DELTA,Delta Region,PROD-HS-100,Hydration Sunscreen,1325,1346,true
2026-04-26,REG-DELTA,Delta Region,PROD-HS-100,Hydration Sunscreen,982,980,true
2026-04-27,REG-DELTA,Delta Region,PROD-HS-100,Hydration Sunscreen,1329,1391,true
2026-04-28,REG-DELTA,Delta Region,PROD-HS-100,Hydration Sunscreen,1331,1355,true
2026-04-29,REG-DELTA,Delta Region,PROD-HS-100,Hydration Sunscreen,1332,1376,true
2026-04-30,REG-DELTA,Delta Region,PROD-HS-100,Hydration Sunscreen,1334,1357,true
2026-05-01,REG-DELTA,Delta Region,PROD-HS-100,Hydration Sunscreen,1336,1434,true
2026-05-02,REG-DELTA,Delta Region,PROD-HS-100,Hydration Sunscreen,1338,1310,true
2026-05-03,REG-DELTA,Delta Region,PROD-HS-100,Hydration Sunscreen,991,1072,true
2026-05-04,REG-DELTA,Delta Region,PROD-HS-100,Hydration Sunscreen,1341,1384,true
2026-05-05,REG-DELTA,Delta Region,PROD-HS-100,Hydration Sunscreen,1343,1428,true
2026-05-06,REG-DELTA,Delta Region,PROD-HS-100,Hydration Sunscreen,1345,1401,true
2026-05-07,REG-DELTA,Delta Region,PROD-HS-100,Hydration Sunscreen,1346,1371,true
2026-05-08,REG-DELTA,Delta Region,PROD-HS-100,Hydration Sunscreen,1348,1390,true
2026-05-09,REG-DELTA,Delta Region,PROD-HS-100,Hydration Sunscreen,1350,1407,true
2026-05-10,REG-DELTA,Delta Region,PROD-HS-100,Hydration Sunscreen,1000,1021,true
2026-05-11,REG-DELTA,Delta Region,PROD-HS-100,Hydration Sunscreen,1354,1385,true
2026-05-12,REG-DELTA,Delta Region,PROD-HS-100,Hydration Sunscreen,1355,1387,true
2026-05-13,REG-DELTA,Delta Region,PROD-HS-100,Hydration Sunscreen,1357,1413,true
2026-05-14,REG-DELTA,Delta Region,PROD-HS-100,Hydration Sunscreen,1359,1376,true
2026-05-15,REG-DELTA,Delta Region,PROD-HS-100,Hydration Sunscreen,1361,1450,true
2026-05-16,REG-DELTA,Delta Region,PROD-HS-100,Hydration Sunscreen,1362,1402,true
2026-05-17,REG-DELTA,Delta Region,PROD-HS-100,Hydration Sunscreen,1009,1006,true
2026-05-18,REG-DELTA,Delta Region,PROD-HS-100,Hydration Sunscreen,1366,1422,true
2026-05-19,REG-DELTA,Delta Region,PROD-HS-100,Hydration Sunscreen,1368,1397,true
2026-05-20,REG-DELTA,Delta Region,PROD-HS-100,Hydration Sunscreen,1369,1421,true
2026-05-21,REG-DELTA,Delta Region,PROD-HS-100,Hydration Sunscreen,1371,1461,true
2026-05-22,REG-DELTA,Delta Region,PROD-HS-100,Hydration Sunscreen,1373,1436,true
2026-05-23,REG-DELTA,Delta Region,PROD-HS-100,Hydration Sunscreen,1375,1411,true
2026-05-24,REG-DELTA,Delta Region,PROD-HS-100,Hydration Sunscreen,1019,1030,true
2026-05-25,REG-DELTA,Delta Region,PROD-HS-100,Hydration Sunscreen,1378,1410,true
2026-05-26,REG-DELTA,Delta Region,PROD-HS-100,Hydration Sunscreen,1380,1455,true
2026-05-27,REG-DELTA,Delta Region,PROD-HS-100,Hydration Sunscreen,1382,1394,true
2026-05-28,REG-DELTA,Delta Region,PROD-HS-100,Hydration Sunscreen,1384,1413,true
2026-05-29,REG-DELTA,Delta Region,PROD-HS-100,Hydration Sunscreen,1385,1410,true
2026-05-30,REG-DELTA,Delta Region,PROD-HS-100,Hydration Sunscreen,1387,1455,true
2026-05-31,REG-DELTA,Delta Region,PROD-HS-100,Hydration Sunscreen,1028,1055,true
2026-06-01,REG-DELTA,Delta Region,PROD-HS-100,Hydration Sunscreen,1391,1494,true
2026-06-02,REG-DELTA,Delta Region,PROD-HS-100,Hydration Sunscreen,1392,1454,true
2026-06-03,REG-DELTA,Delta Region,PROD-HS-100,Hydration Sunscreen,1394,1417,true
2026-06-04,REG-DELTA,Delta Region,PROD-HS-100,Hydration Sunscreen,1396,1457,true
2026-06-05,REG-DELTA,Delta Region,PROD-HS-100,Hydration Sunscreen,1398,1454,true
2026-06-06,REG-DELTA,Delta Region,PROD-HS-100,Hydration Sunscreen,1399,1454,true
2026-06-07,REG-DELTA,Delta Region,PROD-HS-100,Hydration Sunscreen,1037,1101,true
2026-06-08,REG-DELTA,Delta Region,PROD-HS-100,Hydration Sunscreen,1403,1468,true
2026-06-09,REG-DELTA,Delta Region,PROD-HS-100,Hydration Sunscreen,1405,1389,true
2026-06-10,REG-DELTA,Delta Region,PROD-HS-100,Hydration Sunscreen,1406,1459,true
2026-06-11,REG-DELTA,Delta Region,PROD-HS-100,Hydration Sunscreen,1408,1425,true
2026-06-12,REG-DELTA,Delta Region,PROD-HS-100,Hydration Sunscreen,1410,1445,true
2026-06-13,REG-DELTA,Delta Region,PROD-HS-100,Hydration Sunscreen,1412,1468,true
2026-06-14,REG-DELTA,Delta Region,PROD-HS-100,Hydration Sunscreen,1046,1067,true
2026-06-15,REG-DELTA,Delta Region,PROD-HS-100,Hydration Sunscreen,1415,1503,true
2026-06-16,REG-DELTA,Delta Region,PROD-HS-100,Hydration Sunscreen,1417,1414,true
2026-06-17,REG-DELTA,Delta Region,PROD-HS-100,Hydration Sunscreen,1419,1481,true
2026-06-18,REG-DELTA,Delta Region,PROD-HS-100,Hydration Sunscreen,1421,1467,true
2026-06-19,REG-DELTA,Delta Region,PROD-HS-100,Hydration Sunscreen,1422,1473,true
2026-06-20,REG-DELTA,Delta Region,PROD-HS-100,Hydration Sunscreen,1424,1513,true
2026-06-21,REG-DELTA,Delta Region,PROD-HS-100,Hydration Sunscreen,1055,1077,true
2026-06-22,REG-DELTA,Delta Region,PROD-HS-100,Hydration Sunscreen,1143,1327,true
2026-06-23,REG-DELTA,Delta Region,PROD-HS-100,Hydration Sunscreen,1152,1339,true
2026-06-24,REG-DELTA,Delta Region,PROD-HS-100,Hydration Sunscreen,1159,1348,true
2026-06-25,REG-DELTA,Delta Region,PROD-HS-100,Hydration Sunscreen,1164,1356,true
2026-06-26,REG-DELTA,Delta Region,PROD-HS-100,Hydration Sunscreen,1167,1361,true
2026-06-27,REG-DELTA,Delta Region,PROD-HS-100,Hydration Sunscreen,978,1142,true
2026-06-28,REG-DELTA,Delta Region,PROD-HS-100,Hydration Sunscreen,977,1142,true
2026-06-29,REG-DELTA,Delta Region,PROD-HS-100,Hydration Sunscreen,1162,1361,true
2026-06-30,REG-DELTA,Delta Region,PROD-HS-100,Hydration Sunscreen,1157,1356,true
2026-07-01,REG-DELTA,Delta Region,PROD-HS-100,Hydration Sunscreen,1149,1349,true
2026-07-02,REG-DELTA,Delta Region,PROD-HS-100,Hydration Sunscreen,1141,1340,true
2026-07-03,REG-DELTA,Delta Region,PROD-HS-100,Hydration Sunscreen,1130,1329,true
2026-07-04,REG-DELTA,Delta Region,PROD-HS-100,Hydration Sunscreen,938,1105,true
2026-07-05,REG-DELTA,Delta Region,PROD-HS-100,Hydration Sunscreen,929,1095,true
2026-07-06,REG-DELTA,Delta Region,PROD-HS-100,Hydration Sunscreen,1098,1295,true
2026-07-07,REG-DELTA,Delta Region,PROD-HS-100,Hydration Sunscreen,1087,1285,true
2026-07-08,REG-DELTA,Delta Region,PROD-HS-100,Hydration Sunscreen,1078,1275,true
2026-07-09,REG-DELTA,Delta Region,PROD-HS-100,Hydration Sunscreen,1070,1267,true
2026-07-10,REG-DELTA,Delta Region,PROD-HS-100,Hydration Sunscreen,1063,1261,true
2026-07-11,REG-DELTA,Delta Region,PROD-HS-100,Hydration Sunscreen,887,1054,true
2026-07-12,REG-DELTA,Delta Region,PROD-HS-100,Hydration Sunscreen,886,1052,true
2026-07-13,REG-DELTA,Delta Region,PROD-HS-100,Hydration Sunscreen,1056,1257,true
2026-07-14,REG-DELTA,Delta Region,PROD-HS-100,Hydration Sunscreen,1059,1261,true
2026-07-15,REG-DELTA,Delta Region,PROD-HS-100,Hydration Sunscreen,1063,1267,true
2026-07-16,REG-DELTA,Delta Region,PROD-HS-100,Hydration Sunscreen,1069,1276,true
2026-07-17,REG-DELTA,Delta Region,PROD-HS-100,Hydration Sunscreen,1077,1287,true
2026-07-18,REG-DELTA,Delta Region,PROD-HS-100,Hydration Sunscreen,910,1089,true
2026-07-19,REG-DELTA,Delta Region,PROD-HS-100,Hydration Sunscreen,919,1101,true
2026-07-20,REG-DELTA,Delta Region,PROD-HS-100,Hydration Sunscreen,1107,1328,true
2026-07-21,REG-DELTA,Delta Region,PROD-HS-100,Hydration Sunscreen,1118,1343,true
2026-07-22,REG-DELTA,Delta Region,PROD-HS-100,Hydration Sunscreen,1129,1358,true
2026-07-23,REG-DELTA,Delta Region,PROD-HS-100,Hydration Sunscreen,1139,1371,true
2026-07-24,REG-DELTA,Delta Region,PROD-HS-100,Hydration Sunscreen,1148,1384,true
2026-07-25,REG-DELTA,Delta Region,PROD-HS-100,Hydration Sunscreen,969,1169,true
2026-07-26,REG-DELTA,Delta Region,PROD-HS-100,Hydration Sunscreen,974,1176,true
2026-07-27,REG-DELTA,Delta Region,PROD-HS-100,Hydration Sunscreen,1166,1409,true
2026-07-28,REG-DELTA,Delta Region,PROD-HS-100,Hydration Sunscreen,1167,1413,true
2026-07-29,REG-DELTA,Delta Region,PROD-HS-100,Hydration Sunscreen,1167,1414,true
2026-07-30,REG-DELTA,Delta Region,PROD-HS-100,Hydration Sunscreen,1164,1412,true
2026-07-31,REG-DELTA,Delta Region,PROD-HS-100,Hydration Sunscreen,1159,1408,true
2026-08-01,REG-DELTA,Delta Region,PROD-HS-100,Hydration Sunscreen,966,1175,true
2026-08-02,REG-DELTA,Delta Region,PROD-HS-100,Hydration Sunscreen,959,1168,true
2026-03-02,REG-ISLAND,Island Region,PROD-HS-100,Hydration Sunscreen,847,869,true
2026-03-03,REG-ISLAND,Island Region,PROD-HS-100,Hydration Sunscreen,849,857,true
2026-03-04,REG-ISLAND,Island Region,PROD-HS-100,Hydration Sunscreen,850,844,true
2026-03-05,REG-ISLAND,Island Region,PROD-HS-100,Hydration Sunscreen,851,841,true
2026-03-06,REG-ISLAND,Island Region,PROD-HS-100,Hydration Sunscreen,852,867,true
2026-03-07,REG-ISLAND,Island Region,PROD-HS-100,Hydration Sunscreen,853,849,true
2026-03-08,REG-ISLAND,Island Region,PROD-HS-100,Hydration Sunscreen,632,640,true
2026-03-09,REG-ISLAND,Island Region,PROD-HS-100,Hydration Sunscreen,856,867,true
2026-03-10,REG-ISLAND,Island Region,PROD-HS-100,Hydration Sunscreen,857,846,true
2026-03-11,REG-ISLAND,Island Region,PROD-HS-100,Hydration Sunscreen,858,857,true
2026-03-12,REG-ISLAND,Island Region,PROD-HS-100,Hydration Sunscreen,859,848,true
2026-03-13,REG-ISLAND,Island Region,PROD-HS-100,Hydration Sunscreen,861,853,true
2026-03-14,REG-ISLAND,Island Region,PROD-HS-100,Hydration Sunscreen,862,836,true
2026-03-15,REG-ISLAND,Island Region,PROD-HS-100,Hydration Sunscreen,639,629,true
2026-03-16,REG-ISLAND,Island Region,PROD-HS-100,Hydration Sunscreen,864,865,true
2026-03-17,REG-ISLAND,Island Region,PROD-HS-100,Hydration Sunscreen,866,843,true
2026-03-18,REG-ISLAND,Island Region,PROD-HS-100,Hydration Sunscreen,867,838,true
2026-03-19,REG-ISLAND,Island Region,PROD-HS-100,Hydration Sunscreen,868,876,true
2026-03-20,REG-ISLAND,Island Region,PROD-HS-100,Hydration Sunscreen,869,862,true
2026-03-21,REG-ISLAND,Island Region,PROD-HS-100,Hydration Sunscreen,870,818,true
2026-03-22,REG-ISLAND,Island Region,PROD-HS-100,Hydration Sunscreen,645,646,true
2026-03-23,REG-ISLAND,Island Region,PROD-HS-100,Hydration Sunscreen,873,888,true
2026-03-24,REG-ISLAND,Island Region,PROD-HS-100,Hydration Sunscreen,874,884,true
2026-03-25,REG-ISLAND,Island Region,PROD-HS-100,Hydration Sunscreen,875,875,true
2026-03-26,REG-ISLAND,Island Region,PROD-HS-100,Hydration Sunscreen,877,856,true
2026-03-27,REG-ISLAND,Island Region,PROD-HS-100,Hydration Sunscreen,878,864,true
2026-03-28,REG-ISLAND,Island Region,PROD-HS-100,Hydration Sunscreen,879,850,true
2026-03-29,REG-ISLAND,Island Region,PROD-HS-100,Hydration Sunscreen,651,650,true
2026-03-30,REG-ISLAND,Island Region,PROD-HS-100,Hydration Sunscreen,881,916,true
2026-03-31,REG-ISLAND,Island Region,PROD-HS-100,Hydration Sunscreen,883,871,true
2026-04-01,REG-ISLAND,Island Region,PROD-HS-100,Hydration Sunscreen,884,866,true
2026-04-02,REG-ISLAND,Island Region,PROD-HS-100,Hydration Sunscreen,885,852,true
2026-04-03,REG-ISLAND,Island Region,PROD-HS-100,Hydration Sunscreen,886,921,true
2026-04-04,REG-ISLAND,Island Region,PROD-HS-100,Hydration Sunscreen,887,866,true
2026-04-05,REG-ISLAND,Island Region,PROD-HS-100,Hydration Sunscreen,658,685,true
2026-04-06,REG-ISLAND,Island Region,PROD-HS-100,Hydration Sunscreen,890,890,true
2026-04-07,REG-ISLAND,Island Region,PROD-HS-100,Hydration Sunscreen,891,887,true
2026-04-08,REG-ISLAND,Island Region,PROD-HS-100,Hydration Sunscreen,892,878,true
2026-04-09,REG-ISLAND,Island Region,PROD-HS-100,Hydration Sunscreen,894,875,true
2026-04-10,REG-ISLAND,Island Region,PROD-HS-100,Hydration Sunscreen,895,876,true
2026-04-11,REG-ISLAND,Island Region,PROD-HS-100,Hydration Sunscreen,896,892,true
2026-04-12,REG-ISLAND,Island Region,PROD-HS-100,Hydration Sunscreen,664,647,true
2026-04-13,REG-ISLAND,Island Region,PROD-HS-100,Hydration Sunscreen,898,881,true
2026-04-14,REG-ISLAND,Island Region,PROD-HS-100,Hydration Sunscreen,900,905,true
2026-04-15,REG-ISLAND,Island Region,PROD-HS-100,Hydration Sunscreen,901,883,true
2026-04-16,REG-ISLAND,Island Region,PROD-HS-100,Hydration Sunscreen,902,923,true
2026-04-17,REG-ISLAND,Island Region,PROD-HS-100,Hydration Sunscreen,903,915,true
2026-04-18,REG-ISLAND,Island Region,PROD-HS-100,Hydration Sunscreen,904,915,true
2026-04-19,REG-ISLAND,Island Region,PROD-HS-100,Hydration Sunscreen,670,645,true
2026-04-20,REG-ISLAND,Island Region,PROD-HS-100,Hydration Sunscreen,907,909,true
2026-04-21,REG-ISLAND,Island Region,PROD-HS-100,Hydration Sunscreen,908,903,true
2026-04-22,REG-ISLAND,Island Region,PROD-HS-100,Hydration Sunscreen,909,911,true
2026-04-23,REG-ISLAND,Island Region,PROD-HS-100,Hydration Sunscreen,911,896,true
2026-04-24,REG-ISLAND,Island Region,PROD-HS-100,Hydration Sunscreen,912,903,true
2026-04-25,REG-ISLAND,Island Region,PROD-HS-100,Hydration Sunscreen,913,886,true
2026-04-26,REG-ISLAND,Island Region,PROD-HS-100,Hydration Sunscreen,677,676,true
2026-04-27,REG-ISLAND,Island Region,PROD-HS-100,Hydration Sunscreen,915,920,true
2026-04-28,REG-ISLAND,Island Region,PROD-HS-100,Hydration Sunscreen,917,920,true
2026-04-29,REG-ISLAND,Island Region,PROD-HS-100,Hydration Sunscreen,918,944,true
2026-04-30,REG-ISLAND,Island Region,PROD-HS-100,Hydration Sunscreen,919,945,true
2026-05-01,REG-ISLAND,Island Region,PROD-HS-100,Hydration Sunscreen,920,972,true
2026-05-02,REG-ISLAND,Island Region,PROD-HS-100,Hydration Sunscreen,921,972,true
2026-05-03,REG-ISLAND,Island Region,PROD-HS-100,Hydration Sunscreen,683,712,true
2026-05-04,REG-ISLAND,Island Region,PROD-HS-100,Hydration Sunscreen,924,977,true
2026-05-05,REG-ISLAND,Island Region,PROD-HS-100,Hydration Sunscreen,925,962,true
2026-05-06,REG-ISLAND,Island Region,PROD-HS-100,Hydration Sunscreen,926,981,true
2026-05-07,REG-ISLAND,Island Region,PROD-HS-100,Hydration Sunscreen,928,941,true
2026-05-08,REG-ISLAND,Island Region,PROD-HS-100,Hydration Sunscreen,929,946,true
2026-05-09,REG-ISLAND,Island Region,PROD-HS-100,Hydration Sunscreen,930,958,true
2026-05-10,REG-ISLAND,Island Region,PROD-HS-100,Hydration Sunscreen,689,690,true
2026-05-11,REG-ISLAND,Island Region,PROD-HS-100,Hydration Sunscreen,932,980,true
2026-05-12,REG-ISLAND,Island Region,PROD-HS-100,Hydration Sunscreen,934,992,true
2026-05-13,REG-ISLAND,Island Region,PROD-HS-100,Hydration Sunscreen,935,989,true
2026-05-14,REG-ISLAND,Island Region,PROD-HS-100,Hydration Sunscreen,936,978,true
2026-05-15,REG-ISLAND,Island Region,PROD-HS-100,Hydration Sunscreen,937,998,true
2026-05-16,REG-ISLAND,Island Region,PROD-HS-100,Hydration Sunscreen,939,1023,true
2026-05-17,REG-ISLAND,Island Region,PROD-HS-100,Hydration Sunscreen,695,716,true
2026-05-18,REG-ISLAND,Island Region,PROD-HS-100,Hydration Sunscreen,941,976,true
2026-05-19,REG-ISLAND,Island Region,PROD-HS-100,Hydration Sunscreen,942,981,true
2026-05-20,REG-ISLAND,Island Region,PROD-HS-100,Hydration Sunscreen,943,999,true
2026-05-21,REG-ISLAND,Island Region,PROD-HS-100,Hydration Sunscreen,945,966,true
2026-05-22,REG-ISLAND,Island Region,PROD-HS-100,Hydration Sunscreen,946,994,true
2026-05-23,REG-ISLAND,Island Region,PROD-HS-100,Hydration Sunscreen,947,993,true
2026-05-24,REG-ISLAND,Island Region,PROD-HS-100,Hydration Sunscreen,702,728,true
2026-05-25,REG-ISLAND,Island Region,PROD-HS-100,Hydration Sunscreen,949,997,true
2026-05-26,REG-ISLAND,Island Region,PROD-HS-100,Hydration Sunscreen,951,1006,true
2026-05-27,REG-ISLAND,Island Region,PROD-HS-100,Hydration Sunscreen,952,1005,true
2026-05-28,REG-ISLAND,Island Region,PROD-HS-100,Hydration Sunscreen,953,981,true
2026-05-29,REG-ISLAND,Island Region,PROD-HS-100,Hydration Sunscreen,954,997,true
2026-05-30,REG-ISLAND,Island Region,PROD-HS-100,Hydration Sunscreen,956,967,true
2026-05-31,REG-ISLAND,Island Region,PROD-HS-100,Hydration Sunscreen,708,728,true
2026-06-01,REG-ISLAND,Island Region,PROD-HS-100,Hydration Sunscreen,958,972,true
2026-06-02,REG-ISLAND,Island Region,PROD-HS-100,Hydration Sunscreen,959,986,true
2026-06-03,REG-ISLAND,Island Region,PROD-HS-100,Hydration Sunscreen,960,985,true
2026-06-04,REG-ISLAND,Island Region,PROD-HS-100,Hydration Sunscreen,962,960,true
2026-06-05,REG-ISLAND,Island Region,PROD-HS-100,Hydration Sunscreen,963,993,true
2026-06-06,REG-ISLAND,Island Region,PROD-HS-100,Hydration Sunscreen,964,979,true
2026-06-07,REG-ISLAND,Island Region,PROD-HS-100,Hydration Sunscreen,714,708,true
2026-06-08,REG-ISLAND,Island Region,PROD-HS-100,Hydration Sunscreen,966,990,true
2026-06-09,REG-ISLAND,Island Region,PROD-HS-100,Hydration Sunscreen,968,1040,true
2026-06-10,REG-ISLAND,Island Region,PROD-HS-100,Hydration Sunscreen,969,1014,true
2026-06-11,REG-ISLAND,Island Region,PROD-HS-100,Hydration Sunscreen,970,1023,true
2026-06-12,REG-ISLAND,Island Region,PROD-HS-100,Hydration Sunscreen,971,997,true
2026-06-13,REG-ISLAND,Island Region,PROD-HS-100,Hydration Sunscreen,973,1002,true
2026-06-14,REG-ISLAND,Island Region,PROD-HS-100,Hydration Sunscreen,721,738,true
2026-06-15,REG-ISLAND,Island Region,PROD-HS-100,Hydration Sunscreen,975,1054,true
2026-06-16,REG-ISLAND,Island Region,PROD-HS-100,Hydration Sunscreen,976,1032,true
2026-06-17,REG-ISLAND,Island Region,PROD-HS-100,Hydration Sunscreen,977,1030,true
2026-06-18,REG-ISLAND,Island Region,PROD-HS-100,Hydration Sunscreen,979,1038,true
2026-06-19,REG-ISLAND,Island Region,PROD-HS-100,Hydration Sunscreen,980,997,true
2026-06-20,REG-ISLAND,Island Region,PROD-HS-100,Hydration Sunscreen,981,998,true
2026-06-21,REG-ISLAND,Island Region,PROD-HS-100,Hydration Sunscreen,727,740,true
2026-06-22,REG-ISLAND,Island Region,PROD-HS-100,Hydration Sunscreen,794,949,true
2026-06-23,REG-ISLAND,Island Region,PROD-HS-100,Hydration Sunscreen,798,956,true
2026-06-24,REG-ISLAND,Island Region,PROD-HS-100,Hydration Sunscreen,802,961,true
2026-06-25,REG-ISLAND,Island Region,PROD-HS-100,Hydration Sunscreen,804,965,true
2026-06-26,REG-ISLAND,Island Region,PROD-HS-100,Hydration Sunscreen,804,966,true
2026-06-27,REG-ISLAND,Island Region,PROD-HS-100,Hydration Sunscreen,673,810,true
2026-06-28,REG-ISLAND,Island Region,PROD-HS-100,Hydration Sunscreen,671,808,true
2026-06-29,REG-ISLAND,Island Region,PROD-HS-100,Hydration Sunscreen,797,961,true
2026-06-30,REG-ISLAND,Island Region,PROD-HS-100,Hydration Sunscreen,792,956,true
2026-07-01,REG-ISLAND,Island Region,PROD-HS-100,Hydration Sunscreen,786,950,true
2026-07-02,REG-ISLAND,Island Region,PROD-HS-100,Hydration Sunscreen,779,943,true
2026-07-03,REG-ISLAND,Island Region,PROD-HS-100,Hydration Sunscreen,771,935,true
2026-07-04,REG-ISLAND,Island Region,PROD-HS-100,Hydration Sunscreen,640,776,true
2026-07-05,REG-ISLAND,Island Region,PROD-HS-100,Hydration Sunscreen,634,770,true
2026-07-06,REG-ISLAND,Island Region,PROD-HS-100,Hydration Sunscreen,749,911,true
2026-07-07,REG-ISLAND,Island Region,PROD-HS-100,Hydration Sunscreen,743,904,true
2026-07-08,REG-ISLAND,Island Region,PROD-HS-100,Hydration Sunscreen,737,898,true
2026-07-09,REG-ISLAND,Island Region,PROD-HS-100,Hydration Sunscreen,733,894,true
2026-07-10,REG-ISLAND,Island Region,PROD-HS-100,Hydration Sunscreen,730,891,true
2026-07-11,REG-ISLAND,Island Region,PROD-HS-100,Hydration Sunscreen,610,746,true
2026-07-12,REG-ISLAND,Island Region,PROD-HS-100,Hydration Sunscreen,610,747,true
2026-07-13,REG-ISLAND,Island Region,PROD-HS-100,Hydration Sunscreen,729,894,true
2026-07-14,REG-ISLAND,Island Region,PROD-HS-100,Hydration Sunscreen,732,899,true
2026-07-15,REG-ISLAND,Island Region,PROD-HS-100,Hydration Sunscreen,736,905,true
2026-07-16,REG-ISLAND,Island Region,PROD-HS-100,Hydration Sunscreen,742,913,true
2026-07-17,REG-ISLAND,Island Region,PROD-HS-100,Hydration Sunscreen,748,921,true
2026-07-18,REG-ISLAND,Island Region,PROD-HS-100,Hydration Sunscreen,633,780,true
2026-07-19,REG-ISLAND,Island Region,PROD-HS-100,Hydration Sunscreen,639,789,true
2026-07-20,REG-ISLAND,Island Region,PROD-HS-100,Hydration Sunscreen,771,952,true
2026-07-21,REG-ISLAND,Island Region,PROD-HS-100,Hydration Sunscreen,778,963,true
2026-07-22,REG-ISLAND,Island Region,PROD-HS-100,Hydration Sunscreen,785,972,true
2026-07-23,REG-ISLAND,Island Region,PROD-HS-100,Hydration Sunscreen,791,981,true
2026-07-24,REG-ISLAND,Island Region,PROD-HS-100,Hydration Sunscreen,796,989,true
2026-07-25,REG-ISLAND,Island Region,PROD-HS-100,Hydration Sunscreen,671,834,true
2026-07-26,REG-ISLAND,Island Region,PROD-HS-100,Hydration Sunscreen,673,838,true
2026-07-27,REG-ISLAND,Island Region,PROD-HS-100,Hydration Sunscreen,804,1002,true
2026-07-28,REG-ISLAND,Island Region,PROD-HS-100,Hydration Sunscreen,804,1003,true
2026-07-29,REG-ISLAND,Island Region,PROD-HS-100,Hydration Sunscreen,802,1001,true
2026-07-30,REG-ISLAND,Island Region,PROD-HS-100,Hydration Sunscreen,799,998,true
2026-07-31,REG-ISLAND,Island Region,PROD-HS-100,Hydration Sunscreen,794,994,true
2026-08-01,REG-ISLAND,Island Region,PROD-HS-100,Hydration Sunscreen,661,828,true
2026-08-02,REG-ISLAND,Island Region,PROD-HS-100,Hydration Sunscreen,655,822,true
2026-03-02,REG-NORTH,Northern Region,PROD-HS-100,Hydration Sunscreen,1148,1140,false
2026-03-03,REG-NORTH,Northern Region,PROD-HS-100,Hydration Sunscreen,1150,1155,false
2026-03-04,REG-NORTH,Northern Region,PROD-HS-100,Hydration Sunscreen,1151,1142,false
2026-03-05,REG-NORTH,Northern Region,PROD-HS-100,Hydration Sunscreen,1153,1160,false
2026-03-06,REG-NORTH,Northern Region,PROD-HS-100,Hydration Sunscreen,1155,1129,false
2026-03-07,REG-NORTH,Northern Region,PROD-HS-100,Hydration Sunscreen,1156,1172,false
2026-03-08,REG-NORTH,Northern Region,PROD-HS-100,Hydration Sunscreen,857,867,false
2026-03-09,REG-NORTH,Northern Region,PROD-HS-100,Hydration Sunscreen,1160,1164,false
2026-03-10,REG-NORTH,Northern Region,PROD-HS-100,Hydration Sunscreen,1161,1150,false
2026-03-11,REG-NORTH,Northern Region,PROD-HS-100,Hydration Sunscreen,1163,1181,false
2026-03-12,REG-NORTH,Northern Region,PROD-HS-100,Hydration Sunscreen,1164,1142,false
2026-03-13,REG-NORTH,Northern Region,PROD-HS-100,Hydration Sunscreen,1166,1154,false
2026-03-14,REG-NORTH,Northern Region,PROD-HS-100,Hydration Sunscreen,1168,1152,false
2026-03-15,REG-NORTH,Northern Region,PROD-HS-100,Hydration Sunscreen,865,866,false
2026-03-16,REG-NORTH,Northern Region,PROD-HS-100,Hydration Sunscreen,1171,1157,false
2026-03-17,REG-NORTH,Northern Region,PROD-HS-100,Hydration Sunscreen,1173,1173,false
2026-03-18,REG-NORTH,Northern Region,PROD-HS-100,Hydration Sunscreen,1174,1181,false
2026-03-19,REG-NORTH,Northern Region,PROD-HS-100,Hydration Sunscreen,1176,1149,false
2026-03-20,REG-NORTH,Northern Region,PROD-HS-100,Hydration Sunscreen,1178,1186,false
2026-03-21,REG-NORTH,Northern Region,PROD-HS-100,Hydration Sunscreen,1179,1183,false
2026-03-22,REG-NORTH,Northern Region,PROD-HS-100,Hydration Sunscreen,874,871,false
2026-03-23,REG-NORTH,Northern Region,PROD-HS-100,Hydration Sunscreen,1183,1190,false
2026-03-24,REG-NORTH,Northern Region,PROD-HS-100,Hydration Sunscreen,1184,1146,false
2026-03-25,REG-NORTH,Northern Region,PROD-HS-100,Hydration Sunscreen,1186,1178,false
2026-03-26,REG-NORTH,Northern Region,PROD-HS-100,Hydration Sunscreen,1188,1206,false
2026-03-27,REG-NORTH,Northern Region,PROD-HS-100,Hydration Sunscreen,1189,1162,false
2026-03-28,REG-NORTH,Northern Region,PROD-HS-100,Hydration Sunscreen,1191,1209,false
2026-03-29,REG-NORTH,Northern Region,PROD-HS-100,Hydration Sunscreen,882,867,false
2026-03-30,REG-NORTH,Northern Region,PROD-HS-100,Hydration Sunscreen,1194,1210,false
2026-03-31,REG-NORTH,Northern Region,PROD-HS-100,Hydration Sunscreen,1196,1176,false
2026-04-01,REG-NORTH,Northern Region,PROD-HS-100,Hydration Sunscreen,1197,1183,false
2026-04-02,REG-NORTH,Northern Region,PROD-HS-100,Hydration Sunscreen,1199,1170,false
2026-04-03,REG-NORTH,Northern Region,PROD-HS-100,Hydration Sunscreen,1201,1175,false
2026-04-04,REG-NORTH,Northern Region,PROD-HS-100,Hydration Sunscreen,1202,1217,false
2026-04-05,REG-NORTH,Northern Region,PROD-HS-100,Hydration Sunscreen,891,878,false
2026-04-06,REG-NORTH,Northern Region,PROD-HS-100,Hydration Sunscreen,1206,1226,false
2026-04-07,REG-NORTH,Northern Region,PROD-HS-100,Hydration Sunscreen,1207,1189,false
2026-04-08,REG-NORTH,Northern Region,PROD-HS-100,Hydration Sunscreen,1209,1226,false
2026-04-09,REG-NORTH,Northern Region,PROD-HS-100,Hydration Sunscreen,1211,1231,false
2026-04-10,REG-NORTH,Northern Region,PROD-HS-100,Hydration Sunscreen,1212,1171,false
2026-04-11,REG-NORTH,Northern Region,PROD-HS-100,Hydration Sunscreen,1214,1227,false
2026-04-12,REG-NORTH,Northern Region,PROD-HS-100,Hydration Sunscreen,899,906,false
2026-04-13,REG-NORTH,Northern Region,PROD-HS-100,Hydration Sunscreen,1217,1198,false
2026-04-14,REG-NORTH,Northern Region,PROD-HS-100,Hydration Sunscreen,1219,1236,false
2026-04-15,REG-NORTH,Northern Region,PROD-HS-100,Hydration Sunscreen,1220,1199,false
2026-04-16,REG-NORTH,Northern Region,PROD-HS-100,Hydration Sunscreen,1222,1220,false
2026-04-17,REG-NORTH,Northern Region,PROD-HS-100,Hydration Sunscreen,1224,1200,false
2026-04-18,REG-NORTH,Northern Region,PROD-HS-100,Hydration Sunscreen,1225,1226,false
2026-04-19,REG-NORTH,Northern Region,PROD-HS-100,Hydration Sunscreen,908,887,false
2026-04-20,REG-NORTH,Northern Region,PROD-HS-100,Hydration Sunscreen,1229,1234,false
2026-04-21,REG-NORTH,Northern Region,PROD-HS-100,Hydration Sunscreen,1230,1227,false
2026-04-22,REG-NORTH,Northern Region,PROD-HS-100,Hydration Sunscreen,1232,1262,false
2026-04-23,REG-NORTH,Northern Region,PROD-HS-100,Hydration Sunscreen,1234,1239,false
2026-04-24,REG-NORTH,Northern Region,PROD-HS-100,Hydration Sunscreen,1235,1256,false
2026-04-25,REG-NORTH,Northern Region,PROD-HS-100,Hydration Sunscreen,1237,1240,false
2026-04-26,REG-NORTH,Northern Region,PROD-HS-100,Hydration Sunscreen,917,893,false
2026-04-27,REG-NORTH,Northern Region,PROD-HS-100,Hydration Sunscreen,1240,1209,false
2026-04-28,REG-NORTH,Northern Region,PROD-HS-100,Hydration Sunscreen,1242,1225,false
2026-04-29,REG-NORTH,Northern Region,PROD-HS-100,Hydration Sunscreen,1244,1226,false
2026-04-30,REG-NORTH,Northern Region,PROD-HS-100,Hydration Sunscreen,1245,1242,false
2026-05-01,REG-NORTH,Northern Region,PROD-HS-100,Hydration Sunscreen,1247,1246,false
2026-05-02,REG-NORTH,Northern Region,PROD-HS-100,Hydration Sunscreen,1248,1238,false
2026-05-03,REG-NORTH,Northern Region,PROD-HS-100,Hydration Sunscreen,925,942,false
2026-05-04,REG-NORTH,Northern Region,PROD-HS-100,Hydration Sunscreen,1252,1307,false
2026-05-05,REG-NORTH,Northern Region,PROD-HS-100,Hydration Sunscreen,1253,1243,false
2026-05-06,REG-NORTH,Northern Region,PROD-HS-100,Hydration Sunscreen,1255,1240,false
2026-05-07,REG-NORTH,Northern Region,PROD-HS-100,Hydration Sunscreen,1257,1283,false
2026-05-08,REG-NORTH,Northern Region,PROD-HS-100,Hydration Sunscreen,1258,1240,false
2026-05-09,REG-NORTH,Northern Region,PROD-HS-100,Hydration Sunscreen,1260,1241,false
2026-05-10,REG-NORTH,Northern Region,PROD-HS-100,Hydration Sunscreen,934,914,false
2026-05-11,REG-NORTH,Northern Region,PROD-HS-100,Hydration Sunscreen,1263,1269,false
2026-05-12,REG-NORTH,Northern Region,PROD-HS-100,Hydration Sunscreen,1265,1253,false
2026-05-13,REG-NORTH,Northern Region,PROD-HS-100,Hydration Sunscreen,1267,1274,false
2026-05-14,REG-NORTH,Northern Region,PROD-HS-100,Hydration Sunscreen,1268,1296,false
2026-05-15,REG-NORTH,Northern Region,PROD-HS-100,Hydration Sunscreen,1270,1273,false
2026-05-16,REG-NORTH,Northern Region,PROD-HS-100,Hydration Sunscreen,1272,1308,false
2026-05-17,REG-NORTH,Northern Region,PROD-HS-100,Hydration Sunscreen,942,978,false
2026-05-18,REG-NORTH,Northern Region,PROD-HS-100,Hydration Sunscreen,1275,1264,false
2026-05-19,REG-NORTH,Northern Region,PROD-HS-100,Hydration Sunscreen,1276,1249,false
2026-05-20,REG-NORTH,Northern Region,PROD-HS-100,Hydration Sunscreen,1278,1233,false
2026-05-21,REG-NORTH,Northern Region,PROD-HS-100,Hydration Sunscreen,1280,1274,false
2026-05-22,REG-NORTH,Northern Region,PROD-HS-100,Hydration Sunscreen,1281,1288,false
2026-05-23,REG-NORTH,Northern Region,PROD-HS-100,Hydration Sunscreen,1283,1277,false
2026-05-24,REG-NORTH,Northern Region,PROD-HS-100,Hydration Sunscreen,951,936,false
2026-05-25,REG-NORTH,Northern Region,PROD-HS-100,Hydration Sunscreen,1286,1270,false
2026-05-26,REG-NORTH,Northern Region,PROD-HS-100,Hydration Sunscreen,1288,1308,false
2026-05-27,REG-NORTH,Northern Region,PROD-HS-100,Hydration Sunscreen,1290,1249,false
2026-05-28,REG-NORTH,Northern Region,PROD-HS-100,Hydration Sunscreen,1291,1298,false
2026-05-29,REG-NORTH,Northern Region,PROD-HS-100,Hydration Sunscreen,1293,1332,false
2026-05-30,REG-NORTH,Northern Region,PROD-HS-100,Hydration Sunscreen,1295,1287,false
2026-05-31,REG-NORTH,Northern Region,PROD-HS-100,Hydration Sunscreen,959,975,false
2026-06-01,REG-NORTH,Northern Region,PROD-HS-100,Hydration Sunscreen,1298,1320,false
2026-06-02,REG-NORTH,Northern Region,PROD-HS-100,Hydration Sunscreen,1300,1337,false
2026-06-03,REG-NORTH,Northern Region,PROD-HS-100,Hydration Sunscreen,1301,1302,false
2026-06-04,REG-NORTH,Northern Region,PROD-HS-100,Hydration Sunscreen,1303,1338,false
2026-06-05,REG-NORTH,Northern Region,PROD-HS-100,Hydration Sunscreen,1304,1292,false
2026-06-06,REG-NORTH,Northern Region,PROD-HS-100,Hydration Sunscreen,1306,1348,false
2026-06-07,REG-NORTH,Northern Region,PROD-HS-100,Hydration Sunscreen,968,986,false
2026-06-08,REG-NORTH,Northern Region,PROD-HS-100,Hydration Sunscreen,1309,1311,false
2026-06-09,REG-NORTH,Northern Region,PROD-HS-100,Hydration Sunscreen,1311,1285,false
2026-06-10,REG-NORTH,Northern Region,PROD-HS-100,Hydration Sunscreen,1313,1298,false
2026-06-11,REG-NORTH,Northern Region,PROD-HS-100,Hydration Sunscreen,1314,1315,false
2026-06-12,REG-NORTH,Northern Region,PROD-HS-100,Hydration Sunscreen,1316,1322,false
2026-06-13,REG-NORTH,Northern Region,PROD-HS-100,Hydration Sunscreen,1318,1349,false
2026-06-14,REG-NORTH,Northern Region,PROD-HS-100,Hydration Sunscreen,976,956,false
2026-06-15,REG-NORTH,Northern Region,PROD-HS-100,Hydration Sunscreen,1321,1329,false
2026-06-16,REG-NORTH,Northern Region,PROD-HS-100,Hydration Sunscreen,1323,1347,false
2026-06-17,REG-NORTH,Northern Region,PROD-HS-100,Hydration Sunscreen,1324,1331,false
2026-06-18,REG-NORTH,Northern Region,PROD-HS-100,Hydration Sunscreen,1326,1312,false
2026-06-19,REG-NORTH,Northern Region,PROD-HS-100,Hydration Sunscreen,1328,1316,false
2026-06-20,REG-NORTH,Northern Region,PROD-HS-100,Hydration Sunscreen,1329,1347,false
2026-06-21,REG-NORTH,Northern Region,PROD-HS-100,Hydration Sunscreen,985,991,false
2026-06-22,REG-NORTH,Northern Region,PROD-HS-100,Hydration Sunscreen,1082,1069,false
2026-06-23,REG-NORTH,Northern Region,PROD-HS-100,Hydration Sunscreen,1087,1075,false
2026-06-24,REG-NORTH,Northern Region,PROD-HS-100,Hydration Sunscreen,1090,1079,false
2026-06-25,REG-NORTH,Northern Region,PROD-HS-100,Hydration Sunscreen,1090,1081,false
2026-06-26,REG-NORTH,Northern Region,PROD-HS-100,Hydration Sunscreen,1089,1081,false
2026-06-27,REG-NORTH,Northern Region,PROD-HS-100,Hydration Sunscreen,910,904,false
2026-06-28,REG-NORTH,Northern Region,PROD-HS-100,Hydration Sunscreen,905,901,false
2026-06-29,REG-NORTH,Northern Region,PROD-HS-100,Hydration Sunscreen,1073,1069,false
2026-06-30,REG-NORTH,Northern Region,PROD-HS-100,Hydration Sunscreen,1065,1062,false
2026-07-01,REG-NORTH,Northern Region,PROD-HS-100,Hydration Sunscreen,1056,1054,false
2026-07-02,REG-NORTH,Northern Region,PROD-HS-100,Hydration Sunscreen,1046,1045,false
2026-07-03,REG-NORTH,Northern Region,PROD-HS-100,Hydration Sunscreen,1035,1036,false
2026-07-04,REG-NORTH,Northern Region,PROD-HS-100,Hydration Sunscreen,859,861,false
2026-07-05,REG-NORTH,Northern Region,PROD-HS-100,Hydration Sunscreen,851,854,false
2026-07-06,REG-NORTH,Northern Region,PROD-HS-100,Hydration Sunscreen,1007,1011,false
2026-07-07,REG-NORTH,Northern Region,PROD-HS-100,Hydration Sunscreen,999,1005,false
2026-07-08,REG-NORTH,Northern Region,PROD-HS-100,Hydration Sunscreen,993,1000,false
2026-07-09,REG-NORTH,Northern Region,PROD-HS-100,Hydration Sunscreen,989,997,false
2026-07-10,REG-NORTH,Northern Region,PROD-HS-100,Hydration Sunscreen,987,996,false
2026-07-11,REG-NORTH,Northern Region,PROD-HS-100,Hydration Sunscreen,827,835,false
2026-07-12,REG-NORTH,Northern Region,PROD-HS-100,Hydration Sunscreen,829,838,false
2026-07-13,REG-NORTH,Northern Region,PROD-HS-100,Hydration Sunscreen,992,1005,false
2026-07-14,REG-NORTH,Northern Region,PROD-HS-100,Hydration Sunscreen,998,1012,false
2026-07-15,REG-NORTH,Northern Region,PROD-HS-100,Hydration Sunscreen,1006,1021,false
2026-07-16,REG-NORTH,Northern Region,PROD-HS-100,Hydration Sunscreen,1014,1031,false
2026-07-17,REG-NORTH,Northern Region,PROD-HS-100,Hydration Sunscreen,1024,1042,false
2026-07-18,REG-NORTH,Northern Region,PROD-HS-100,Hydration Sunscreen,867,883,false
2026-07-19,REG-NORTH,Northern Region,PROD-HS-100,Hydration Sunscreen,875,893,false
2026-07-20,REG-NORTH,Northern Region,PROD-HS-100,Hydration Sunscreen,1055,1077,false
2026-07-21,REG-NORTH,Northern Region,PROD-HS-100,Hydration Sunscreen,1064,1088,false
2026-07-22,REG-NORTH,Northern Region,PROD-HS-100,Hydration Sunscreen,1072,1097,false
2026-07-23,REG-NORTH,Northern Region,PROD-HS-100,Hydration Sunscreen,1080,1106,false
2026-07-24,REG-NORTH,Northern Region,PROD-HS-100,Hydration Sunscreen,1085,1113,false
2026-07-25,REG-NORTH,Northern Region,PROD-HS-100,Hydration Sunscreen,912,937,false
2026-07-26,REG-NORTH,Northern Region,PROD-HS-100,Hydration Sunscreen,914,939,false
2026-07-27,REG-NORTH,Northern Region,PROD-HS-100,Hydration Sunscreen,1090,1122,false
2026-07-28,REG-NORTH,Northern Region,PROD-HS-100,Hydration Sunscreen,1087,1120,false
2026-07-29,REG-NORTH,Northern Region,PROD-HS-100,Hydration Sunscreen,1083,1117,false
2026-07-30,REG-NORTH,Northern Region,PROD-HS-100,Hydration Sunscreen,1076,1112,false
2026-07-31,REG-NORTH,Northern Region,PROD-HS-100,Hydration Sunscreen,1069,1105,false
2026-08-01,REG-NORTH,Northern Region,PROD-HS-100,Hydration Sunscreen,888,919,false
2026-08-02,REG-NORTH,Northern Region,PROD-HS-100,Hydration Sunscreen,880,912,false
2026-03-02,REG-CENTRAL,Central Region,PROD-HS-100,Hydration Sunscreen,1039,1029,false
2026-03-03,REG-CENTRAL,Central Region,PROD-HS-100,Hydration Sunscreen,1040,1049,false
2026-03-04,REG-CENTRAL,Central Region,PROD-HS-100,Hydration Sunscreen,1042,1043,false
2026-03-05,REG-CENTRAL,Central Region,PROD-HS-100,Hydration Sunscreen,1043,1058,false
2026-03-06,REG-CENTRAL,Central Region,PROD-HS-100,Hydration Sunscreen,1045,1031,false
2026-03-07,REG-CENTRAL,Central Region,PROD-HS-100,Hydration Sunscreen,1046,1034,false
2026-03-08,REG-CENTRAL,Central Region,PROD-HS-100,Hydration Sunscreen,775,752,false
2026-03-09,REG-CENTRAL,Central Region,PROD-HS-100,Hydration Sunscreen,1049,1005,false
2026-03-10,REG-CENTRAL,Central Region,PROD-HS-100,Hydration Sunscreen,1051,1040,false
2026-03-11,REG-CENTRAL,Central Region,PROD-HS-100,Hydration Sunscreen,1052,1013,false
2026-03-12,REG-CENTRAL,Central Region,PROD-HS-100,Hydration Sunscreen,1054,1050,false
2026-03-13,REG-CENTRAL,Central Region,PROD-HS-100,Hydration Sunscreen,1055,1067,false
2026-03-14,REG-CENTRAL,Central Region,PROD-HS-100,Hydration Sunscreen,1057,1073,false
2026-03-15,REG-CENTRAL,Central Region,PROD-HS-100,Hydration Sunscreen,783,766,false
2026-03-16,REG-CENTRAL,Central Region,PROD-HS-100,Hydration Sunscreen,1060,1097,false
2026-03-17,REG-CENTRAL,Central Region,PROD-HS-100,Hydration Sunscreen,1061,1082,false
2026-03-18,REG-CENTRAL,Central Region,PROD-HS-100,Hydration Sunscreen,1063,1073,false
2026-03-19,REG-CENTRAL,Central Region,PROD-HS-100,Hydration Sunscreen,1064,1016,false
2026-03-20,REG-CENTRAL,Central Region,PROD-HS-100,Hydration Sunscreen,1065,1076,false
2026-03-21,REG-CENTRAL,Central Region,PROD-HS-100,Hydration Sunscreen,1067,1084,false
2026-03-22,REG-CENTRAL,Central Region,PROD-HS-100,Hydration Sunscreen,791,798,false
2026-03-23,REG-CENTRAL,Central Region,PROD-HS-100,Hydration Sunscreen,1070,1081,false
2026-03-24,REG-CENTRAL,Central Region,PROD-HS-100,Hydration Sunscreen,1071,1084,false
2026-03-25,REG-CENTRAL,Central Region,PROD-HS-100,Hydration Sunscreen,1073,1042,false
2026-03-26,REG-CENTRAL,Central Region,PROD-HS-100,Hydration Sunscreen,1074,1046,false
2026-03-27,REG-CENTRAL,Central Region,PROD-HS-100,Hydration Sunscreen,1076,1083,false
2026-03-28,REG-CENTRAL,Central Region,PROD-HS-100,Hydration Sunscreen,1077,1065,false
2026-03-29,REG-CENTRAL,Central Region,PROD-HS-100,Hydration Sunscreen,798,795,false
2026-03-30,REG-CENTRAL,Central Region,PROD-HS-100,Hydration Sunscreen,1080,1085,false
2026-03-31,REG-CENTRAL,Central Region,PROD-HS-100,Hydration Sunscreen,1082,1099,false
2026-04-01,REG-CENTRAL,Central Region,PROD-HS-100,Hydration Sunscreen,1083,1064,false
2026-04-02,REG-CENTRAL,Central Region,PROD-HS-100,Hydration Sunscreen,1085,1027,false
2026-04-03,REG-CENTRAL,Central Region,PROD-HS-100,Hydration Sunscreen,1086,1089,false
2026-04-04,REG-CENTRAL,Central Region,PROD-HS-100,Hydration Sunscreen,1088,1061,false
2026-04-05,REG-CENTRAL,Central Region,PROD-HS-100,Hydration Sunscreen,806,800,false
2026-04-06,REG-CENTRAL,Central Region,PROD-HS-100,Hydration Sunscreen,1091,1099,false
2026-04-07,REG-CENTRAL,Central Region,PROD-HS-100,Hydration Sunscreen,1092,1133,false
2026-04-08,REG-CENTRAL,Central Region,PROD-HS-100,Hydration Sunscreen,1094,1081,false
2026-04-09,REG-CENTRAL,Central Region,PROD-HS-100,Hydration Sunscreen,1095,1068,false
2026-04-10,REG-CENTRAL,Central Region,PROD-HS-100,Hydration Sunscreen,1097,1115,false
2026-04-11,REG-CENTRAL,Central Region,PROD-HS-100,Hydration Sunscreen,1098,1121,false
2026-04-12,REG-CENTRAL,Central Region,PROD-HS-100,Hydration Sunscreen,814,798,false
2026-04-13,REG-CENTRAL,Central Region,PROD-HS-100,Hydration Sunscreen,1101,1127,false
2026-04-14,REG-CENTRAL,Central Region,PROD-HS-100,Hydration Sunscreen,1103,1125,false
2026-04-15,REG-CENTRAL,Central Region,PROD-HS-100,Hydration Sunscreen,1104,1089,false
2026-04-16,REG-CENTRAL,Central Region,PROD-HS-100,Hydration Sunscreen,1106,1099,false
2026-04-17,REG-CENTRAL,Central Region,PROD-HS-100,Hydration Sunscreen,1107,1081,false
2026-04-18,REG-CENTRAL,Central Region,PROD-HS-100,Hydration Sunscreen,1109,1115,false
2026-04-19,REG-CENTRAL,Central Region,PROD-HS-100,Hydration Sunscreen,822,793,false
2026-04-20,REG-CENTRAL,Central Region,PROD-HS-100,Hydration Sunscreen,1112,1131,false
2026-04-21,REG-CENTRAL,Central Region,PROD-HS-100,Hydration Sunscreen,1113,1095,false
2026-04-22,REG-CENTRAL,Central Region,PROD-HS-100,Hydration Sunscreen,1115,1142,false
2026-04-23,REG-CENTRAL,Central Region,PROD-HS-100,Hydration Sunscreen,1116,1124,false
2026-04-24,REG-CENTRAL,Central Region,PROD-HS-100,Hydration Sunscreen,1118,1122,false
2026-04-25,REG-CENTRAL,Central Region,PROD-HS-100,Hydration Sunscreen,1119,1169,false
2026-04-26,REG-CENTRAL,Central Region,PROD-HS-100,Hydration Sunscreen,829,834,false
2026-04-27,REG-CENTRAL,Central Region,PROD-HS-100,Hydration Sunscreen,1122,1144,false
2026-04-28,REG-CENTRAL,Central Region,PROD-HS-100,Hydration Sunscreen,1124,1097,false
2026-04-29,REG-CENTRAL,Central Region,PROD-HS-100,Hydration Sunscreen,1125,1152,false
2026-04-30,REG-CENTRAL,Central Region,PROD-HS-100,Hydration Sunscreen,1127,1151,false
2026-05-01,REG-CENTRAL,Central Region,PROD-HS-100,Hydration Sunscreen,1128,1132,false
2026-05-02,REG-CENTRAL,Central Region,PROD-HS-100,Hydration Sunscreen,1130,1124,false
2026-05-03,REG-CENTRAL,Central Region,PROD-HS-100,Hydration Sunscreen,837,840,false
2026-05-04,REG-CENTRAL,Central Region,PROD-HS-100,Hydration Sunscreen,1133,1120,false
2026-05-05,REG-CENTRAL,Central Region,PROD-HS-100,Hydration Sunscreen,1134,1136,false
2026-05-06,REG-CENTRAL,Central Region,PROD-HS-100,Hydration Sunscreen,1136,1157,false
2026-05-07,REG-CENTRAL,Central Region,PROD-HS-100,Hydration Sunscreen,1137,1179,false
2026-05-08,REG-CENTRAL,Central Region,PROD-HS-100,Hydration Sunscreen,1139,1146,false
2026-05-09,REG-CENTRAL,Central Region,PROD-HS-100,Hydration Sunscreen,1140,1142,false
2026-05-10,REG-CENTRAL,Central Region,PROD-HS-100,Hydration Sunscreen,845,832,false
2026-05-11,REG-CENTRAL,Central Region,PROD-HS-100,Hydration Sunscreen,1143,1159,false
2026-05-12,REG-CENTRAL,Central Region,PROD-HS-100,Hydration Sunscreen,1144,1154,false
2026-05-13,REG-CENTRAL,Central Region,PROD-HS-100,Hydration Sunscreen,1146,1159,false
2026-05-14,REG-CENTRAL,Central Region,PROD-HS-100,Hydration Sunscreen,1147,1119,false
2026-05-15,REG-CENTRAL,Central Region,PROD-HS-100,Hydration Sunscreen,1149,1183,false
2026-05-16,REG-CENTRAL,Central Region,PROD-HS-100,Hydration Sunscreen,1150,1149,false
2026-05-17,REG-CENTRAL,Central Region,PROD-HS-100,Hydration Sunscreen,852,855,false
2026-05-18,REG-CENTRAL,Central Region,PROD-HS-100,Hydration Sunscreen,1153,1144,false
2026-05-19,REG-CENTRAL,Central Region,PROD-HS-100,Hydration Sunscreen,1155,1170,false
2026-05-20,REG-CENTRAL,Central Region,PROD-HS-100,Hydration Sunscreen,1156,1158,false
2026-05-21,REG-CENTRAL,Central Region,PROD-HS-100,Hydration Sunscreen,1158,1160,false
2026-05-22,REG-CENTRAL,Central Region,PROD-HS-100,Hydration Sunscreen,1159,1152,false
2026-05-23,REG-CENTRAL,Central Region,PROD-HS-100,Hydration Sunscreen,1161,1171,false
2026-05-24,REG-CENTRAL,Central Region,PROD-HS-100,Hydration Sunscreen,860,866,false
2026-05-25,REG-CENTRAL,Central Region,PROD-HS-100,Hydration Sunscreen,1164,1122,false
2026-05-26,REG-CENTRAL,Central Region,PROD-HS-100,Hydration Sunscreen,1165,1122,false
2026-05-27,REG-CENTRAL,Central Region,PROD-HS-100,Hydration Sunscreen,1167,1186,false
2026-05-28,REG-CENTRAL,Central Region,PROD-HS-100,Hydration Sunscreen,1168,1176,false
2026-05-29,REG-CENTRAL,Central Region,PROD-HS-100,Hydration Sunscreen,1170,1166,false
2026-05-30,REG-CENTRAL,Central Region,PROD-HS-100,Hydration Sunscreen,1171,1184,false
2026-05-31,REG-CENTRAL,Central Region,PROD-HS-100,Hydration Sunscreen,868,877,false
2026-06-01,REG-CENTRAL,Central Region,PROD-HS-100,Hydration Sunscreen,1174,1196,false
2026-06-02,REG-CENTRAL,Central Region,PROD-HS-100,Hydration Sunscreen,1176,1165,false
2026-06-03,REG-CENTRAL,Central Region,PROD-HS-100,Hydration Sunscreen,1177,1164,false
2026-06-04,REG-CENTRAL,Central Region,PROD-HS-100,Hydration Sunscreen,1179,1135,false
2026-06-05,REG-CENTRAL,Central Region,PROD-HS-100,Hydration Sunscreen,1180,1176,false
2026-06-06,REG-CENTRAL,Central Region,PROD-HS-100,Hydration Sunscreen,1182,1167,false
2026-06-07,REG-CENTRAL,Central Region,PROD-HS-100,Hydration Sunscreen,876,826,false
2026-06-08,REG-CENTRAL,Central Region,PROD-HS-100,Hydration Sunscreen,1185,1170,false
2026-06-09,REG-CENTRAL,Central Region,PROD-HS-100,Hydration Sunscreen,1186,1195,false
2026-06-10,REG-CENTRAL,Central Region,PROD-HS-100,Hydration Sunscreen,1188,1176,false
2026-06-11,REG-CENTRAL,Central Region,PROD-HS-100,Hydration Sunscreen,1189,1171,false
2026-06-12,REG-CENTRAL,Central Region,PROD-HS-100,Hydration Sunscreen,1191,1187,false
2026-06-13,REG-CENTRAL,Central Region,PROD-HS-100,Hydration Sunscreen,1192,1163,false
2026-06-14,REG-CENTRAL,Central Region,PROD-HS-100,Hydration Sunscreen,883,869,false
2026-06-15,REG-CENTRAL,Central Region,PROD-HS-100,Hydration Sunscreen,1195,1234,false
2026-06-16,REG-CENTRAL,Central Region,PROD-HS-100,Hydration Sunscreen,1197,1175,false
2026-06-17,REG-CENTRAL,Central Region,PROD-HS-100,Hydration Sunscreen,1198,1211,false
2026-06-18,REG-CENTRAL,Central Region,PROD-HS-100,Hydration Sunscreen,1200,1212,false
2026-06-19,REG-CENTRAL,Central Region,PROD-HS-100,Hydration Sunscreen,1201,1175,false
2026-06-20,REG-CENTRAL,Central Region,PROD-HS-100,Hydration Sunscreen,1203,1184,false
2026-06-21,REG-CENTRAL,Central Region,PROD-HS-100,Hydration Sunscreen,891,868,false
2026-06-22,REG-CENTRAL,Central Region,PROD-HS-100,Hydration Sunscreen,984,953,false
2026-06-23,REG-CENTRAL,Central Region,PROD-HS-100,Hydration Sunscreen,987,957,false
2026-06-24,REG-CENTRAL,Central Region,PROD-HS-100,Hydration Sunscreen,987,958,false
2026-06-25,REG-CENTRAL,Central Region,PROD-HS-100,Hydration Sunscreen,986,958,false
2026-06-26,REG-CENTRAL,Central Region,PROD-HS-100,Hydration Sunscreen,983,957,false
2026-06-27,REG-CENTRAL,Central Region,PROD-HS-100,Hydration Sunscreen,820,799,false
2026-06-28,REG-CENTRAL,Central Region,PROD-HS-100,Hydration Sunscreen,815,795,false
2026-06-29,REG-CENTRAL,Central Region,PROD-HS-100,Hydration Sunscreen,965,942,false
2026-06-30,REG-CENTRAL,Central Region,PROD-HS-100,Hydration Sunscreen,956,935,false
2026-07-01,REG-CENTRAL,Central Region,PROD-HS-100,Hydration Sunscreen,947,927,false
2026-07-02,REG-CENTRAL,Central Region,PROD-HS-100,Hydration Sunscreen,938,919,false
2026-07-03,REG-CENTRAL,Central Region,PROD-HS-100,Hydration Sunscreen,928,911,false
2026-07-04,REG-CENTRAL,Central Region,PROD-HS-100,Hydration Sunscreen,771,757,false
2026-07-05,REG-CENTRAL,Central Region,PROD-HS-100,Hydration Sunscreen,764,751,false
2026-07-06,REG-CENTRAL,Central Region,PROD-HS-100,Hydration Sunscreen,905,891,false
2026-07-07,REG-CENTRAL,Central Region,PROD-HS-100,Hydration Sunscreen,899,887,false
2026-07-08,REG-CENTRAL,Central Region,PROD-HS-100,Hydration Sunscreen,896,884,false
2026-07-09,REG-CENTRAL,Central Region,PROD-HS-100,Hydration Sunscreen,894,883,false
2026-07-10,REG-CENTRAL,Central Region,PROD-HS-100,Hydration Sunscreen,893,884,false
2026-07-11,REG-CENTRAL,Central Region,PROD-HS-100,Hydration Sunscreen,750,743,false
2026-07-12,REG-CENTRAL,Central Region,PROD-HS-100,Hydration Sunscreen,753,747,false
2026-07-13,REG-CENTRAL,Central Region,PROD-HS-100,Hydration Sunscreen,904,897,false
2026-07-14,REG-CENTRAL,Central Region,PROD-HS-100,Hydration Sunscreen,911,905,false
2026-07-15,REG-CENTRAL,Central Region,PROD-HS-100,Hydration Sunscreen,918,914,false
2026-07-16,REG-CENTRAL,Central Region,PROD-HS-100,Hydration Sunscreen,927,924,false
2026-07-17,REG-CENTRAL,Central Region,PROD-HS-100,Hydration Sunscreen,936,934,false
2026-07-18,REG-CENTRAL,Central Region,PROD-HS-100,Hydration Sunscreen,793,791,false
2026-07-19,REG-CENTRAL,Central Region,PROD-HS-100,Hydration Sunscreen,800,800,false
2026-07-20,REG-CENTRAL,Central Region,PROD-HS-100,Hydration Sunscreen,964,964,false
2026-07-21,REG-CENTRAL,Central Region,PROD-HS-100,Hydration Sunscreen,971,973,false
2026-07-22,REG-CENTRAL,Central Region,PROD-HS-100,Hydration Sunscreen,978,981,false
2026-07-23,REG-CENTRAL,Central Region,PROD-HS-100,Hydration Sunscreen,983,987,false
2026-07-24,REG-CENTRAL,Central Region,PROD-HS-100,Hydration Sunscreen,986,991,false
2026-07-25,REG-CENTRAL,Central Region,PROD-HS-100,Hydration Sunscreen,827,833,false
2026-07-26,REG-CENTRAL,Central Region,PROD-HS-100,Hydration Sunscreen,827,833,false
2026-07-27,REG-CENTRAL,Central Region,PROD-HS-100,Hydration Sunscreen,985,993,false
2026-07-28,REG-CENTRAL,Central Region,PROD-HS-100,Hydration Sunscreen,980,990,false
2026-07-29,REG-CENTRAL,Central Region,PROD-HS-100,Hydration Sunscreen,975,986,false
2026-07-30,REG-CENTRAL,Central Region,PROD-HS-100,Hydration Sunscreen,968,980,false
2026-07-31,REG-CENTRAL,Central Region,PROD-HS-100,Hydration Sunscreen,960,973,false
2026-08-01,REG-CENTRAL,Central Region,PROD-HS-100,Hydration Sunscreen,797,808,false
2026-08-02,REG-CENTRAL,Central Region,PROD-HS-100,Hydration Sunscreen,789,801,false
