issue_date,target_date,lead_days,region_id,region,uvIndex_p10,uvIndex_p50,uvIndex_p90,temperatureMeanAnomalyC_p50,uvIndexAnomaly_p50,confidence,provenance,source_label
2026-08-03,2026-08-04,1,REG-COASTAL,Coastal Region,10.922,11.056,11.19,3.433,2.574,0.95,external,Meridian Climate Services regional observation and forecast feed
2026-08-03,2026-08-05,2,REG-COASTAL,Coastal Region,10.865,11.013,11.161,3.44,2.579,0.942,external,Meridian Climate Services regional observation and forecast feed
2026-08-03,2026-08-06,3,REG-COASTAL,Coastal Region,10.94,11.102,11.264,3.353,2.513,0.935,external,Meridian Climate Services regional observation and forecast feed
2026-08-03,2026-08-07,4,REG-COASTAL,Coastal Region,11.086,11.262,11.438,3.308,2.478,0.928,external,Meridian Climate Services regional observation and forecast feed
2026-08-03,2026-08-08,5,REG-COASTAL,Coastal Region,11.012,11.202,11.392,3.271,2.451,0.921,external,Meridian Climate Services regional observation and forecast feed
2026-08-03,2026-08-09,6,REG-COASTAL,Coastal Region,11.077,11.281,11.485,3.315,2.483,0.914,external,Meridian Climate Services regional observation and forecast feed
2026-08-03,2026-08-10,7,REG-COASTAL,Coastal Region,9.988,10.206,10.424,3.222,2.412,0.908,external,Meridian Climate Services regional observation and forecast feed
2026-08-03,2026-08-11,8,REG-COASTAL,Coastal Region,10.019,10.251,10.483,3.372,2.524,0.901,external,Meridian Climate Services regional observation and forecast feed
2026-08-03,2026-08-12,9,REG-COASTAL,Coastal Region,11.094,11.34,11.586,3.253,2.435,0.895,external,Meridian Climate Services regional observation and forecast feed
2026-08-03,2026-08-13,10,REG-COASTAL,Coastal Region,11.203,11.463,11.723,3.341,2.501,0.889,external,Meridian Climate Services regional observation and forecast feed
2026-08-03,2026-08-14,11,REG-COASTAL,Coastal Region,11.229,11.503,11.777,3.407,2.55,0.883,external,Meridian Climate Services regional observation and forecast feed
2026-08-03,2026-08-15,12,REG-COASTAL,Coastal Region,11.083,11.371,11.659,3.097,2.319,0.877,external,Meridian Climate Services regional observation and forecast feed
2026-08-03,2026-08-16,13,REG-COASTAL,Coastal Region,11.184,11.486,11.788,3.078,2.306,0.872,external,Meridian Climate Services regional observation and forecast feed
2026-08-03,2026-08-17,14,REG-COASTAL,Coastal Region,11.228,11.544,11.86,3.103,2.326,0.866,external,Meridian Climate Services regional observation and forecast feed
2026-08-03,2026-08-18,15,REG-COASTAL,Coastal Region,11.112,11.442,11.772,3.182,2.387,0.86,external,Meridian Climate Services regional observation and forecast feed
2026-08-03,2026-08-19,16,REG-COASTAL,Coastal Region,10.287,10.631,10.975,3.262,2.449,0.855,external,Meridian Climate Services regional observation and forecast feed
2026-08-03,2026-08-20,17,REG-COASTAL,Coastal Region,9.982,10.34,10.698,2.99,2.246,0.849,external,Meridian Climate Services regional observation and forecast feed
2026-08-03,2026-08-21,18,REG-COASTAL,Coastal Region,11.139,11.511,11.883,2.999,2.254,0.843,external,Meridian Climate Services regional observation and forecast feed
2026-08-03,2026-08-22,19,REG-COASTAL,Coastal Region,11.199,11.585,11.971,3.068,2.309,0.838,external,Meridian Climate Services regional observation and forecast feed
2026-08-03,2026-08-23,20,REG-COASTAL,Coastal Region,9.866,10.266,10.666,2.981,2.245,0.832,external,Meridian Climate Services regional observation and forecast feed
2026-08-03,2026-08-24,21,REG-COASTAL,Coastal Region,11.074,11.488,11.902,2.975,2.243,0.827,external,Meridian Climate Services regional observation and forecast feed
2026-08-03,2026-08-25,22,REG-COASTAL,Coastal Region,11.174,11.602,12.03,3.078,2.322,0.822,external,Meridian Climate Services regional observation and forecast feed
2026-08-03,2026-08-26,23,REG-COASTAL,Coastal Region,11.138,11.58,12.022,2.983,2.252,0.816,external,Meridian Climate Services regional observation and forecast feed
2026-08-03,2026-08-27,24,REG-COASTAL,Coastal Region,10.951,11.407,11.863,2.941,2.222,0.811,external,Meridian Climate Services regional observation and forecast feed
2026-08-03,2026-08-28,25,REG-COASTAL,Coastal Region,11.006,11.476,11.946,2.97,2.244,0.806,external,Meridian Climate Services regional observation and forecast feed
2026-08-03,2026-08-29,26,REG-COASTAL,Coastal Region,9.855,10.339,10.823,2.858,2.16,0.801,external,Meridian Climate Services regional observation and forecast feed
2026-08-03,2026-08-30,27,REG-COASTAL,Coastal Region,11.015,11.513,12.011,2.95,2.229,0.795,external,Meridian Climate Services regional observation and forecast feed
2026-08-03,2026-08-31,28,REG-COASTAL,Coastal Region,11.012,11.524,12.036,2.961,2.236,0.79,external,Meridian Climate Services regional observation and forecast feed
2026-08-03,2026-09-01,29,REG-COASTAL,Coastal Region,9.676,10.202,10.728,2.812,2.123,0.785,external,Meridian Climate Services regional observation and forecast feed
2026-08-03,2026-09-02,30,REG-COASTAL,Coastal Region,10.991,11.531,12.071,2.99,2.254,0.78,external,Meridian Climate Services regional observation and forecast feed
2026-08-03,2026-08-04,1,REG-SOUTH,Southern Region,11.05,11.184,11.318,2.764,2.072,0.95,external,Meridian Climate Services regional observation and forecast feed
2026-08-03,2026-08-05,2,REG-SOUTH,Southern Region,10.978,11.126,11.274,2.676,2.006,0.942,external,Meridian Climate Services regional observation and forecast feed
2026-08-03,2026-08-06,3,REG-SOUTH,Southern Region,11.13,11.292,11.454,2.757,2.066,0.935,external,Meridian Climate Services regional observation and forecast feed
2026-08-03,2026-08-07,4,REG-SOUTH,Southern Region,11.229,11.405,11.581,2.791,2.09,0.928,external,Meridian Climate Services regional observation and forecast feed
2026-08-03,2026-08-08,5,REG-SOUTH,Southern Region,11.194,11.384,11.574,2.636,1.974,0.921,external,Meridian Climate Services regional observation and forecast feed
2026-08-03,2026-08-09,6,REG-SOUTH,Southern Region,10.249,10.453,10.657,2.721,2.039,0.914,external,Meridian Climate Services regional observation and forecast feed
2026-08-03,2026-08-10,7,REG-SOUTH,Southern Region,11.291,11.509,11.727,2.768,2.073,0.908,external,Meridian Climate Services regional observation and forecast feed
2026-08-03,2026-08-11,8,REG-SOUTH,Southern Region,11.43,11.662,11.894,2.781,2.084,0.901,external,Meridian Climate Services regional observation and forecast feed
2026-08-03,2026-08-12,9,REG-SOUTH,Southern Region,11.263,11.509,11.755,2.695,2.02,0.895,external,Meridian Climate Services regional observation and forecast feed
2026-08-03,2026-08-13,10,REG-SOUTH,Southern Region,11.244,11.504,11.764,2.613,1.959,0.889,external,Meridian Climate Services regional observation and forecast feed
2026-08-03,2026-08-14,11,REG-SOUTH,Southern Region,11.14,11.414,11.688,2.579,1.934,0.883,external,Meridian Climate Services regional observation and forecast feed
2026-08-03,2026-08-15,12,REG-SOUTH,Southern Region,11.441,11.729,12.017,2.618,1.966,0.877,external,Meridian Climate Services regional observation and forecast feed
2026-08-03,2026-08-16,13,REG-SOUTH,Southern Region,11.492,11.794,12.096,2.726,2.048,0.872,external,Meridian Climate Services regional observation and forecast feed
2026-08-03,2026-08-17,14,REG-SOUTH,Southern Region,11.185,11.501,11.817,2.508,1.887,0.866,external,Meridian Climate Services regional observation and forecast feed
2026-08-03,2026-08-18,15,REG-SOUTH,Southern Region,11.207,11.537,11.867,2.564,1.929,0.86,external,Meridian Climate Services regional observation and forecast feed
2026-08-03,2026-08-19,16,REG-SOUTH,Southern Region,11.251,11.595,11.939,2.549,1.92,0.855,external,Meridian Climate Services regional observation and forecast feed
2026-08-03,2026-08-20,17,REG-SOUTH,Southern Region,11.095,11.453,11.811,2.459,1.855,0.849,external,Meridian Climate Services regional observation and forecast feed
2026-08-03,2026-08-21,18,REG-SOUTH,Southern Region,11.214,11.586,11.958,2.499,1.886,0.843,external,Meridian Climate Services regional observation and forecast feed
2026-08-03,2026-08-22,19,REG-SOUTH,Southern Region,11.034,11.42,11.806,2.442,1.844,0.838,external,Meridian Climate Services regional observation and forecast feed
2026-08-03,2026-08-23,20,REG-SOUTH,Southern Region,11.108,11.508,11.908,2.529,1.91,0.832,external,Meridian Climate Services regional observation and forecast feed
2026-08-03,2026-08-24,21,REG-SOUTH,Southern Region,9.961,10.375,10.789,2.43,1.837,0.827,external,Meridian Climate Services regional observation and forecast feed
2026-08-03,2026-08-25,22,REG-SOUTH,Southern Region,11.008,11.436,11.864,2.461,1.859,0.822,external,Meridian Climate Services regional observation and forecast feed
2026-08-03,2026-08-26,23,REG-SOUTH,Southern Region,11.058,11.5,11.942,2.439,1.843,0.816,external,Meridian Climate Services regional observation and forecast feed
2026-08-03,2026-08-27,24,REG-SOUTH,Southern Region,10.918,11.374,11.83,2.388,1.802,0.811,external,Meridian Climate Services regional observation and forecast feed
2026-08-03,2026-08-28,25,REG-SOUTH,Southern Region,10.987,11.457,11.927,2.385,1.799,0.806,external,Meridian Climate Services regional observation and forecast feed
2026-08-03,2026-08-29,26,REG-SOUTH,Southern Region,9.898,10.382,10.866,2.57,1.935,0.801,external,Meridian Climate Services regional observation and forecast feed
2026-08-03,2026-08-30,27,REG-SOUTH,Southern Region,11.145,11.643,12.141,2.609,1.962,0.795,external,Meridian Climate Services regional observation and forecast feed
2026-08-03,2026-08-31,28,REG-SOUTH,Southern Region,11.058,11.57,12.082,2.595,1.949,0.79,external,Meridian Climate Services regional observation and forecast feed
2026-08-03,2026-09-01,29,REG-SOUTH,Southern Region,10.97,11.496,12.022,2.611,1.958,0.785,external,Meridian Climate Services regional observation and forecast feed
2026-08-03,2026-09-02,30,REG-SOUTH,Southern Region,9.942,10.482,11.022,2.483,1.857,0.78,external,Meridian Climate Services regional observation and forecast feed
2026-08-03,2026-08-04,1,REG-DELTA,Delta Region,9.816,9.95,10.084,1.913,1.434,0.95,external,Meridian Climate Services regional observation and forecast feed
2026-08-03,2026-08-05,2,REG-DELTA,Delta Region,9.961,10.109,10.257,1.999,1.498,0.942,external,Meridian Climate Services regional observation and forecast feed
2026-08-03,2026-08-06,3,REG-DELTA,Delta Region,10.935,11.097,11.259,2.016,1.512,0.935,external,Meridian Climate Services regional observation and forecast feed
2026-08-03,2026-08-07,4,REG-DELTA,Delta Region,10.927,11.103,11.279,1.974,1.48,0.928,external,Meridian Climate Services regional observation and forecast feed
2026-08-03,2026-08-08,5,REG-DELTA,Delta Region,9.631,9.821,10.011,1.815,1.362,0.921,external,Meridian Climate Services regional observation and forecast feed
2026-08-03,2026-08-09,6,REG-DELTA,Delta Region,11.093,11.297,11.501,2.017,1.512,0.914,external,Meridian Climate Services regional observation and forecast feed
2026-08-03,2026-08-10,7,REG-DELTA,Delta Region,10.88,11.098,11.316,1.896,1.423,0.908,external,Meridian Climate Services regional observation and forecast feed
2026-08-03,2026-08-11,8,REG-DELTA,Delta Region,9.826,10.058,10.29,1.99,1.496,0.901,external,Meridian Climate Services regional observation and forecast feed
2026-08-03,2026-08-12,9,REG-DELTA,Delta Region,10.726,10.972,11.218,1.863,1.401,0.895,external,Meridian Climate Services regional observation and forecast feed
2026-08-03,2026-08-13,10,REG-DELTA,Delta Region,9.727,9.987,10.247,1.869,1.407,0.889,external,Meridian Climate Services regional observation and forecast feed
2026-08-03,2026-08-14,11,REG-DELTA,Delta Region,10.898,11.172,11.446,1.926,1.451,0.883,external,Meridian Climate Services regional observation and forecast feed
2026-08-03,2026-08-15,12,REG-DELTA,Delta Region,10.795,11.083,11.371,1.866,1.407,0.877,external,Meridian Climate Services regional observation and forecast feed
2026-08-03,2026-08-16,13,REG-DELTA,Delta Region,9.695,9.997,10.299,1.83,1.381,0.872,external,Meridian Climate Services regional observation and forecast feed
2026-08-03,2026-08-17,14,REG-DELTA,Delta Region,10.768,11.084,11.4,1.87,1.411,0.866,external,Meridian Climate Services regional observation and forecast feed
2026-08-03,2026-08-18,15,REG-DELTA,Delta Region,10.745,11.075,11.405,1.842,1.391,0.86,external,Meridian Climate Services regional observation and forecast feed
2026-08-03,2026-08-19,16,REG-DELTA,Delta Region,10.616,10.96,11.304,1.79,1.354,0.855,external,Meridian Climate Services regional observation and forecast feed
2026-08-03,2026-08-20,17,REG-DELTA,Delta Region,9.585,9.943,10.301,1.908,1.441,0.849,external,Meridian Climate Services regional observation and forecast feed
2026-08-03,2026-08-21,18,REG-DELTA,Delta Region,9.688,10.06,10.432,1.833,1.385,0.843,external,Meridian Climate Services regional observation and forecast feed
2026-08-03,2026-08-22,19,REG-DELTA,Delta Region,9.637,10.023,10.409,1.851,1.398,0.838,external,Meridian Climate Services regional observation and forecast feed
2026-08-03,2026-08-23,20,REG-DELTA,Delta Region,10.936,11.336,11.736,1.939,1.462,0.832,external,Meridian Climate Services regional observation and forecast feed
2026-08-03,2026-08-24,21,REG-DELTA,Delta Region,9.372,9.786,10.2,1.846,1.391,0.827,external,Meridian Climate Services regional observation and forecast feed
2026-08-03,2026-08-25,22,REG-DELTA,Delta Region,10.739,11.167,11.595,1.93,1.452,0.822,external,Meridian Climate Services regional observation and forecast feed
2026-08-03,2026-08-26,23,REG-DELTA,Delta Region,9.644,10.086,10.528,1.965,1.476,0.816,external,Meridian Climate Services regional observation and forecast feed
2026-08-03,2026-08-27,24,REG-DELTA,Delta Region,10.675,11.131,11.587,1.921,1.44,0.811,external,Meridian Climate Services regional observation and forecast feed
2026-08-03,2026-08-28,25,REG-DELTA,Delta Region,10.572,11.042,11.512,1.86,1.391,0.806,external,Meridian Climate Services regional observation and forecast feed
2026-08-03,2026-08-29,26,REG-DELTA,Delta Region,10.608,11.092,11.576,1.942,1.45,0.801,external,Meridian Climate Services regional observation and forecast feed
2026-08-03,2026-08-30,27,REG-DELTA,Delta Region,10.539,11.037,11.535,1.886,1.406,0.795,external,Meridian Climate Services regional observation and forecast feed
2026-08-03,2026-08-31,28,REG-DELTA,Delta Region,10.645,11.157,11.669,2.054,1.528,0.79,external,Meridian Climate Services regional observation and forecast feed
2026-08-03,2026-09-01,29,REG-DELTA,Delta Region,10.669,11.195,11.721,1.92,1.425,0.785,external,Meridian Climate Services regional observation and forecast feed
2026-08-03,2026-09-02,30,REG-DELTA,Delta Region,10.644,11.184,11.724,2.018,1.496,0.78,external,Meridian Climate Services regional observation and forecast feed
2026-08-03,2026-08-04,1,REG-ISLAND,Island Region,10.914,11.048,11.182,2.489,1.868,0.95,external,Meridian Climate Services regional observation and forecast feed
2026-08-03,2026-08-05,2,REG-ISLAND,Island Region,10.98,11.128,11.276,2.41,1.808,0.942,external,Meridian Climate Services regional observation and forecast feed
2026-08-03,2026-08-06,3,REG-ISLAND,Island Region,10.701,10.863,11.025,2.458,1.843,0.935,external,Meridian Climate Services regional observation and forecast feed
2026-08-03,2026-08-07,4,REG-ISLAND,Island Region,11.028,11.204,11.38,2.474,1.857,0.928,external,Meridian Climate Services regional observation and forecast feed
2026-08-03,2026-08-08,5,REG-ISLAND,Island Region,10.849,11.039,11.229,2.504,1.881,0.921,external,Meridian Climate Services regional observation and forecast feed
2026-08-03,2026-08-09,6,REG-ISLAND,Island Region,11.032,11.236,11.44,2.484,1.867,0.914,external,Meridian Climate Services regional observation and forecast feed
2026-08-03,2026-08-10,7,REG-ISLAND,Island Region,10.815,11.033,11.251,2.386,1.794,0.908,external,Meridian Climate Services regional observation and forecast feed
2026-08-03,2026-08-11,8,REG-ISLAND,Island Region,9.754,9.986,10.218,2.344,1.764,0.901,external,Meridian Climate Services regional observation and forecast feed
2026-08-03,2026-08-12,9,REG-ISLAND,Island Region,10.912,11.158,11.404,2.382,1.793,0.895,external,Meridian Climate Services regional observation and forecast feed
2026-08-03,2026-08-13,10,REG-ISLAND,Island Region,10.867,11.127,11.387,2.399,1.806,0.889,external,Meridian Climate Services regional observation and forecast feed
2026-08-03,2026-08-14,11,REG-ISLAND,Island Region,10.888,11.162,11.436,2.41,1.815,0.883,external,Meridian Climate Services regional observation and forecast feed
2026-08-03,2026-08-15,12,REG-ISLAND,Island Region,9.933,10.221,10.509,2.373,1.787,0.877,external,Meridian Climate Services regional observation and forecast feed
2026-08-03,2026-08-16,13,REG-ISLAND,Island Region,10.586,10.888,11.19,2.324,1.75,0.872,external,Meridian Climate Services regional observation and forecast feed
2026-08-03,2026-08-17,14,REG-ISLAND,Island Region,10.871,11.187,11.503,2.418,1.82,0.866,external,Meridian Climate Services regional observation and forecast feed
2026-08-03,2026-08-18,15,REG-ISLAND,Island Region,10.837,11.167,11.497,2.44,1.836,0.86,external,Meridian Climate Services regional observation and forecast feed
2026-08-03,2026-08-19,16,REG-ISLAND,Island Region,9.595,9.939,10.283,2.34,1.76,0.855,external,Meridian Climate Services regional observation and forecast feed
2026-08-03,2026-08-20,17,REG-ISLAND,Island Region,10.946,11.304,11.662,2.471,1.857,0.849,external,Meridian Climate Services regional observation and forecast feed
2026-08-03,2026-08-21,18,REG-ISLAND,Island Region,10.927,11.299,11.671,2.494,1.872,0.843,external,Meridian Climate Services regional observation and forecast feed
2026-08-03,2026-08-22,19,REG-ISLAND,Island Region,10.822,11.208,11.594,2.404,1.803,0.838,external,Meridian Climate Services regional observation and forecast feed
2026-08-03,2026-08-23,20,REG-ISLAND,Island Region,10.881,11.281,11.681,2.394,1.793,0.832,external,Meridian Climate Services regional observation and forecast feed
2026-08-03,2026-08-24,21,REG-ISLAND,Island Region,10.045,10.459,10.873,2.526,1.89,0.827,external,Meridian Climate Services regional observation and forecast feed
2026-08-03,2026-08-25,22,REG-ISLAND,Island Region,10.824,11.252,11.68,2.44,1.823,0.822,external,Meridian Climate Services regional observation and forecast feed
2026-08-03,2026-08-26,23,REG-ISLAND,Island Region,11.06,11.502,11.944,2.5,1.865,0.816,external,Meridian Climate Services regional observation and forecast feed
2026-08-03,2026-08-27,24,REG-ISLAND,Island Region,11.074,11.53,11.986,2.471,1.841,0.811,external,Meridian Climate Services regional observation and forecast feed
2026-08-03,2026-08-28,25,REG-ISLAND,Island Region,10.083,10.553,11.023,2.546,1.895,0.806,external,Meridian Climate Services regional observation and forecast feed
2026-08-03,2026-08-29,26,REG-ISLAND,Island Region,11.062,11.546,12.03,2.5,1.859,0.801,external,Meridian Climate Services regional observation and forecast feed
2026-08-03,2026-08-30,27,REG-ISLAND,Island Region,10.322,10.82,11.318,2.677,1.99,0.795,external,Meridian Climate Services regional observation and forecast feed
2026-08-03,2026-08-31,28,REG-ISLAND,Island Region,10.148,10.66,11.172,2.64,1.961,0.79,external,Meridian Climate Services regional observation and forecast feed
2026-08-03,2026-09-01,29,REG-ISLAND,Island Region,10.105,10.631,11.157,2.569,1.908,0.785,external,Meridian Climate Services regional observation and forecast feed
2026-08-03,2026-09-02,30,REG-ISLAND,Island Region,11.303,11.843,12.383,2.592,1.925,0.78,external,Meridian Climate Services regional observation and forecast feed
2026-08-03,2026-08-04,1,REG-NORTH,Northern Region,5.788,5.922,6.056,0.114,0.085,0.932,external,Meridian Climate Services regional observation and forecast feed
2026-08-03,2026-08-05,2,REG-NORTH,Northern Region,5.662,5.81,5.958,0.111,0.084,0.925,external,Meridian Climate Services regional observation and forecast feed
2026-08-03,2026-08-06,3,REG-NORTH,Northern Region,5.784,5.946,6.108,0.108,0.081,0.919,external,Meridian Climate Services regional observation and forecast feed
2026-08-03,2026-08-07,4,REG-NORTH,Northern Region,5.837,6.013,6.189,0.119,0.09,0.912,external,Meridian Climate Services regional observation and forecast feed
2026-08-03,2026-08-08,5,REG-NORTH,Northern Region,5.746,5.936,6.126,0.111,0.083,0.906,external,Meridian Climate Services regional observation and forecast feed
2026-08-03,2026-08-09,6,REG-NORTH,Northern Region,4.726,4.93,5.134,0.108,0.081,0.9,external,Meridian Climate Services regional observation and forecast feed
2026-08-03,2026-08-10,7,REG-NORTH,Northern Region,5.78,5.998,6.216,0.109,0.082,0.894,external,Meridian Climate Services regional observation and forecast feed
2026-08-03,2026-08-11,8,REG-NORTH,Northern Region,4.761,4.993,5.225,0.108,0.081,0.888,external,Meridian Climate Services regional observation and forecast feed
2026-08-03,2026-08-12,9,REG-NORTH,Northern Region,5.836,6.082,6.328,0.102,0.076,0.882,external,Meridian Climate Services regional observation and forecast feed
2026-08-03,2026-08-13,10,REG-NORTH,Northern Region,5.718,5.978,6.238,0.105,0.079,0.877,external,Meridian Climate Services regional observation and forecast feed
2026-08-03,2026-08-14,11,REG-NORTH,Northern Region,5.937,6.211,6.485,0.113,0.085,0.871,external,Meridian Climate Services regional observation and forecast feed
2026-08-03,2026-08-15,12,REG-NORTH,Northern Region,5.846,6.134,6.422,0.109,0.082,0.865,external,Meridian Climate Services regional observation and forecast feed
2026-08-03,2026-08-16,13,REG-NORTH,Northern Region,5.795,6.097,6.399,0.111,0.082,0.86,external,Meridian Climate Services regional observation and forecast feed
2026-08-03,2026-08-17,14,REG-NORTH,Northern Region,4.808,5.124,5.44,0.112,0.084,0.854,external,Meridian Climate Services regional observation and forecast feed
2026-08-03,2026-08-18,15,REG-NORTH,Northern Region,4.934,5.264,5.594,0.126,0.095,0.849,external,Meridian Climate Services regional observation and forecast feed
2026-08-03,2026-08-19,16,REG-NORTH,Northern Region,5.899,6.243,6.587,0.121,0.091,0.843,external,Meridian Climate Services regional observation and forecast feed
2026-08-03,2026-08-20,17,REG-NORTH,Northern Region,5.875,6.233,6.591,0.128,0.096,0.838,external,Meridian Climate Services regional observation and forecast feed
2026-08-03,2026-08-21,18,REG-NORTH,Northern Region,5.964,6.336,6.708,0.13,0.099,0.833,external,Meridian Climate Services regional observation and forecast feed
2026-08-03,2026-08-22,19,REG-NORTH,Northern Region,6.076,6.462,6.848,0.135,0.102,0.827,external,Meridian Climate Services regional observation and forecast feed
2026-08-03,2026-08-23,20,REG-NORTH,Northern Region,6.064,6.464,6.864,0.139,0.105,0.822,external,Meridian Climate Services regional observation and forecast feed
2026-08-03,2026-08-24,21,REG-NORTH,Northern Region,6.078,6.492,6.906,0.145,0.11,0.817,external,Meridian Climate Services regional observation and forecast feed
2026-08-03,2026-08-25,22,REG-NORTH,Northern Region,5.004,5.432,5.86,0.142,0.108,0.811,external,Meridian Climate Services regional observation and forecast feed
2026-08-03,2026-08-26,23,REG-NORTH,Northern Region,6.008,6.45,6.892,0.143,0.109,0.806,external,Meridian Climate Services regional observation and forecast feed
2026-08-03,2026-08-27,24,REG-NORTH,Northern Region,5.009,5.465,5.921,0.145,0.11,0.801,external,Meridian Climate Services regional observation and forecast feed
2026-08-03,2026-08-28,25,REG-NORTH,Northern Region,6.135,6.605,7.075,0.146,0.111,0.796,external,Meridian Climate Services regional observation and forecast feed
2026-08-03,2026-08-29,26,REG-NORTH,Northern Region,6.181,6.665,7.149,0.149,0.112,0.791,external,Meridian Climate Services regional observation and forecast feed
2026-08-03,2026-08-30,27,REG-NORTH,Northern Region,6.208,6.706,7.204,0.145,0.11,0.785,external,Meridian Climate Services regional observation and forecast feed
2026-08-03,2026-08-31,28,REG-NORTH,Northern Region,6.354,6.866,7.378,0.139,0.105,0.78,external,Meridian Climate Services regional observation and forecast feed
2026-08-03,2026-09-01,29,REG-NORTH,Northern Region,6.155,6.681,7.207,0.137,0.104,0.775,external,Meridian Climate Services regional observation and forecast feed
2026-08-03,2026-09-02,30,REG-NORTH,Northern Region,6.381,6.921,7.461,0.13,0.098,0.77,external,Meridian Climate Services regional observation and forecast feed
2026-08-03,2026-08-04,1,REG-CENTRAL,Central Region,6.88,7.014,7.148,-0.079,-0.059,0.932,external,Meridian Climate Services regional observation and forecast feed
2026-08-03,2026-08-05,2,REG-CENTRAL,Central Region,6.84,6.988,7.136,-0.082,-0.062,0.925,external,Meridian Climate Services regional observation and forecast feed
2026-08-03,2026-08-06,3,REG-CENTRAL,Central Region,6.976,7.138,7.3,-0.081,-0.061,0.919,external,Meridian Climate Services regional observation and forecast feed
2026-08-03,2026-08-07,4,REG-CENTRAL,Central Region,6.931,7.107,7.283,-0.082,-0.062,0.912,external,Meridian Climate Services regional observation and forecast feed
2026-08-03,2026-08-08,5,REG-CENTRAL,Central Region,6.94,7.13,7.32,-0.083,-0.063,0.906,external,Meridian Climate Services regional observation and forecast feed
2026-08-03,2026-08-09,6,REG-CENTRAL,Central Region,6.929,7.133,7.337,-0.083,-0.062,0.9,external,Meridian Climate Services regional observation and forecast feed
2026-08-03,2026-08-10,7,REG-CENTRAL,Central Region,7.131,7.349,7.567,-0.083,-0.062,0.894,external,Meridian Climate Services regional observation and forecast feed
2026-08-03,2026-08-11,8,REG-CENTRAL,Central Region,7.132,7.364,7.596,-0.083,-0.062,0.888,external,Meridian Climate Services regional observation and forecast feed
2026-08-03,2026-08-12,9,REG-CENTRAL,Central Region,7.117,7.363,7.609,-0.079,-0.06,0.882,external,Meridian Climate Services regional observation and forecast feed
2026-08-03,2026-08-13,10,REG-CENTRAL,Central Region,7.304,7.564,7.824,-0.077,-0.058,0.877,external,Meridian Climate Services regional observation and forecast feed
2026-08-03,2026-08-14,11,REG-CENTRAL,Central Region,7.209,7.483,7.757,-0.075,-0.057,0.871,external,Meridian Climate Services regional observation and forecast feed
2026-08-03,2026-08-15,12,REG-CENTRAL,Central Region,7.284,7.572,7.86,-0.072,-0.053,0.865,external,Meridian Climate Services regional observation and forecast feed
2026-08-03,2026-08-16,13,REG-CENTRAL,Central Region,7.271,7.573,7.875,-0.073,-0.054,0.86,external,Meridian Climate Services regional observation and forecast feed
2026-08-03,2026-08-17,14,REG-CENTRAL,Central Region,7.314,7.63,7.946,-0.067,-0.05,0.854,external,Meridian Climate Services regional observation and forecast feed
2026-08-03,2026-08-18,15,REG-CENTRAL,Central Region,7.534,7.864,8.194,-0.064,-0.047,0.849,external,Meridian Climate Services regional observation and forecast feed
2026-08-03,2026-08-19,16,REG-CENTRAL,Central Region,7.471,7.815,8.159,-0.064,-0.047,0.843,external,Meridian Climate Services regional observation and forecast feed
2026-08-03,2026-08-20,17,REG-CENTRAL,Central Region,7.388,7.746,8.104,-0.06,-0.044,0.838,external,Meridian Climate Services regional observation and forecast feed
2026-08-03,2026-08-21,18,REG-CENTRAL,Central Region,7.453,7.825,8.197,-0.057,-0.042,0.833,external,Meridian Climate Services regional observation and forecast feed
2026-08-03,2026-08-22,19,REG-CENTRAL,Central Region,7.6,7.986,8.372,-0.06,-0.043,0.827,external,Meridian Climate Services regional observation and forecast feed
2026-08-03,2026-08-23,20,REG-CENTRAL,Central Region,7.373,7.773,8.173,-0.055,-0.04,0.822,external,Meridian Climate Services regional observation and forecast feed
2026-08-03,2026-08-24,21,REG-CENTRAL,Central Region,7.467,7.881,8.295,-0.058,-0.042,0.817,external,Meridian Climate Services regional observation and forecast feed
2026-08-03,2026-08-25,22,REG-CENTRAL,Central Region,7.437,7.865,8.293,-0.061,-0.045,0.811,external,Meridian Climate Services regional observation and forecast feed
2026-08-03,2026-08-26,23,REG-CENTRAL,Central Region,7.355,7.797,8.239,-0.062,-0.046,0.806,external,Meridian Climate Services regional observation and forecast feed
2026-08-03,2026-08-27,24,REG-CENTRAL,Central Region,7.46,7.916,8.372,-0.061,-0.045,0.801,external,Meridian Climate Services regional observation and forecast feed
2026-08-03,2026-08-28,25,REG-CENTRAL,Central Region,7.7,8.17,8.64,-0.062,-0.046,0.796,external,Meridian Climate Services regional observation and forecast feed
2026-08-03,2026-08-29,26,REG-CENTRAL,Central Region,7.574,8.058,8.542,-0.069,-0.052,0.791,external,Meridian Climate Services regional observation and forecast feed
2026-08-03,2026-08-30,27,REG-CENTRAL,Central Region,7.532,8.03,8.528,-0.075,-0.056,0.785,external,Meridian Climate Services regional observation and forecast feed
2026-08-03,2026-08-31,28,REG-CENTRAL,Central Region,7.565,8.077,8.589,-0.082,-0.062,0.78,external,Meridian Climate Services regional observation and forecast feed
2026-08-03,2026-09-01,29,REG-CENTRAL,Central Region,7.417,7.943,8.469,-0.086,-0.065,0.775,external,Meridian Climate Services regional observation and forecast feed
2026-08-03,2026-09-02,30,REG-CENTRAL,Central Region,7.718,8.258,8.798,-0.092,-0.07,0.77,external,Meridian Climate Services regional observation and forecast feed
