briefingId,issueDate,horizonDays,forecastTargetStartDate,horizonEndDate,regionIds,narrative,provenance,sourceLabel,isDecisionDay
WX-BRIEF-20260528,2026-05-28,30,2026-05-29,2026-06-27,REG-COASTAL; REG-SOUTH; REG-DELTA; REG-ISLAND; REG-NORTH; REG-CENTRAL,"MCS forecast briefing 2026-05-28: 30-day horizon through 2026-06-27. Affected-region signal remains above normal in Coastal Region (p50 UV anomaly +0.87, mean temperature anomaly +1.15 C); Southern Region (p50 UV anomaly +0.78, mean temperature anomaly +1.03 C); Delta Region (p50 UV anomaly +0.57, mean temperature anomaly +0.76 C); Island Region (p50 UV anomaly +0.7, mean temperature anomaly +0.93 C); regional mean confidence ranges from 0.85 to 0.86.",external,Meridian Climate Services regional observation and forecast feed,false
WX-BRIEF-20260601,2026-06-01,30,2026-06-02,2026-07-01,REG-COASTAL; REG-SOUTH; REG-DELTA; REG-ISLAND; REG-NORTH; REG-CENTRAL,"MCS forecast briefing 2026-06-01: 30-day horizon through 2026-07-01. Affected-region signal remains above normal in Coastal Region (p50 UV anomaly +0.88, mean temperature anomaly +1.17 C); Southern Region (p50 UV anomaly +0.8, mean temperature anomaly +1.06 C); Delta Region (p50 UV anomaly +0.59, mean temperature anomaly +0.79 C); Island Region (p50 UV anomaly +0.72, mean temperature anomaly +0.96 C); regional mean confidence ranges from 0.85 to 0.86.",external,Meridian Climate Services regional observation and forecast feed,false
WX-BRIEF-20260608,2026-06-08,30,2026-06-09,2026-07-08,REG-COASTAL; REG-SOUTH; REG-DELTA; REG-ISLAND; REG-NORTH; REG-CENTRAL,"MCS forecast briefing 2026-06-08: 30-day horizon through 2026-07-08. Affected-region signal remains above normal in Coastal Region (p50 UV anomaly +0.93, mean temperature anomaly +1.24 C); Southern Region (p50 UV anomaly +0.83, mean temperature anomaly +1.12 C); Delta Region (p50 UV anomaly +0.6, mean temperature anomaly +0.81 C); Island Region (p50 UV anomaly +0.7, mean temperature anomaly +0.93 C); regional mean confidence ranges from 0.85 to 0.86.",external,Meridian Climate Services regional observation and forecast feed,false
WX-BRIEF-20260615,2026-06-15,30,2026-06-16,2026-07-15,REG-COASTAL; REG-SOUTH; REG-DELTA; REG-ISLAND; REG-NORTH; REG-CENTRAL,"MCS forecast briefing 2026-06-15: 30-day horizon through 2026-07-15. Affected-region signal remains above normal in Coastal Region (p50 UV anomaly +0.94, mean temperature anomaly +1.25 C); Southern Region (p50 UV anomaly +0.81, mean temperature anomaly +1.08 C); Delta Region (p50 UV anomaly +0.57, mean temperature anomaly +0.75 C); Island Region (p50 UV anomaly +0.67, mean temperature anomaly +0.89 C); regional mean confidence ranges from 0.85 to 0.86.",external,Meridian Climate Services regional observation and forecast feed,false
WX-BRIEF-20260622,2026-06-22,30,2026-06-23,2026-07-22,REG-COASTAL; REG-SOUTH; REG-DELTA; REG-ISLAND; REG-NORTH; REG-CENTRAL,"MCS forecast briefing 2026-06-22: 30-day horizon through 2026-07-22. Affected-region signal remains above normal in Coastal Region (p50 UV anomaly +0.92, mean temperature anomaly +1.22 C); Southern Region (p50 UV anomaly +0.79, mean temperature anomaly +1.05 C); Delta Region (p50 UV anomaly +0.57, mean temperature anomaly +0.76 C); Island Region (p50 UV anomaly +0.69, mean temperature anomaly +0.92 C); regional mean confidence ranges from 0.85 to 0.86.",external,Meridian Climate Services regional observation and forecast feed,false
WX-BRIEF-20260629,2026-06-29,30,2026-06-30,2026-07-29,REG-COASTAL; REG-SOUTH; REG-DELTA; REG-ISLAND; REG-NORTH; REG-CENTRAL,"MCS forecast briefing 2026-06-29: 30-day horizon through 2026-07-29. Affected-region signal remains above normal in Coastal Region (p50 UV anomaly +0.94, mean temperature anomaly +1.26 C); Southern Region (p50 UV anomaly +0.81, mean temperature anomaly +1.08 C); Delta Region (p50 UV anomaly +0.57, mean temperature anomaly +0.77 C); Island Region (p50 UV anomaly +0.66, mean temperature anomaly +0.89 C); regional mean confidence ranges from 0.85 to 0.86.",external,Meridian Climate Services regional observation and forecast feed,false
WX-BRIEF-20260706,2026-07-06,30,2026-07-07,2026-08-05,REG-COASTAL; REG-SOUTH; REG-DELTA; REG-ISLAND; REG-NORTH; REG-CENTRAL,"MCS forecast briefing 2026-07-06: 30-day horizon through 2026-08-05. Affected-region signal remains above normal in Coastal Region (p50 UV anomaly +1.04, mean temperature anomaly +1.39 C); Southern Region (p50 UV anomaly +0.85, mean temperature anomaly +1.14 C); Delta Region (p50 UV anomaly +0.59, mean temperature anomaly +0.78 C); Island Region (p50 UV anomaly +0.71, mean temperature anomaly +0.93 C); regional mean confidence ranges from 0.85 to 0.86.",external,Meridian Climate Services regional observation and forecast feed,false
WX-BRIEF-20260713,2026-07-13,30,2026-07-14,2026-08-12,REG-COASTAL; REG-SOUTH; REG-DELTA; REG-ISLAND; REG-NORTH; REG-CENTRAL,"MCS forecast briefing 2026-07-13: 30-day horizon through 2026-08-12. Affected-region signal remains above normal in Coastal Region (p50 UV anomaly +1.38, mean temperature anomaly +1.83 C); Southern Region (p50 UV anomaly +1.14, mean temperature anomaly +1.52 C); Delta Region (p50 UV anomaly +0.81, mean temperature anomaly +1.08 C); Island Region (p50 UV anomaly +1, mean temperature anomaly +1.34 C); regional mean confidence ranges from 0.85 to 0.86.",external,Meridian Climate Services regional observation and forecast feed,false
WX-BRIEF-20260720,2026-07-20,30,2026-07-21,2026-08-19,REG-COASTAL; REG-SOUTH; REG-DELTA; REG-ISLAND; REG-NORTH; REG-CENTRAL,"MCS forecast briefing 2026-07-20: 30-day horizon through 2026-08-19. Affected-region signal remains above normal in Coastal Region (p50 UV anomaly +1.86, mean temperature anomaly +2.49 C); Southern Region (p50 UV anomaly +1.55, mean temperature anomaly +2.07 C); Delta Region (p50 UV anomaly +1.1, mean temperature anomaly +1.48 C); Island Region (p50 UV anomaly +1.36, mean temperature anomaly +1.81 C); regional mean confidence ranges from 0.85 to 0.86.",external,Meridian Climate Services regional observation and forecast feed,false
WX-BRIEF-20260727,2026-07-27,30,2026-07-28,2026-08-26,REG-COASTAL; REG-SOUTH; REG-DELTA; REG-ISLAND; REG-NORTH; REG-CENTRAL,"MCS forecast briefing 2026-07-27: 30-day horizon through 2026-08-26. Affected-region signal remains above normal in Coastal Region (p50 UV anomaly +2.25, mean temperature anomaly +3 C); Southern Region (p50 UV anomaly +1.84, mean temperature anomaly +2.45 C); Delta Region (p50 UV anomaly +1.33, mean temperature anomaly +1.76 C); Island Region (p50 UV anomaly +1.66, mean temperature anomaly +2.21 C); regional mean confidence ranges from 0.85 to 0.86.",external,Meridian Climate Services regional observation and forecast feed,false
WX-BRIEF-20260803,2026-08-03,30,2026-08-04,2026-09-02,REG-COASTAL; REG-SOUTH; REG-DELTA; REG-ISLAND; REG-NORTH; REG-CENTRAL,"MCS forecast briefing 2026-08-03: 30-day horizon through 2026-09-02. Affected-region signal remains above normal in Coastal Region (p50 UV anomaly +2.35, mean temperature anomaly +3.13 C); Southern Region (p50 UV anomaly +1.95, mean temperature anomaly +2.59 C); Delta Region (p50 UV anomaly +1.44, mean temperature anomaly +1.91 C); Island Region (p50 UV anomaly +1.84, mean temperature anomaly +2.46 C); regional mean confidence ranges from 0.85 to 0.86.",external,Meridian Climate Services regional observation and forecast feed,true
