briefingId,issueDate,regionId,regionName,meanUvIndexAnomalyP50,meanTemperatureAnomalyCP50,confidence,signalAffected
WX-BRIEF-20260528,2026-05-28,REG-COASTAL,Coastal Region,0.87,1.15,0.86,true
WX-BRIEF-20260528,2026-05-28,REG-SOUTH,Southern Region,0.78,1.03,0.86,true
WX-BRIEF-20260528,2026-05-28,REG-DELTA,Delta Region,0.57,0.76,0.86,true
WX-BRIEF-20260528,2026-05-28,REG-ISLAND,Island Region,0.7,0.93,0.86,true
WX-BRIEF-20260528,2026-05-28,REG-NORTH,Northern Region,0.09,0.12,0.85,false
WX-BRIEF-20260528,2026-05-28,REG-CENTRAL,Central Region,-0.05,-0.06,0.85,false
WX-BRIEF-20260601,2026-06-01,REG-COASTAL,Coastal Region,0.88,1.17,0.86,true
WX-BRIEF-20260601,2026-06-01,REG-SOUTH,Southern Region,0.8,1.06,0.86,true
WX-BRIEF-20260601,2026-06-01,REG-DELTA,Delta Region,0.59,0.79,0.86,true
WX-BRIEF-20260601,2026-06-01,REG-ISLAND,Island Region,0.72,0.96,0.86,true
WX-BRIEF-20260601,2026-06-01,REG-NORTH,Northern Region,0.09,0.12,0.85,false
WX-BRIEF-20260601,2026-06-01,REG-CENTRAL,Central Region,-0.05,-0.07,0.85,false
WX-BRIEF-20260608,2026-06-08,REG-COASTAL,Coastal Region,0.93,1.24,0.86,true
WX-BRIEF-20260608,2026-06-08,REG-SOUTH,Southern Region,0.83,1.12,0.86,true
WX-BRIEF-20260608,2026-06-08,REG-DELTA,Delta Region,0.6,0.81,0.86,true
WX-BRIEF-20260608,2026-06-08,REG-ISLAND,Island Region,0.7,0.93,0.86,true
WX-BRIEF-20260608,2026-06-08,REG-NORTH,Northern Region,0.08,0.11,0.85,false
WX-BRIEF-20260608,2026-06-08,REG-CENTRAL,Central Region,-0.06,-0.08,0.85,false
WX-BRIEF-20260615,2026-06-15,REG-COASTAL,Coastal Region,0.94,1.25,0.86,true
WX-BRIEF-20260615,2026-06-15,REG-SOUTH,Southern Region,0.81,1.08,0.86,true
WX-BRIEF-20260615,2026-06-15,REG-DELTA,Delta Region,0.57,0.75,0.86,true
WX-BRIEF-20260615,2026-06-15,REG-ISLAND,Island Region,0.67,0.89,0.86,true
WX-BRIEF-20260615,2026-06-15,REG-NORTH,Northern Region,0.08,0.11,0.85,false
WX-BRIEF-20260615,2026-06-15,REG-CENTRAL,Central Region,-0.05,-0.07,0.85,false
WX-BRIEF-20260622,2026-06-22,REG-COASTAL,Coastal Region,0.92,1.22,0.86,true
WX-BRIEF-20260622,2026-06-22,REG-SOUTH,Southern Region,0.79,1.05,0.86,true
WX-BRIEF-20260622,2026-06-22,REG-DELTA,Delta Region,0.57,0.76,0.86,true
WX-BRIEF-20260622,2026-06-22,REG-ISLAND,Island Region,0.69,0.92,0.86,true
WX-BRIEF-20260622,2026-06-22,REG-NORTH,Northern Region,0.09,0.12,0.85,false
WX-BRIEF-20260622,2026-06-22,REG-CENTRAL,Central Region,-0.05,-0.07,0.85,false
WX-BRIEF-20260629,2026-06-29,REG-COASTAL,Coastal Region,0.94,1.26,0.86,true
WX-BRIEF-20260629,2026-06-29,REG-SOUTH,Southern Region,0.81,1.08,0.86,true
WX-BRIEF-20260629,2026-06-29,REG-DELTA,Delta Region,0.57,0.77,0.86,true
WX-BRIEF-20260629,2026-06-29,REG-ISLAND,Island Region,0.66,0.89,0.86,true
WX-BRIEF-20260629,2026-06-29,REG-NORTH,Northern Region,0.08,0.11,0.85,false
WX-BRIEF-20260629,2026-06-29,REG-CENTRAL,Central Region,-0.06,-0.08,0.85,false
WX-BRIEF-20260706,2026-07-06,REG-COASTAL,Coastal Region,1.04,1.39,0.86,true
WX-BRIEF-20260706,2026-07-06,REG-SOUTH,Southern Region,0.85,1.14,0.86,true
WX-BRIEF-20260706,2026-07-06,REG-DELTA,Delta Region,0.59,0.78,0.86,true
WX-BRIEF-20260706,2026-07-06,REG-ISLAND,Island Region,0.71,0.93,0.86,true
WX-BRIEF-20260706,2026-07-06,REG-NORTH,Northern Region,0.08,0.11,0.85,false
WX-BRIEF-20260706,2026-07-06,REG-CENTRAL,Central Region,-0.06,-0.07,0.85,false
WX-BRIEF-20260713,2026-07-13,REG-COASTAL,Coastal Region,1.38,1.83,0.86,true
WX-BRIEF-20260713,2026-07-13,REG-SOUTH,Southern Region,1.14,1.52,0.86,true
WX-BRIEF-20260713,2026-07-13,REG-DELTA,Delta Region,0.81,1.08,0.86,true
WX-BRIEF-20260713,2026-07-13,REG-ISLAND,Island Region,1,1.34,0.86,true
WX-BRIEF-20260713,2026-07-13,REG-NORTH,Northern Region,0.09,0.12,0.85,false
WX-BRIEF-20260713,2026-07-13,REG-CENTRAL,Central Region,-0.05,-0.07,0.85,false
WX-BRIEF-20260720,2026-07-20,REG-COASTAL,Coastal Region,1.86,2.49,0.86,true
WX-BRIEF-20260720,2026-07-20,REG-SOUTH,Southern Region,1.55,2.07,0.86,true
WX-BRIEF-20260720,2026-07-20,REG-DELTA,Delta Region,1.1,1.48,0.86,true
WX-BRIEF-20260720,2026-07-20,REG-ISLAND,Island Region,1.36,1.81,0.86,true
WX-BRIEF-20260720,2026-07-20,REG-NORTH,Northern Region,0.08,0.11,0.85,false
WX-BRIEF-20260720,2026-07-20,REG-CENTRAL,Central Region,-0.07,-0.09,0.85,false
WX-BRIEF-20260727,2026-07-27,REG-COASTAL,Coastal Region,2.25,3,0.86,true
WX-BRIEF-20260727,2026-07-27,REG-SOUTH,Southern Region,1.84,2.45,0.86,true
WX-BRIEF-20260727,2026-07-27,REG-DELTA,Delta Region,1.33,1.76,0.86,true
WX-BRIEF-20260727,2026-07-27,REG-ISLAND,Island Region,1.66,2.21,0.86,true
WX-BRIEF-20260727,2026-07-27,REG-NORTH,Northern Region,0.08,0.11,0.85,false
WX-BRIEF-20260727,2026-07-27,REG-CENTRAL,Central Region,-0.06,-0.08,0.85,false
WX-BRIEF-20260803,2026-08-03,REG-COASTAL,Coastal Region,2.35,3.13,0.86,true
WX-BRIEF-20260803,2026-08-03,REG-SOUTH,Southern Region,1.95,2.59,0.86,true
WX-BRIEF-20260803,2026-08-03,REG-DELTA,Delta Region,1.44,1.91,0.86,true
WX-BRIEF-20260803,2026-08-03,REG-ISLAND,Island Region,1.84,2.46,0.86,true
WX-BRIEF-20260803,2026-08-03,REG-NORTH,Northern Region,0.09,0.12,0.85,false
WX-BRIEF-20260803,2026-08-03,REG-CENTRAL,Central Region,-0.05,-0.07,0.85,false
